disease_id,name,category,symptoms,severity,specialist,diet_to_eat,diet_to_avoid,workout,medicine_name,medicine_desc,base_dosage_mg,safe_tip,dangerous_myth
1,Typhoid,Infectious,"fatigue, nausea, stomach pain",9,Specialist Doctor,Boiled vegetables,Deep-fried pakoras,Light stretching,N/A - Prescription Required,Severity is high. Automatic recommendation disabled to ensure safety. Consult a doctor.,0,Saltwater gargles for throat infection.,Rubbing heavy salt on rashes.
2,Bronchitis,Respiratory,"fever, itching, stomach pain",2,General Physician,Boiled vegetables,Deep-fried pakoras,Light stretching,Cetirizine,Standard OTC Cetirizine for symptomatic relief.,650,Saltwater gargles for throat infection.,Applying Colgate/toothpaste on burns (causes infection).
3,Typhoid,Infectious,"fatigue, headache, nausea",2,General Physician,Moong Dal Khichdi,Excessive caffeine,Anulom Vilom,Cetirizine,Standard OTC Cetirizine for symptomatic relief.,250,Ginger and honey tea for sore throat.,Rubbing heavy salt on rashes.
4,Acne,Skin,"body ache, fever, itching",10,Specialist Doctor,Boiled vegetables,Spicy street food,Complete Bed Rest,N/A - Prescription Required,Severity is high. Automatic recommendation disabled to ensure safety. Consult a doctor.,0,Coconut water for rehydration.,Using battery acid for skin patches.
5,Dehydration,General,"cough, fatigue, stomach pain",8,Specialist Doctor,Papaya,Deep-fried pakoras,Light stretching,N/A - Prescription Required,Severity is high. Automatic recommendation disabled to ensure safety. Consult a doctor.,0,Jeera water for digestion.,Putting oil or ghee on open wounds.
6,Common Cold,Infectious,"body ache, fever, stomach pain",10,Specialist Doctor,Moong Dal Khichdi,Raw salads (if infectious),Anulom Vilom,N/A - Prescription Required,Severity is high. Automatic recommendation disabled to ensure safety. Consult a doctor.,0,Jeera water for digestion.,Using battery acid for skin patches.
7,Vitamin D Deficiency,General,"body ache, fever, vomiting",5,General Physician,Papaya,Raw salads (if infectious),Brisk walking,Cetirizine,Standard OTC Cetirizine for symptomatic relief.,650,Jeera water for digestion.,Applying Colgate/toothpaste on burns (causes infection).
8,Dehydration,General,"body ache, headache, stomach pain",8,Specialist Doctor,Moong Dal Khichdi,Cold drinks,Anulom Vilom,N/A - Prescription Required,Severity is high. Automatic recommendation disabled to ensure safety. Consult a doctor.,0,Jeera water for digestion.,Rubbing heavy salt on rashes.
9,Acidity,Gastrointestinal,"cough, fever, itching",5,General Physician,Curd rice,Spicy street food,Brisk walking,ORS,Standard OTC ORS for symptomatic relief.,250,Jeera water for digestion.,Rubbing heavy salt on rashes.
10,Allergic Rhinitis,Respiratory,"cough, fatigue, headache",7,Specialist Doctor,Curd rice,Cold drinks,Anulom Vilom,N/A - Prescription Required,Severity is high. Automatic recommendation disabled to ensure safety. Consult a doctor.,0,Coconut water for rehydration.,Using battery acid for skin patches.
11,Influenza,Infectious,"body ache, fever, itching",5,General Physician,Boiled vegetables,Excessive caffeine,Complete Bed Rest,Loperamide,Standard OTC Loperamide for symptomatic relief.,250,Ginger and honey tea for sore throat.,Using battery acid for skin patches.
12,Common Cold,Infectious,"body ache, itching, nausea",10,Specialist Doctor,Pomegranate,Excessive caffeine,Brisk walking,N/A - Prescription Required,Severity is high. Automatic recommendation disabled to ensure safety. Consult a doctor.,0,Ginger and honey tea for sore throat.,Putting oil or ghee on open wounds.
13,Diarrhea,Gastrointestinal,"fatigue, itching, stomach pain",5,General Physician,Pomegranate,Deep-fried pakoras,Complete Bed Rest,Paracetamol,Standard OTC Paracetamol for symptomatic relief.,650,Ginger and honey tea for sore throat.,Using battery acid for skin patches.
14,Vitamin D Deficiency,General,"body ache, fatigue, vomiting",10,Specialist Doctor,Papaya,Spicy street food,Anulom Vilom,N/A - Prescription Required,Severity is high. Automatic recommendation disabled to ensure safety. Consult a doctor.,0,Ginger and honey tea for sore throat.,Putting onions in armpits to reduce fever.
15,Eczema,Skin,"fatigue, headache, vomiting",9,Specialist Doctor,Curd rice,Excessive caffeine,Complete Bed Rest,N/A - Prescription Required,Severity is high. Automatic recommendation disabled to ensure safety. Consult a doctor.,0,Coconut water for rehydration.,Rubbing heavy salt on rashes.
16,Typhoid,Infectious,"cough, fever, nausea",4,General Physician,Boiled vegetables,Cold drinks,Anulom Vilom,ORS,Standard OTC ORS for symptomatic relief.,250,Jeera water for digestion.,Putting oil or ghee on open wounds.
17,Vitamin D Deficiency,General,"cough, fatigue, fever",10,Specialist Doctor,Moong Dal Khichdi,Cold drinks,Light stretching,N/A - Prescription Required,Severity is high. Automatic recommendation disabled to ensure safety. Consult a doctor.,0,Warm turmeric milk (Haldi Doodh) for immunity.,Rubbing heavy salt on rashes.
18,Gastritis,Gastrointestinal,"nausea, stomach pain, vomiting",7,Specialist Doctor,Papaya,Cold drinks,Complete Bed Rest,N/A - Prescription Required,Severity is high. Automatic recommendation disabled to ensure safety. Consult a doctor.,0,Ginger and honey tea for sore throat.,Applying Colgate/toothpaste on burns (causes infection).
19,Acne,Skin,"fever, headache, vomiting",2,General Physician,Boiled vegetables,Deep-fried pakoras,Light stretching,Cetirizine,Standard OTC Cetirizine for symptomatic relief.,500,Warm turmeric milk (Haldi Doodh) for immunity.,Putting onions in armpits to reduce fever.
20,Eczema,Skin,"fever, headache, stomach pain",9,Specialist Doctor,Curd rice,Deep-fried pakoras,Complete Bed Rest,N/A - Prescription Required,Severity is high. Automatic recommendation disabled to ensure safety. Consult a doctor.,0,Ginger and honey tea for sore throat.,Rubbing heavy salt on rashes.
21,Food Poisoning,Gastrointestinal,"body ache, stomach pain, vomiting",5,General Physician,Pomegranate,Cold drinks,Anulom Vilom,ORS,Standard OTC ORS for symptomatic relief.,500,Warm turmeric milk (Haldi Doodh) for immunity.,Using battery acid for skin patches.
22,Acidity,Gastrointestinal,"cough, fever, vomiting",5,General Physician,Papaya,Excessive caffeine,Light stretching,Loperamide,Standard OTC Loperamide for symptomatic relief.,650,Coconut water for rehydration.,Using battery acid for skin patches.
23,Sinusitis,Respiratory,"fatigue, itching, stomach pain",10,Specialist Doctor,Moong Dal Khichdi,Spicy street food,Brisk walking,N/A - Prescription Required,Severity is high. Automatic recommendation disabled to ensure safety. Consult a doctor.,0,Coconut water for rehydration.,Using battery acid for skin patches.
24,Anemia,General,"itching, stomach pain, vomiting",10,Specialist Doctor,Curd rice,Cold drinks,Complete Bed Rest,N/A - Prescription Required,Severity is high. Automatic recommendation disabled to ensure safety. Consult a doctor.,0,Saltwater gargles for throat infection.,Putting onions in armpits to reduce fever.
25,Sinusitis,Respiratory,"nausea, stomach pain, vomiting",6,Specialist Doctor,Boiled vegetables,Deep-fried pakoras,Brisk walking,N/A - Prescription Required,Severity is high. Automatic recommendation disabled to ensure safety. Consult a doctor.,0,Saltwater gargles for throat infection.,Rubbing heavy salt on rashes.
26,Eczema,Skin,"fatigue, headache, stomach pain",2,General Physician,Pomegranate,Spicy street food,Yoga (Pranayama),Omeprazole,Standard OTC Omeprazole for symptomatic relief.,650,Jeera water for digestion.,Putting oil or ghee on open wounds.
27,Bronchitis,Respiratory,"body ache, nausea, stomach pain",5,General Physician,Curd rice,Cold drinks,Brisk walking,Loperamide,Standard OTC Loperamide for symptomatic relief.,250,Ginger and honey tea for sore throat.,Using battery acid for skin patches.
28,Sunburn,Skin,"fever, stomach pain, vomiting",1,General Physician,Curd rice,Raw salads (if infectious),Yoga (Pranayama),Paracetamol,Standard OTC Paracetamol for symptomatic relief.,650,Ginger and honey tea for sore throat.,Applying Colgate/toothpaste on burns (causes infection).
29,Diarrhea,Gastrointestinal,"fatigue, fever, headache",4,General Physician,Papaya,Cold drinks,Anulom Vilom,ORS,Standard OTC ORS for symptomatic relief.,250,Warm turmeric milk (Haldi Doodh) for immunity.,Putting oil or ghee on open wounds.
30,Fungal Infection,Skin,"cough, fatigue, itching",2,General Physician,Boiled vegetables,Cold drinks,Complete Bed Rest,Cetirizine,Standard OTC Cetirizine for symptomatic relief.,650,Coconut water for rehydration.,Using battery acid for skin patches.
31,Food Poisoning,Gastrointestinal,"fever, headache, nausea",10,Specialist Doctor,Pomegranate,Excessive caffeine,Brisk walking,N/A - Prescription Required,Severity is high. Automatic recommendation disabled to ensure safety. Consult a doctor.,0,Ginger and honey tea for sore throat.,Rubbing heavy salt on rashes.
32,Amoebiasis,Gastrointestinal,"cough, fever, headache",1,General Physician,Pomegranate,Deep-fried pakoras,Yoga (Pranayama),Cetirizine,Standard OTC Cetirizine for symptomatic relief.,250,Warm turmeric milk (Haldi Doodh) for immunity.,Putting oil or ghee on open wounds.
33,Dengue,Infectious,"cough, fatigue, vomiting",4,General Physician,Curd rice,Cold drinks,Complete Bed Rest,Loperamide,Standard OTC Loperamide for symptomatic relief.,650,Ginger and honey tea for sore throat.,Using battery acid for skin patches.
34,Bronchitis,Respiratory,"cough, fatigue, stomach pain",4,General Physician,Moong Dal Khichdi,Deep-fried pakoras,Yoga (Pranayama),Cetirizine,Standard OTC Cetirizine for symptomatic relief.,250,Jeera water for digestion.,Applying Colgate/toothpaste on burns (causes infection).
35,Dengue,Infectious,"cough, fatigue, headache",5,General Physician,Pomegranate,Spicy street food,Brisk walking,Loperamide,Standard OTC Loperamide for symptomatic relief.,650,Jeera water for digestion.,Putting oil or ghee on open wounds.
36,Allergic Rhinitis,Respiratory,"fever, itching, nausea",7,Specialist Doctor,Boiled vegetables,Cold drinks,Complete Bed Rest,N/A - Prescription Required,Severity is high. Automatic recommendation disabled to ensure safety. Consult a doctor.,0,Ginger and honey tea for sore throat.,Rubbing heavy salt on rashes.
37,Gastritis,Gastrointestinal,"headache, itching, stomach pain",9,Specialist Doctor,Pomegranate,Deep-fried pakoras,Light stretching,N/A - Prescription Required,Severity is high. Automatic recommendation disabled to ensure safety. Consult a doctor.,0,Jeera water for digestion.,Using battery acid for skin patches.
38,Bronchitis,Respiratory,"fatigue, stomach pain, vomiting",6,Specialist Doctor,Pomegranate,Excessive caffeine,Complete Bed Rest,N/A - Prescription Required,Severity is high. Automatic recommendation disabled to ensure safety. Consult a doctor.,0,Ginger and honey tea for sore throat.,Putting oil or ghee on open wounds.
39,Eczema,Skin,"headache, stomach pain, vomiting",7,Specialist Doctor,Papaya,Spicy street food,Anulom Vilom,N/A - Prescription Required,Severity is high. Automatic recommendation disabled to ensure safety. Consult a doctor.,0,Warm turmeric milk (Haldi Doodh) for immunity.,Rubbing heavy salt on rashes.
40,Sunburn,Skin,"fatigue, headache, nausea",1,General Physician,Papaya,Cold drinks,Anulom Vilom,Paracetamol,Standard OTC Paracetamol for symptomatic relief.,650,Coconut water for rehydration.,Applying Colgate/toothpaste on burns (causes infection).
41,Diarrhea,Gastrointestinal,"fever, nausea, vomiting",9,Specialist Doctor,Boiled vegetables,Cold drinks,Complete Bed Rest,N/A - Prescription Required,Severity is high. Automatic recommendation disabled to ensure safety. Consult a doctor.,0,Ginger and honey tea for sore throat.,Using battery acid for skin patches.
42,Food Poisoning,Gastrointestinal,"body ache, fatigue, fever",4,General Physician,Curd rice,Deep-fried pakoras,Brisk walking,Cetirizine,Standard OTC Cetirizine for symptomatic relief.,250,Jeera water for digestion.,Applying Colgate/toothpaste on burns (causes infection).
43,Fungal Infection,Skin,"itching, nausea, vomiting",6,Specialist Doctor,Boiled vegetables,Deep-fried pakoras,Brisk walking,N/A - Prescription Required,Severity is high. Automatic recommendation disabled to ensure safety. Consult a doctor.,0,Coconut water for rehydration.,Putting onions in armpits to reduce fever.
44,Food Poisoning,Gastrointestinal,"nausea, stomach pain, vomiting",8,Specialist Doctor,Moong Dal Khichdi,Raw salads (if infectious),Brisk walking,N/A - Prescription Required,Severity is high. Automatic recommendation disabled to ensure safety. Consult a doctor.,0,Saltwater gargles for throat infection.,Rubbing heavy salt on rashes.
45,Bronchitis,Respiratory,"cough, fatigue, itching",9,Specialist Doctor,Boiled vegetables,Deep-fried pakoras,Yoga (Pranayama),N/A - Prescription Required,Severity is high. Automatic recommendation disabled to ensure safety. Consult a doctor.,0,Ginger and honey tea for sore throat.,Putting onions in armpits to reduce fever.
46,Amoebiasis,Gastrointestinal,"fatigue, itching, vomiting",1,General Physician,Boiled vegetables,Excessive caffeine,Light stretching,Loperamide,Standard OTC Loperamide for symptomatic relief.,250,Warm turmeric milk (Haldi Doodh) for immunity.,Putting oil or ghee on open wounds.
47,Bronchitis,Respiratory,"fatigue, fever, headache",10,Specialist Doctor,Papaya,Raw salads (if infectious),Brisk walking,N/A - Prescription Required,Severity is high. Automatic recommendation disabled to ensure safety. Consult a doctor.,0,Saltwater gargles for throat infection.,Rubbing heavy salt on rashes.
48,Anemia,General,"cough, itching, stomach pain",8,Specialist Doctor,Curd rice,Spicy street food,Complete Bed Rest,N/A - Prescription Required,Severity is high. Automatic recommendation disabled to ensure safety. Consult a doctor.,0,Ginger and honey tea for sore throat.,Rubbing heavy salt on rashes.
49,Acne,Skin,"body ache, cough, fever",7,Specialist Doctor,Moong Dal Khichdi,Spicy street food,Anulom Vilom,N/A - Prescription Required,Severity is high. Automatic recommendation disabled to ensure safety. Consult a doctor.,0,Ginger and honey tea for sore throat.,Rubbing heavy salt on rashes.
50,Food Poisoning,Gastrointestinal,"cough, fever, stomach pain",4,General Physician,Papaya,Excessive caffeine,Yoga (Pranayama),Paracetamol,Standard OTC Paracetamol for symptomatic relief.,250,Warm turmeric milk (Haldi Doodh) for immunity.,Using battery acid for skin patches.
51,Heat Rash,Skin,"body ache, cough, stomach pain",1,General Physician,Boiled vegetables,Cold drinks,Anulom Vilom,ORS,Standard OTC ORS for symptomatic relief.,500,Coconut water for rehydration.,Applying Colgate/toothpaste on burns (causes infection).
52,Acidity,Gastrointestinal,"cough, fatigue, vomiting",3,General Physician,Pomegranate,Deep-fried pakoras,Complete Bed Rest,ORS,Standard OTC ORS for symptomatic relief.,500,Saltwater gargles for throat infection.,Applying Colgate/toothpaste on burns (causes infection).
53,Sinusitis,Respiratory,"body ache, cough, fatigue",8,Specialist Doctor,Moong Dal Khichdi,Deep-fried pakoras,Complete Bed Rest,N/A - Prescription Required,Severity is high. Automatic recommendation disabled to ensure safety. Consult a doctor.,0,Jeera water for digestion.,Putting oil or ghee on open wounds.
54,Asthma,Respiratory,"body ache, fatigue, stomach pain",8,Specialist Doctor,Boiled vegetables,Excessive caffeine,Brisk walking,N/A - Prescription Required,Severity is high. Automatic recommendation disabled to ensure safety. Consult a doctor.,0,Ginger and honey tea for sore throat.,Putting onions in armpits to reduce fever.
55,Vitamin D Deficiency,General,"fatigue, itching, stomach pain",9,Specialist Doctor,Pomegranate,Raw salads (if infectious),Brisk walking,N/A - Prescription Required,Severity is high. Automatic recommendation disabled to ensure safety. Consult a doctor.,0,Coconut water for rehydration.,Applying Colgate/toothpaste on burns (causes infection).
56,Food Poisoning,Gastrointestinal,"body ache, fever, itching",8,Specialist Doctor,Pomegranate,Raw salads (if infectious),Yoga (Pranayama),N/A - Prescription Required,Severity is high. Automatic recommendation disabled to ensure safety. Consult a doctor.,0,Coconut water for rehydration.,Putting oil or ghee on open wounds.
57,Dengue,Infectious,"headache, itching, nausea",4,General Physician,Papaya,Cold drinks,Light stretching,Cetirizine,Standard OTC Cetirizine for symptomatic relief.,500,Jeera water for digestion.,Applying Colgate/toothpaste on burns (causes infection).
58,Food Poisoning,Gastrointestinal,"fatigue, nausea, stomach pain",9,Specialist Doctor,Curd rice,Deep-fried pakoras,Light stretching,N/A - Prescription Required,Severity is high. Automatic recommendation disabled to ensure safety. Consult a doctor.,0,Ginger and honey tea for sore throat.,Using battery acid for skin patches.
59,Typhoid,Infectious,"itching, nausea, vomiting",10,Specialist Doctor,Boiled vegetables,Raw salads (if infectious),Complete Bed Rest,N/A - Prescription Required,Severity is high. Automatic recommendation disabled to ensure safety. Consult a doctor.,0,Saltwater gargles for throat infection.,Rubbing heavy salt on rashes.
60,Sunburn,Skin,"body ache, cough, fatigue",6,Specialist Doctor,Moong Dal Khichdi,Excessive caffeine,Complete Bed Rest,N/A - Prescription Required,Severity is high. Automatic recommendation disabled to ensure safety. Consult a doctor.,0,Coconut water for rehydration.,Putting onions in armpits to reduce fever.
61,Food Poisoning,Gastrointestinal,"fatigue, fever, nausea",1,General Physician,Papaya,Raw salads (if infectious),Anulom Vilom,Omeprazole,Standard OTC Omeprazole for symptomatic relief.,500,Jeera water for digestion.,Applying Colgate/toothpaste on burns (causes infection).
62,Influenza,Infectious,"headache, itching, stomach pain",10,Specialist Doctor,Curd rice,Cold drinks,Anulom Vilom,N/A - Prescription Required,Severity is high. Automatic recommendation disabled to ensure safety. Consult a doctor.,0,Warm turmeric milk (Haldi Doodh) for immunity.,Rubbing heavy salt on rashes.
63,Heat Stroke,General,"headache, stomach pain, vomiting",5,General Physician,Curd rice,Deep-fried pakoras,Brisk walking,ORS,Standard OTC ORS for symptomatic relief.,650,Jeera water for digestion.,Putting onions in armpits to reduce fever.
64,Sinusitis,Respiratory,"headache, itching, stomach pain",7,Specialist Doctor,Pomegranate,Cold drinks,Yoga (Pranayama),N/A - Prescription Required,Severity is high. Automatic recommendation disabled to ensure safety. Consult a doctor.,0,Ginger and honey tea for sore throat.,Using battery acid for skin patches.
65,Fungal Infection,Skin,"fatigue, stomach pain, vomiting",2,General Physician,Boiled vegetables,Spicy street food,Brisk walking,Loperamide,Standard OTC Loperamide for symptomatic relief.,250,Ginger and honey tea for sore throat.,Using battery acid for skin patches.
66,Eczema,Skin,"body ache, itching, vomiting",5,General Physician,Moong Dal Khichdi,Deep-fried pakoras,Brisk walking,Ibuprofen,Standard OTC Ibuprofen for symptomatic relief.,250,Coconut water for rehydration.,Using battery acid for skin patches.
67,Food Poisoning,Gastrointestinal,"fatigue, headache, nausea",2,General Physician,Papaya,Spicy street food,Yoga (Pranayama),Cetirizine,Standard OTC Cetirizine for symptomatic relief.,650,Warm turmeric milk (Haldi Doodh) for immunity.,Applying Colgate/toothpaste on burns (causes infection).
68,Chickenpox,Infectious,"cough, fever, nausea",10,Specialist Doctor,Papaya,Excessive caffeine,Yoga (Pranayama),N/A - Prescription Required,Severity is high. Automatic recommendation disabled to ensure safety. Consult a doctor.,0,Ginger and honey tea for sore throat.,Putting onions in armpits to reduce fever.
69,Heat Stroke,General,"cough, fatigue, stomach pain",5,General Physician,Moong Dal Khichdi,Cold drinks,Yoga (Pranayama),Cetirizine,Standard OTC Cetirizine for symptomatic relief.,250,Saltwater gargles for throat infection.,Rubbing heavy salt on rashes.
70,Gastritis,Gastrointestinal,"fatigue, fever, vomiting",2,General Physician,Pomegranate,Cold drinks,Light stretching,Omeprazole,Standard OTC Omeprazole for symptomatic relief.,250,Saltwater gargles for throat infection.,Putting onions in armpits to reduce fever.
71,Influenza,Infectious,"fever, headache, vomiting",9,Specialist Doctor,Pomegranate,Deep-fried pakoras,Yoga (Pranayama),N/A - Prescription Required,Severity is high. Automatic recommendation disabled to ensure safety. Consult a doctor.,0,Ginger and honey tea for sore throat.,Putting onions in armpits to reduce fever.
72,Bronchitis,Respiratory,"cough, stomach pain, vomiting",8,Specialist Doctor,Pomegranate,Deep-fried pakoras,Complete Bed Rest,N/A - Prescription Required,Severity is high. Automatic recommendation disabled to ensure safety. Consult a doctor.,0,Warm turmeric milk (Haldi Doodh) for immunity.,Applying Colgate/toothpaste on burns (causes infection).
73,Dehydration,General,"fatigue, fever, vomiting",4,General Physician,Curd rice,Raw salads (if infectious),Complete Bed Rest,Omeprazole,Standard OTC Omeprazole for symptomatic relief.,650,Jeera water for digestion.,Putting oil or ghee on open wounds.
74,Sinusitis,Respiratory,"body ache, fatigue, stomach pain",6,Specialist Doctor,Curd rice,Excessive caffeine,Yoga (Pranayama),N/A - Prescription Required,Severity is high. Automatic recommendation disabled to ensure safety. Consult a doctor.,0,Coconut water for rehydration.,Applying Colgate/toothpaste on burns (causes infection).
75,Heat Stroke,General,"fatigue, headache, nausea",1,General Physician,Pomegranate,Deep-fried pakoras,Anulom Vilom,Cetirizine,Standard OTC Cetirizine for symptomatic relief.,650,Warm turmeric milk (Haldi Doodh) for immunity.,Putting oil or ghee on open wounds.
76,Anemia,General,"cough, stomach pain, vomiting",7,Specialist Doctor,Moong Dal Khichdi,Raw salads (if infectious),Yoga (Pranayama),N/A - Prescription Required,Severity is high. Automatic recommendation disabled to ensure safety. Consult a doctor.,0,Coconut water for rehydration.,Putting oil or ghee on open wounds.
77,Asthma,Respiratory,"fever, headache, nausea",7,Specialist Doctor,Moong Dal Khichdi,Deep-fried pakoras,Light stretching,N/A - Prescription Required,Severity is high. Automatic recommendation disabled to ensure safety. Consult a doctor.,0,Ginger and honey tea for sore throat.,Applying Colgate/toothpaste on burns (causes infection).
78,Acne,Skin,"body ache, cough, stomach pain",3,General Physician,Pomegranate,Cold drinks,Light stretching,Omeprazole,Standard OTC Omeprazole for symptomatic relief.,250,Warm turmeric milk (Haldi Doodh) for immunity.,Rubbing heavy salt on rashes.
79,Heat Stroke,General,"body ache, fatigue, itching",5,General Physician,Moong Dal Khichdi,Raw salads (if infectious),Complete Bed Rest,Cetirizine,Standard OTC Cetirizine for symptomatic relief.,250,Ginger and honey tea for sore throat.,Rubbing heavy salt on rashes.
80,Diarrhea,Gastrointestinal,"body ache, cough, stomach pain",8,Specialist Doctor,Boiled vegetables,Excessive caffeine,Complete Bed Rest,N/A - Prescription Required,Severity is high. Automatic recommendation disabled to ensure safety. Consult a doctor.,0,Jeera water for digestion.,Rubbing heavy salt on rashes.
81,Eczema,Skin,"body ache, fatigue, itching",2,General Physician,Boiled vegetables,Spicy street food,Brisk walking,Paracetamol,Standard OTC Paracetamol for symptomatic relief.,500,Saltwater gargles for throat infection.,Putting oil or ghee on open wounds.
82,Asthma,Respiratory,"body ache, itching, nausea",6,Specialist Doctor,Moong Dal Khichdi,Deep-fried pakoras,Anulom Vilom,N/A - Prescription Required,Severity is high. Automatic recommendation disabled to ensure safety. Consult a doctor.,0,Saltwater gargles for throat infection.,Applying Colgate/toothpaste on burns (causes infection).
83,Sunburn,Skin,"cough, fever, vomiting",4,General Physician,Boiled vegetables,Excessive caffeine,Brisk walking,Cetirizine,Standard OTC Cetirizine for symptomatic relief.,650,Coconut water for rehydration.,Putting oil or ghee on open wounds.
84,Sunburn,Skin,"headache, nausea, stomach pain",5,General Physician,Boiled vegetables,Cold drinks,Anulom Vilom,ORS,Standard OTC ORS for symptomatic relief.,250,Coconut water for rehydration.,Using battery acid for skin patches.
85,Typhoid,Infectious,"fatigue, fever, headache",7,Specialist Doctor,Papaya,Excessive caffeine,Yoga (Pranayama),N/A - Prescription Required,Severity is high. Automatic recommendation disabled to ensure safety. Consult a doctor.,0,Jeera water for digestion.,Using battery acid for skin patches.
86,Malaria,Infectious,"cough, fever, vomiting",4,General Physician,Papaya,Spicy street food,Light stretching,Ibuprofen,Standard OTC Ibuprofen for symptomatic relief.,250,Saltwater gargles for throat infection.,Applying Colgate/toothpaste on burns (causes infection).
87,Amoebiasis,Gastrointestinal,"headache, itching, stomach pain",1,General Physician,Moong Dal Khichdi,Excessive caffeine,Complete Bed Rest,Cetirizine,Standard OTC Cetirizine for symptomatic relief.,250,Warm turmeric milk (Haldi Doodh) for immunity.,Applying Colgate/toothpaste on burns (causes infection).
88,Dehydration,General,"cough, fatigue, itching",8,Specialist Doctor,Papaya,Cold drinks,Brisk walking,N/A - Prescription Required,Severity is high. Automatic recommendation disabled to ensure safety. Consult a doctor.,0,Saltwater gargles for throat infection.,Applying Colgate/toothpaste on burns (causes infection).
89,Asthma,Respiratory,"fever, headache, itching",4,General Physician,Pomegranate,Spicy street food,Brisk walking,Ibuprofen,Standard OTC Ibuprofen for symptomatic relief.,650,Ginger and honey tea for sore throat.,Rubbing heavy salt on rashes.
90,Fungal Infection,Skin,"body ache, fatigue, itching",9,Specialist Doctor,Curd rice,Raw salads (if infectious),Light stretching,N/A - Prescription Required,Severity is high. Automatic recommendation disabled to ensure safety. Consult a doctor.,0,Ginger and honey tea for sore throat.,Rubbing heavy salt on rashes.
91,Common Cold,Infectious,"headache, itching, stomach pain",5,General Physician,Curd rice,Raw salads (if infectious),Yoga (Pranayama),Omeprazole,Standard OTC Omeprazole for symptomatic relief.,250,Jeera water for digestion.,Putting oil or ghee on open wounds.
92,Vitamin D Deficiency,General,"body ache, fever, headache",7,Specialist Doctor,Curd rice,Cold drinks,Brisk walking,N/A - Prescription Required,Severity is high. Automatic recommendation disabled to ensure safety. Consult a doctor.,0,Coconut water for rehydration.,Using battery acid for skin patches.
93,Food Poisoning,Gastrointestinal,"fever, itching, vomiting",5,General Physician,Pomegranate,Excessive caffeine,Light stretching,Cetirizine,Standard OTC Cetirizine for symptomatic relief.,650,Saltwater gargles for throat infection.,Putting onions in armpits to reduce fever.
94,Acne,Skin,"fever, itching, nausea",2,General Physician,Curd rice,Raw salads (if infectious),Anulom Vilom,ORS,Standard OTC ORS for symptomatic relief.,250,Ginger and honey tea for sore throat.,Rubbing heavy salt on rashes.
95,Eczema,Skin,"cough, headache, itching",6,Specialist Doctor,Boiled vegetables,Deep-fried pakoras,Yoga (Pranayama),N/A - Prescription Required,Severity is high. Automatic recommendation disabled to ensure safety. Consult a doctor.,0,Warm turmeric milk (Haldi Doodh) for immunity.,Rubbing heavy salt on rashes.
96,Vitamin D Deficiency,General,"body ache, fever, vomiting",5,General Physician,Curd rice,Deep-fried pakoras,Brisk walking,ORS,Standard OTC ORS for symptomatic relief.,650,Ginger and honey tea for sore throat.,Rubbing heavy salt on rashes.
97,Eczema,Skin,"itching, stomach pain, vomiting",2,General Physician,Papaya,Raw salads (if infectious),Brisk walking,Cetirizine,Standard OTC Cetirizine for symptomatic relief.,500,Saltwater gargles for throat infection.,Rubbing heavy salt on rashes.
98,Fungal Infection,Skin,"cough, fever, itching",4,General Physician,Moong Dal Khichdi,Spicy street food,Light stretching,Paracetamol,Standard OTC Paracetamol for symptomatic relief.,250,Coconut water for rehydration.,Using battery acid for skin patches.
99,Influenza,Infectious,"fever, itching, stomach pain",5,General Physician,Curd rice,Deep-fried pakoras,Brisk walking,Cetirizine,Standard OTC Cetirizine for symptomatic relief.,250,Ginger and honey tea for sore throat.,Putting onions in armpits to reduce fever.
100,Gastritis,Gastrointestinal,"cough, itching, vomiting",5,General Physician,Moong Dal Khichdi,Raw salads (if infectious),Brisk walking,Paracetamol,Standard OTC Paracetamol for symptomatic relief.,500,Jeera water for digestion.,Using battery acid for skin patches.
101,Acne,Skin,"body ache, headache, stomach pain",9,Specialist Doctor,Curd rice,Deep-fried pakoras,Yoga (Pranayama),N/A - Prescription Required,Severity is high. Automatic recommendation disabled to ensure safety. Consult a doctor.,0,Saltwater gargles for throat infection.,Rubbing heavy salt on rashes.
102,Allergic Rhinitis,Respiratory,"cough, headache, stomach pain",2,General Physician,Moong Dal Khichdi,Spicy street food,Anulom Vilom,Cetirizine,Standard OTC Cetirizine for symptomatic relief.,650,Saltwater gargles for throat infection.,Putting oil or ghee on open wounds.
103,Gastritis,Gastrointestinal,"body ache, fever, headache",3,General Physician,Moong Dal Khichdi,Spicy street food,Anulom Vilom,Paracetamol,Standard OTC Paracetamol for symptomatic relief.,250,Ginger and honey tea for sore throat.,Rubbing heavy salt on rashes.
104,Sinusitis,Respiratory,"body ache, fatigue, vomiting",10,Specialist Doctor,Papaya,Deep-fried pakoras,Yoga (Pranayama),N/A - Prescription Required,Severity is high. Automatic recommendation disabled to ensure safety. Consult a doctor.,0,Ginger and honey tea for sore throat.,Rubbing heavy salt on rashes.
105,Heat Rash,Skin,"body ache, fatigue, headache",6,Specialist Doctor,Curd rice,Excessive caffeine,Yoga (Pranayama),N/A - Prescription Required,Severity is high. Automatic recommendation disabled to ensure safety. Consult a doctor.,0,Coconut water for rehydration.,Putting onions in armpits to reduce fever.
106,Heat Rash,Skin,"body ache, cough, itching",1,General Physician,Moong Dal Khichdi,Spicy street food,Yoga (Pranayama),Ibuprofen,Standard OTC Ibuprofen for symptomatic relief.,250,Warm turmeric milk (Haldi Doodh) for immunity.,Using battery acid for skin patches.
107,Amoebiasis,Gastrointestinal,"body ache, cough, headache",10,Specialist Doctor,Pomegranate,Cold drinks,Anulom Vilom,N/A - Prescription Required,Severity is high. Automatic recommendation disabled to ensure safety. Consult a doctor.,0,Coconut water for rehydration.,Using battery acid for skin patches.
108,Common Cold,Infectious,"body ache, fever, vomiting",4,General Physician,Moong Dal Khichdi,Cold drinks,Yoga (Pranayama),Loperamide,Standard OTC Loperamide for symptomatic relief.,500,Ginger and honey tea for sore throat.,Using battery acid for skin patches.
109,Amoebiasis,Gastrointestinal,"body ache, stomach pain, vomiting",7,Specialist Doctor,Moong Dal Khichdi,Spicy street food,Brisk walking,N/A - Prescription Required,Severity is high. Automatic recommendation disabled to ensure safety. Consult a doctor.,0,Coconut water for rehydration.,Using battery acid for skin patches.
110,Chickenpox,Infectious,"itching, nausea, stomach pain",10,Specialist Doctor,Curd rice,Deep-fried pakoras,Yoga (Pranayama),N/A - Prescription Required,Severity is high. Automatic recommendation disabled to ensure safety. Consult a doctor.,0,Saltwater gargles for throat infection.,Using battery acid for skin patches.
111,Influenza,Infectious,"cough, fatigue, nausea",10,Specialist Doctor,Moong Dal Khichdi,Excessive caffeine,Brisk walking,N/A - Prescription Required,Severity is high. Automatic recommendation disabled to ensure safety. Consult a doctor.,0,Ginger and honey tea for sore throat.,Rubbing heavy salt on rashes.
112,Anemia,General,"fatigue, fever, itching",7,Specialist Doctor,Papaya,Raw salads (if infectious),Yoga (Pranayama),N/A - Prescription Required,Severity is high. Automatic recommendation disabled to ensure safety. Consult a doctor.,0,Warm turmeric milk (Haldi Doodh) for immunity.,Using battery acid for skin patches.
113,Sinusitis,Respiratory,"body ache, cough, vomiting",4,General Physician,Boiled vegetables,Raw salads (if infectious),Anulom Vilom,Cetirizine,Standard OTC Cetirizine for symptomatic relief.,650,Ginger and honey tea for sore throat.,Rubbing heavy salt on rashes.
114,Sunburn,Skin,"fever, itching, stomach pain",8,Specialist Doctor,Curd rice,Excessive caffeine,Complete Bed Rest,N/A - Prescription Required,Severity is high. Automatic recommendation disabled to ensure safety. Consult a doctor.,0,Coconut water for rehydration.,Putting oil or ghee on open wounds.
115,Acidity,Gastrointestinal,"cough, fatigue, stomach pain",1,General Physician,Curd rice,Cold drinks,Brisk walking,Loperamide,Standard OTC Loperamide for symptomatic relief.,250,Ginger and honey tea for sore throat.,Using battery acid for skin patches.
116,Typhoid,Infectious,"fatigue, headache, stomach pain",10,Specialist Doctor,Curd rice,Deep-fried pakoras,Light stretching,N/A - Prescription Required,Severity is high. Automatic recommendation disabled to ensure safety. Consult a doctor.,0,Jeera water for digestion.,Putting onions in armpits to reduce fever.
117,Heat Rash,Skin,"cough, headache, stomach pain",2,General Physician,Curd rice,Excessive caffeine,Anulom Vilom,Paracetamol,Standard OTC Paracetamol for symptomatic relief.,650,Coconut water for rehydration.,Using battery acid for skin patches.
118,Acidity,Gastrointestinal,"cough, fever, itching",4,General Physician,Moong Dal Khichdi,Excessive caffeine,Brisk walking,ORS,Standard OTC ORS for symptomatic relief.,500,Ginger and honey tea for sore throat.,Using battery acid for skin patches.
119,Eczema,Skin,"fever, headache, vomiting",6,Specialist Doctor,Curd rice,Deep-fried pakoras,Brisk walking,N/A - Prescription Required,Severity is high. Automatic recommendation disabled to ensure safety. Consult a doctor.,0,Saltwater gargles for throat infection.,Using battery acid for skin patches.
120,Anemia,General,"body ache, cough, stomach pain",2,General Physician,Papaya,Raw salads (if infectious),Complete Bed Rest,Omeprazole,Standard OTC Omeprazole for symptomatic relief.,500,Warm turmeric milk (Haldi Doodh) for immunity.,Rubbing heavy salt on rashes.
121,Heat Rash,Skin,"fatigue, fever, stomach pain",3,General Physician,Papaya,Deep-fried pakoras,Brisk walking,ORS,Standard OTC ORS for symptomatic relief.,500,Coconut water for rehydration.,Applying Colgate/toothpaste on burns (causes infection).
122,Sinusitis,Respiratory,"body ache, headache, stomach pain",9,Specialist Doctor,Pomegranate,Deep-fried pakoras,Light stretching,N/A - Prescription Required,Severity is high. Automatic recommendation disabled to ensure safety. Consult a doctor.,0,Jeera water for digestion.,Using battery acid for skin patches.
123,Acidity,Gastrointestinal,"cough, headache, stomach pain",10,Specialist Doctor,Boiled vegetables,Excessive caffeine,Yoga (Pranayama),N/A - Prescription Required,Severity is high. Automatic recommendation disabled to ensure safety. Consult a doctor.,0,Jeera water for digestion.,Rubbing heavy salt on rashes.
124,Vitamin D Deficiency,General,"cough, headache, vomiting",5,General Physician,Pomegranate,Excessive caffeine,Brisk walking,Omeprazole,Standard OTC Omeprazole for symptomatic relief.,650,Warm turmeric milk (Haldi Doodh) for immunity.,Rubbing heavy salt on rashes.
125,Asthma,Respiratory,"cough, itching, vomiting",8,Specialist Doctor,Papaya,Raw salads (if infectious),Yoga (Pranayama),N/A - Prescription Required,Severity is high. Automatic recommendation disabled to ensure safety. Consult a doctor.,0,Coconut water for rehydration.,Applying Colgate/toothpaste on burns (causes infection).
126,Gastritis,Gastrointestinal,"body ache, cough, nausea",10,Specialist Doctor,Moong Dal Khichdi,Excessive caffeine,Brisk walking,N/A - Prescription Required,Severity is high. Automatic recommendation disabled to ensure safety. Consult a doctor.,0,Saltwater gargles for throat infection.,Using battery acid for skin patches.
127,Fungal Infection,Skin,"body ache, nausea, vomiting",3,General Physician,Pomegranate,Excessive caffeine,Complete Bed Rest,Omeprazole,Standard OTC Omeprazole for symptomatic relief.,250,Ginger and honey tea for sore throat.,Putting onions in armpits to reduce fever.
128,Eczema,Skin,"fever, headache, itching",2,General Physician,Papaya,Excessive caffeine,Light stretching,Cetirizine,Standard OTC Cetirizine for symptomatic relief.,500,Coconut water for rehydration.,Using battery acid for skin patches.
129,Anemia,General,"cough, nausea, vomiting",9,Specialist Doctor,Pomegranate,Spicy street food,Anulom Vilom,N/A - Prescription Required,Severity is high. Automatic recommendation disabled to ensure safety. Consult a doctor.,0,Ginger and honey tea for sore throat.,Putting oil or ghee on open wounds.
130,Vitamin D Deficiency,General,"body ache, cough, headache",9,Specialist Doctor,Boiled vegetables,Spicy street food,Brisk walking,N/A - Prescription Required,Severity is high. Automatic recommendation disabled to ensure safety. Consult a doctor.,0,Coconut water for rehydration.,Putting onions in armpits to reduce fever.
131,Heat Rash,Skin,"cough, stomach pain, vomiting",3,General Physician,Curd rice,Raw salads (if infectious),Complete Bed Rest,Ibuprofen,Standard OTC Ibuprofen for symptomatic relief.,500,Ginger and honey tea for sore throat.,Applying Colgate/toothpaste on burns (causes infection).
132,Gastritis,Gastrointestinal,"body ache, fatigue, headache",4,General Physician,Papaya,Deep-fried pakoras,Yoga (Pranayama),Omeprazole,Standard OTC Omeprazole for symptomatic relief.,500,Warm turmeric milk (Haldi Doodh) for immunity.,Using battery acid for skin patches.
133,Malaria,Infectious,"headache, nausea, stomach pain",2,General Physician,Moong Dal Khichdi,Cold drinks,Brisk walking,Cetirizine,Standard OTC Cetirizine for symptomatic relief.,650,Jeera water for digestion.,Putting onions in armpits to reduce fever.
134,Dengue,Infectious,"body ache, cough, itching",2,General Physician,Pomegranate,Spicy street food,Anulom Vilom,Cetirizine,Standard OTC Cetirizine for symptomatic relief.,500,Coconut water for rehydration.,Applying Colgate/toothpaste on burns (causes infection).
135,Fungal Infection,Skin,"cough, fever, stomach pain",3,General Physician,Boiled vegetables,Excessive caffeine,Yoga (Pranayama),Omeprazole,Standard OTC Omeprazole for symptomatic relief.,250,Warm turmeric milk (Haldi Doodh) for immunity.,Putting oil or ghee on open wounds.
136,Anemia,General,"body ache, itching, nausea",4,General Physician,Boiled vegetables,Deep-fried pakoras,Complete Bed Rest,Cetirizine,Standard OTC Cetirizine for symptomatic relief.,500,Warm turmeric milk (Haldi Doodh) for immunity.,Putting oil or ghee on open wounds.
137,Allergic Rhinitis,Respiratory,"cough, fatigue, itching",3,General Physician,Boiled vegetables,Deep-fried pakoras,Anulom Vilom,Loperamide,Standard OTC Loperamide for symptomatic relief.,500,Warm turmeric milk (Haldi Doodh) for immunity.,Using battery acid for skin patches.
138,Diarrhea,Gastrointestinal,"fatigue, headache, vomiting",4,General Physician,Curd rice,Cold drinks,Brisk walking,Cetirizine,Standard OTC Cetirizine for symptomatic relief.,250,Warm turmeric milk (Haldi Doodh) for immunity.,Applying Colgate/toothpaste on burns (causes infection).
139,Sunburn,Skin,"headache, nausea, stomach pain",6,Specialist Doctor,Moong Dal Khichdi,Raw salads (if infectious),Yoga (Pranayama),N/A - Prescription Required,Severity is high. Automatic recommendation disabled to ensure safety. Consult a doctor.,0,Warm turmeric milk (Haldi Doodh) for immunity.,Rubbing heavy salt on rashes.
140,Gastritis,Gastrointestinal,"body ache, cough, nausea",8,Specialist Doctor,Curd rice,Raw salads (if infectious),Complete Bed Rest,N/A - Prescription Required,Severity is high. Automatic recommendation disabled to ensure safety. Consult a doctor.,0,Coconut water for rehydration.,Putting onions in armpits to reduce fever.
141,Vitamin D Deficiency,General,"cough, headache, itching",7,Specialist Doctor,Boiled vegetables,Cold drinks,Complete Bed Rest,N/A - Prescription Required,Severity is high. Automatic recommendation disabled to ensure safety. Consult a doctor.,0,Saltwater gargles for throat infection.,Rubbing heavy salt on rashes.
142,Heat Stroke,General,"cough, fatigue, nausea",3,General Physician,Papaya,Raw salads (if infectious),Complete Bed Rest,Ibuprofen,Standard OTC Ibuprofen for symptomatic relief.,250,Jeera water for digestion.,Applying Colgate/toothpaste on burns (causes infection).
143,Vitamin D Deficiency,General,"cough, itching, stomach pain",3,General Physician,Papaya,Deep-fried pakoras,Complete Bed Rest,Omeprazole,Standard OTC Omeprazole for symptomatic relief.,250,Coconut water for rehydration.,Rubbing heavy salt on rashes.
144,Eczema,Skin,"body ache, cough, nausea",9,Specialist Doctor,Papaya,Cold drinks,Yoga (Pranayama),N/A - Prescription Required,Severity is high. Automatic recommendation disabled to ensure safety. Consult a doctor.,0,Jeera water for digestion.,Putting oil or ghee on open wounds.
145,Sunburn,Skin,"body ache, headache, stomach pain",4,General Physician,Pomegranate,Spicy street food,Brisk walking,Ibuprofen,Standard OTC Ibuprofen for symptomatic relief.,500,Warm turmeric milk (Haldi Doodh) for immunity.,Using battery acid for skin patches.
146,Dengue,Infectious,"fatigue, headache, nausea",8,Specialist Doctor,Pomegranate,Raw salads (if infectious),Light stretching,N/A - Prescription Required,Severity is high. Automatic recommendation disabled to ensure safety. Consult a doctor.,0,Ginger and honey tea for sore throat.,Using battery acid for skin patches.
147,Asthma,Respiratory,"fever, headache, stomach pain",5,General Physician,Boiled vegetables,Raw salads (if infectious),Brisk walking,ORS,Standard OTC ORS for symptomatic relief.,650,Jeera water for digestion.,Applying Colgate/toothpaste on burns (causes infection).
148,Amoebiasis,Gastrointestinal,"cough, headache, stomach pain",3,General Physician,Curd rice,Cold drinks,Brisk walking,Cetirizine,Standard OTC Cetirizine for symptomatic relief.,250,Coconut water for rehydration.,Putting onions in armpits to reduce fever.
149,Heat Stroke,General,"cough, fatigue, nausea",2,General Physician,Boiled vegetables,Spicy street food,Yoga (Pranayama),Ibuprofen,Standard OTC Ibuprofen for symptomatic relief.,250,Ginger and honey tea for sore throat.,Putting onions in armpits to reduce fever.
150,Sunburn,Skin,"fever, headache, nausea",8,Specialist Doctor,Pomegranate,Spicy street food,Complete Bed Rest,N/A - Prescription Required,Severity is high. Automatic recommendation disabled to ensure safety. Consult a doctor.,0,Saltwater gargles for throat infection.,Putting oil or ghee on open wounds.
151,Heat Stroke,General,"body ache, fatigue, vomiting",6,Specialist Doctor,Boiled vegetables,Deep-fried pakoras,Complete Bed Rest,N/A - Prescription Required,Severity is high. Automatic recommendation disabled to ensure safety. Consult a doctor.,0,Jeera water for digestion.,Using battery acid for skin patches.
152,Sunburn,Skin,"fatigue, fever, vomiting",5,General Physician,Curd rice,Excessive caffeine,Light stretching,Paracetamol,Standard OTC Paracetamol for symptomatic relief.,650,Ginger and honey tea for sore throat.,Putting oil or ghee on open wounds.
153,Sunburn,Skin,"fatigue, headache, vomiting",3,General Physician,Moong Dal Khichdi,Excessive caffeine,Anulom Vilom,Paracetamol,Standard OTC Paracetamol for symptomatic relief.,500,Warm turmeric milk (Haldi Doodh) for immunity.,Applying Colgate/toothpaste on burns (causes infection).
154,Bronchitis,Respiratory,"body ache, fever, nausea",5,General Physician,Curd rice,Cold drinks,Complete Bed Rest,Omeprazole,Standard OTC Omeprazole for symptomatic relief.,650,Warm turmeric milk (Haldi Doodh) for immunity.,Using battery acid for skin patches.
155,Sinusitis,Respiratory,"body ache, headache, stomach pain",1,General Physician,Boiled vegetables,Raw salads (if infectious),Complete Bed Rest,Loperamide,Standard OTC Loperamide for symptomatic relief.,500,Jeera water for digestion.,Applying Colgate/toothpaste on burns (causes infection).
156,Food Poisoning,Gastrointestinal,"body ache, cough, stomach pain",8,Specialist Doctor,Curd rice,Deep-fried pakoras,Brisk walking,N/A - Prescription Required,Severity is high. Automatic recommendation disabled to ensure safety. Consult a doctor.,0,Jeera water for digestion.,Applying Colgate/toothpaste on burns (causes infection).
157,Chickenpox,Infectious,"body ache, itching, vomiting",1,General Physician,Curd rice,Cold drinks,Yoga (Pranayama),Loperamide,Standard OTC Loperamide for symptomatic relief.,250,Jeera water for digestion.,Putting oil or ghee on open wounds.
158,Diarrhea,Gastrointestinal,"body ache, fatigue, fever",5,General Physician,Papaya,Spicy street food,Light stretching,Paracetamol,Standard OTC Paracetamol for symptomatic relief.,250,Saltwater gargles for throat infection.,Putting oil or ghee on open wounds.
159,Bronchitis,Respiratory,"body ache, fever, stomach pain",6,Specialist Doctor,Boiled vegetables,Cold drinks,Brisk walking,N/A - Prescription Required,Severity is high. Automatic recommendation disabled to ensure safety. Consult a doctor.,0,Saltwater gargles for throat infection.,Rubbing heavy salt on rashes.
160,Sinusitis,Respiratory,"fatigue, headache, stomach pain",4,General Physician,Papaya,Raw salads (if infectious),Complete Bed Rest,Paracetamol,Standard OTC Paracetamol for symptomatic relief.,500,Jeera water for digestion.,Using battery acid for skin patches.
161,Acidity,Gastrointestinal,"cough, fever, vomiting",5,General Physician,Pomegranate,Deep-fried pakoras,Anulom Vilom,Paracetamol,Standard OTC Paracetamol for symptomatic relief.,500,Jeera water for digestion.,Putting oil or ghee on open wounds.
162,Amoebiasis,Gastrointestinal,"nausea, stomach pain, vomiting",6,Specialist Doctor,Papaya,Cold drinks,Complete Bed Rest,N/A - Prescription Required,Severity is high. Automatic recommendation disabled to ensure safety. Consult a doctor.,0,Coconut water for rehydration.,Rubbing heavy salt on rashes.
163,Sunburn,Skin,"headache, nausea, vomiting",3,General Physician,Moong Dal Khichdi,Spicy street food,Anulom Vilom,Paracetamol,Standard OTC Paracetamol for symptomatic relief.,250,Warm turmeric milk (Haldi Doodh) for immunity.,Putting oil or ghee on open wounds.
164,Influenza,Infectious,"cough, headache, nausea",8,Specialist Doctor,Pomegranate,Raw salads (if infectious),Complete Bed Rest,N/A - Prescription Required,Severity is high. Automatic recommendation disabled to ensure safety. Consult a doctor.,0,Jeera water for digestion.,Putting oil or ghee on open wounds.
165,Dengue,Infectious,"fever, headache, vomiting",2,General Physician,Moong Dal Khichdi,Raw salads (if infectious),Anulom Vilom,Loperamide,Standard OTC Loperamide for symptomatic relief.,250,Saltwater gargles for throat infection.,Using battery acid for skin patches.
166,Typhoid,Infectious,"cough, fatigue, vomiting",9,Specialist Doctor,Papaya,Raw salads (if infectious),Light stretching,N/A - Prescription Required,Severity is high. Automatic recommendation disabled to ensure safety. Consult a doctor.,0,Coconut water for rehydration.,Applying Colgate/toothpaste on burns (causes infection).
167,Food Poisoning,Gastrointestinal,"body ache, fatigue, nausea",3,General Physician,Moong Dal Khichdi,Excessive caffeine,Yoga (Pranayama),Omeprazole,Standard OTC Omeprazole for symptomatic relief.,500,Warm turmeric milk (Haldi Doodh) for immunity.,Putting onions in armpits to reduce fever.
168,Chickenpox,Infectious,"cough, itching, vomiting",8,Specialist Doctor,Pomegranate,Raw salads (if infectious),Light stretching,N/A - Prescription Required,Severity is high. Automatic recommendation disabled to ensure safety. Consult a doctor.,0,Warm turmeric milk (Haldi Doodh) for immunity.,Putting onions in armpits to reduce fever.
169,Amoebiasis,Gastrointestinal,"cough, headache, vomiting",10,Specialist Doctor,Boiled vegetables,Deep-fried pakoras,Anulom Vilom,N/A - Prescription Required,Severity is high. Automatic recommendation disabled to ensure safety. Consult a doctor.,0,Jeera water for digestion.,Using battery acid for skin patches.
170,Dengue,Infectious,"cough, fatigue, vomiting",9,Specialist Doctor,Boiled vegetables,Deep-fried pakoras,Yoga (Pranayama),N/A - Prescription Required,Severity is high. Automatic recommendation disabled to ensure safety. Consult a doctor.,0,Ginger and honey tea for sore throat.,Applying Colgate/toothpaste on burns (causes infection).
171,Diarrhea,Gastrointestinal,"cough, headache, itching",7,Specialist Doctor,Pomegranate,Deep-fried pakoras,Brisk walking,N/A - Prescription Required,Severity is high. Automatic recommendation disabled to ensure safety. Consult a doctor.,0,Saltwater gargles for throat infection.,Applying Colgate/toothpaste on burns (causes infection).
172,Sunburn,Skin,"fever, nausea, stomach pain",9,Specialist Doctor,Papaya,Raw salads (if infectious),Yoga (Pranayama),N/A - Prescription Required,Severity is high. Automatic recommendation disabled to ensure safety. Consult a doctor.,0,Coconut water for rehydration.,Using battery acid for skin patches.
173,Gastritis,Gastrointestinal,"headache, itching, stomach pain",4,General Physician,Papaya,Excessive caffeine,Light stretching,Cetirizine,Standard OTC Cetirizine for symptomatic relief.,650,Jeera water for digestion.,Using battery acid for skin patches.
174,Eczema,Skin,"body ache, fatigue, nausea",5,General Physician,Papaya,Spicy street food,Brisk walking,Ibuprofen,Standard OTC Ibuprofen for symptomatic relief.,500,Ginger and honey tea for sore throat.,Putting onions in armpits to reduce fever.
175,Typhoid,Infectious,"fatigue, headache, itching",6,Specialist Doctor,Moong Dal Khichdi,Spicy street food,Yoga (Pranayama),N/A - Prescription Required,Severity is high. Automatic recommendation disabled to ensure safety. Consult a doctor.,0,Ginger and honey tea for sore throat.,Rubbing heavy salt on rashes.
176,Gastritis,Gastrointestinal,"headache, nausea, vomiting",10,Specialist Doctor,Moong Dal Khichdi,Deep-fried pakoras,Anulom Vilom,N/A - Prescription Required,Severity is high. Automatic recommendation disabled to ensure safety. Consult a doctor.,0,Jeera water for digestion.,Rubbing heavy salt on rashes.
177,Heat Stroke,General,"cough, headache, nausea",6,Specialist Doctor,Papaya,Cold drinks,Anulom Vilom,N/A - Prescription Required,Severity is high. Automatic recommendation disabled to ensure safety. Consult a doctor.,0,Warm turmeric milk (Haldi Doodh) for immunity.,Putting oil or ghee on open wounds.
178,Asthma,Respiratory,"cough, fever, headache",2,General Physician,Moong Dal Khichdi,Deep-fried pakoras,Complete Bed Rest,Loperamide,Standard OTC Loperamide for symptomatic relief.,500,Coconut water for rehydration.,Applying Colgate/toothpaste on burns (causes infection).
179,Sunburn,Skin,"cough, itching, nausea",9,Specialist Doctor,Pomegranate,Deep-fried pakoras,Light stretching,N/A - Prescription Required,Severity is high. Automatic recommendation disabled to ensure safety. Consult a doctor.,0,Ginger and honey tea for sore throat.,Applying Colgate/toothpaste on burns (causes infection).
180,Sinusitis,Respiratory,"body ache, fever, itching",5,General Physician,Curd rice,Deep-fried pakoras,Anulom Vilom,ORS,Standard OTC ORS for symptomatic relief.,650,Jeera water for digestion.,Using battery acid for skin patches.
181,Vitamin D Deficiency,General,"cough, fatigue, stomach pain",9,Specialist Doctor,Moong Dal Khichdi,Spicy street food,Light stretching,N/A - Prescription Required,Severity is high. Automatic recommendation disabled to ensure safety. Consult a doctor.,0,Jeera water for digestion.,Using battery acid for skin patches.
182,Eczema,Skin,"body ache, fatigue, fever",5,General Physician,Papaya,Cold drinks,Complete Bed Rest,ORS,Standard OTC ORS for symptomatic relief.,250,Warm turmeric milk (Haldi Doodh) for immunity.,Rubbing heavy salt on rashes.
183,Dengue,Infectious,"fatigue, fever, nausea",8,Specialist Doctor,Boiled vegetables,Cold drinks,Anulom Vilom,N/A - Prescription Required,Severity is high. Automatic recommendation disabled to ensure safety. Consult a doctor.,0,Saltwater gargles for throat infection.,Using battery acid for skin patches.
184,Anemia,General,"body ache, headache, stomach pain",4,General Physician,Papaya,Deep-fried pakoras,Brisk walking,Ibuprofen,Standard OTC Ibuprofen for symptomatic relief.,650,Coconut water for rehydration.,Putting onions in armpits to reduce fever.
185,Acidity,Gastrointestinal,"cough, fever, itching",3,General Physician,Curd rice,Spicy street food,Yoga (Pranayama),Paracetamol,Standard OTC Paracetamol for symptomatic relief.,250,Ginger and honey tea for sore throat.,Using battery acid for skin patches.
186,Vitamin D Deficiency,General,"itching, nausea, stomach pain",1,General Physician,Papaya,Cold drinks,Complete Bed Rest,Paracetamol,Standard OTC Paracetamol for symptomatic relief.,650,Saltwater gargles for throat infection.,Putting onions in armpits to reduce fever.
187,Acidity,Gastrointestinal,"itching, nausea, stomach pain",6,Specialist Doctor,Papaya,Deep-fried pakoras,Anulom Vilom,N/A - Prescription Required,Severity is high. Automatic recommendation disabled to ensure safety. Consult a doctor.,0,Saltwater gargles for throat infection.,Rubbing heavy salt on rashes.
188,Food Poisoning,Gastrointestinal,"itching, nausea, stomach pain",10,Specialist Doctor,Moong Dal Khichdi,Excessive caffeine,Brisk walking,N/A - Prescription Required,Severity is high. Automatic recommendation disabled to ensure safety. Consult a doctor.,0,Coconut water for rehydration.,Rubbing heavy salt on rashes.
189,Amoebiasis,Gastrointestinal,"fatigue, fever, vomiting",1,General Physician,Boiled vegetables,Cold drinks,Brisk walking,Cetirizine,Standard OTC Cetirizine for symptomatic relief.,650,Coconut water for rehydration.,Rubbing heavy salt on rashes.
190,Food Poisoning,Gastrointestinal,"body ache, headache, stomach pain",10,Specialist Doctor,Papaya,Raw salads (if infectious),Light stretching,N/A - Prescription Required,Severity is high. Automatic recommendation disabled to ensure safety. Consult a doctor.,0,Coconut water for rehydration.,Putting onions in armpits to reduce fever.
191,Eczema,Skin,"fatigue, itching, vomiting",4,General Physician,Curd rice,Cold drinks,Yoga (Pranayama),Omeprazole,Standard OTC Omeprazole for symptomatic relief.,250,Ginger and honey tea for sore throat.,Rubbing heavy salt on rashes.
192,Asthma,Respiratory,"headache, itching, vomiting",1,General Physician,Boiled vegetables,Raw salads (if infectious),Light stretching,Cetirizine,Standard OTC Cetirizine for symptomatic relief.,650,Jeera water for digestion.,Using battery acid for skin patches.
193,Typhoid,Infectious,"cough, fatigue, itching",4,General Physician,Pomegranate,Excessive caffeine,Yoga (Pranayama),Ibuprofen,Standard OTC Ibuprofen for symptomatic relief.,500,Coconut water for rehydration.,Using battery acid for skin patches.
194,Vitamin D Deficiency,General,"body ache, nausea, vomiting",9,Specialist Doctor,Moong Dal Khichdi,Cold drinks,Complete Bed Rest,N/A - Prescription Required,Severity is high. Automatic recommendation disabled to ensure safety. Consult a doctor.,0,Jeera water for digestion.,Rubbing heavy salt on rashes.
195,Influenza,Infectious,"cough, fever, vomiting",8,Specialist Doctor,Pomegranate,Raw salads (if infectious),Complete Bed Rest,N/A - Prescription Required,Severity is high. Automatic recommendation disabled to ensure safety. Consult a doctor.,0,Ginger and honey tea for sore throat.,Putting onions in armpits to reduce fever.
196,Heat Stroke,General,"cough, headache, stomach pain",8,Specialist Doctor,Papaya,Raw salads (if infectious),Complete Bed Rest,N/A - Prescription Required,Severity is high. Automatic recommendation disabled to ensure safety. Consult a doctor.,0,Saltwater gargles for throat infection.,Putting onions in armpits to reduce fever.
197,Heat Rash,Skin,"body ache, cough, fatigue",4,General Physician,Moong Dal Khichdi,Deep-fried pakoras,Complete Bed Rest,Loperamide,Standard OTC Loperamide for symptomatic relief.,650,Jeera water for digestion.,Using battery acid for skin patches.
198,Anemia,General,"cough, stomach pain, vomiting",4,General Physician,Moong Dal Khichdi,Deep-fried pakoras,Anulom Vilom,Ibuprofen,Standard OTC Ibuprofen for symptomatic relief.,500,Jeera water for digestion.,Rubbing heavy salt on rashes.
199,Acne,Skin,"cough, fever, headache",1,General Physician,Moong Dal Khichdi,Cold drinks,Yoga (Pranayama),Loperamide,Standard OTC Loperamide for symptomatic relief.,250,Jeera water for digestion.,Putting onions in armpits to reduce fever.
200,Allergic Rhinitis,Respiratory,"cough, fever, nausea",3,General Physician,Papaya,Spicy street food,Light stretching,Loperamide,Standard OTC Loperamide for symptomatic relief.,650,Warm turmeric milk (Haldi Doodh) for immunity.,Putting oil or ghee on open wounds.
201,Acne,Skin,"cough, headache, itching",6,Specialist Doctor,Pomegranate,Deep-fried pakoras,Anulom Vilom,N/A - Prescription Required,Severity is high. Automatic recommendation disabled to ensure safety. Consult a doctor.,0,Jeera water for digestion.,Putting oil or ghee on open wounds.
202,Common Cold,Infectious,"body ache, cough, nausea",7,Specialist Doctor,Boiled vegetables,Raw salads (if infectious),Light stretching,N/A - Prescription Required,Severity is high. Automatic recommendation disabled to ensure safety. Consult a doctor.,0,Coconut water for rehydration.,Rubbing heavy salt on rashes.
203,Influenza,Infectious,"body ache, headache, stomach pain",5,General Physician,Curd rice,Raw salads (if infectious),Yoga (Pranayama),Omeprazole,Standard OTC Omeprazole for symptomatic relief.,500,Warm turmeric milk (Haldi Doodh) for immunity.,Rubbing heavy salt on rashes.
204,Typhoid,Infectious,"cough, headache, stomach pain",6,Specialist Doctor,Moong Dal Khichdi,Cold drinks,Complete Bed Rest,N/A - Prescription Required,Severity is high. Automatic recommendation disabled to ensure safety. Consult a doctor.,0,Saltwater gargles for throat infection.,Putting oil or ghee on open wounds.
205,Acidity,Gastrointestinal,"fatigue, nausea, vomiting",4,General Physician,Papaya,Raw salads (if infectious),Complete Bed Rest,Cetirizine,Standard OTC Cetirizine for symptomatic relief.,500,Jeera water for digestion.,Putting onions in armpits to reduce fever.
206,Dehydration,General,"headache, itching, stomach pain",9,Specialist Doctor,Pomegranate,Spicy street food,Anulom Vilom,N/A - Prescription Required,Severity is high. Automatic recommendation disabled to ensure safety. Consult a doctor.,0,Ginger and honey tea for sore throat.,Rubbing heavy salt on rashes.
207,Dengue,Infectious,"body ache, fatigue, nausea",10,Specialist Doctor,Boiled vegetables,Cold drinks,Anulom Vilom,N/A - Prescription Required,Severity is high. Automatic recommendation disabled to ensure safety. Consult a doctor.,0,Jeera water for digestion.,Rubbing heavy salt on rashes.
208,Acidity,Gastrointestinal,"fever, itching, nausea",4,General Physician,Papaya,Spicy street food,Anulom Vilom,Loperamide,Standard OTC Loperamide for symptomatic relief.,500,Ginger and honey tea for sore throat.,Using battery acid for skin patches.
209,Anemia,General,"body ache, itching, stomach pain",10,Specialist Doctor,Pomegranate,Cold drinks,Brisk walking,N/A - Prescription Required,Severity is high. Automatic recommendation disabled to ensure safety. Consult a doctor.,0,Saltwater gargles for throat infection.,Putting oil or ghee on open wounds.
210,Anemia,General,"cough, fatigue, itching",2,General Physician,Pomegranate,Raw salads (if infectious),Anulom Vilom,Loperamide,Standard OTC Loperamide for symptomatic relief.,250,Warm turmeric milk (Haldi Doodh) for immunity.,Rubbing heavy salt on rashes.
211,Heat Stroke,General,"fever, nausea, vomiting",9,Specialist Doctor,Boiled vegetables,Deep-fried pakoras,Anulom Vilom,N/A - Prescription Required,Severity is high. Automatic recommendation disabled to ensure safety. Consult a doctor.,0,Warm turmeric milk (Haldi Doodh) for immunity.,Putting onions in armpits to reduce fever.
212,Dehydration,General,"cough, fatigue, stomach pain",10,Specialist Doctor,Papaya,Raw salads (if infectious),Brisk walking,N/A - Prescription Required,Severity is high. Automatic recommendation disabled to ensure safety. Consult a doctor.,0,Saltwater gargles for throat infection.,Putting onions in armpits to reduce fever.
213,Gastritis,Gastrointestinal,"fatigue, fever, nausea",1,General Physician,Boiled vegetables,Deep-fried pakoras,Anulom Vilom,ORS,Standard OTC ORS for symptomatic relief.,250,Warm turmeric milk (Haldi Doodh) for immunity.,Using battery acid for skin patches.
214,Anemia,General,"fever, headache, nausea",8,Specialist Doctor,Moong Dal Khichdi,Raw salads (if infectious),Complete Bed Rest,N/A - Prescription Required,Severity is high. Automatic recommendation disabled to ensure safety. Consult a doctor.,0,Coconut water for rehydration.,Putting onions in armpits to reduce fever.
215,Fungal Infection,Skin,"headache, itching, nausea",1,General Physician,Curd rice,Raw salads (if infectious),Brisk walking,Ibuprofen,Standard OTC Ibuprofen for symptomatic relief.,500,Saltwater gargles for throat infection.,Applying Colgate/toothpaste on burns (causes infection).
216,Sunburn,Skin,"cough, fever, nausea",10,Specialist Doctor,Moong Dal Khichdi,Raw salads (if infectious),Light stretching,N/A - Prescription Required,Severity is high. Automatic recommendation disabled to ensure safety. Consult a doctor.,0,Saltwater gargles for throat infection.,Putting oil or ghee on open wounds.
217,Vitamin D Deficiency,General,"fatigue, headache, stomach pain",5,General Physician,Papaya,Spicy street food,Brisk walking,Ibuprofen,Standard OTC Ibuprofen for symptomatic relief.,250,Saltwater gargles for throat infection.,Putting oil or ghee on open wounds.
218,Dehydration,General,"body ache, cough, headache",2,General Physician,Moong Dal Khichdi,Raw salads (if infectious),Brisk walking,Ibuprofen,Standard OTC Ibuprofen for symptomatic relief.,650,Warm turmeric milk (Haldi Doodh) for immunity.,Rubbing heavy salt on rashes.
219,Dehydration,General,"cough, headache, itching",8,Specialist Doctor,Moong Dal Khichdi,Raw salads (if infectious),Brisk walking,N/A - Prescription Required,Severity is high. Automatic recommendation disabled to ensure safety. Consult a doctor.,0,Warm turmeric milk (Haldi Doodh) for immunity.,Putting oil or ghee on open wounds.
220,Gastritis,Gastrointestinal,"body ache, fatigue, itching",4,General Physician,Papaya,Deep-fried pakoras,Light stretching,Loperamide,Standard OTC Loperamide for symptomatic relief.,650,Saltwater gargles for throat infection.,Putting onions in armpits to reduce fever.
221,Chickenpox,Infectious,"fatigue, fever, nausea",5,General Physician,Pomegranate,Raw salads (if infectious),Brisk walking,Paracetamol,Standard OTC Paracetamol for symptomatic relief.,650,Saltwater gargles for throat infection.,Rubbing heavy salt on rashes.
222,Bronchitis,Respiratory,"headache, itching, vomiting",7,Specialist Doctor,Pomegranate,Excessive caffeine,Brisk walking,N/A - Prescription Required,Severity is high. Automatic recommendation disabled to ensure safety. Consult a doctor.,0,Coconut water for rehydration.,Rubbing heavy salt on rashes.
223,Fungal Infection,Skin,"headache, nausea, vomiting",7,Specialist Doctor,Pomegranate,Raw salads (if infectious),Light stretching,N/A - Prescription Required,Severity is high. Automatic recommendation disabled to ensure safety. Consult a doctor.,0,Coconut water for rehydration.,Rubbing heavy salt on rashes.
224,Acne,Skin,"body ache, itching, stomach pain",2,General Physician,Boiled vegetables,Cold drinks,Complete Bed Rest,Cetirizine,Standard OTC Cetirizine for symptomatic relief.,250,Warm turmeric milk (Haldi Doodh) for immunity.,Using battery acid for skin patches.
225,Anemia,General,"fever, nausea, vomiting",1,General Physician,Pomegranate,Excessive caffeine,Light stretching,Ibuprofen,Standard OTC Ibuprofen for symptomatic relief.,250,Jeera water for digestion.,Putting oil or ghee on open wounds.
226,Acidity,Gastrointestinal,"fever, nausea, stomach pain",9,Specialist Doctor,Boiled vegetables,Raw salads (if infectious),Anulom Vilom,N/A - Prescription Required,Severity is high. Automatic recommendation disabled to ensure safety. Consult a doctor.,0,Jeera water for digestion.,Putting oil or ghee on open wounds.
227,Eczema,Skin,"body ache, cough, itching",7,Specialist Doctor,Pomegranate,Cold drinks,Yoga (Pranayama),N/A - Prescription Required,Severity is high. Automatic recommendation disabled to ensure safety. Consult a doctor.,0,Warm turmeric milk (Haldi Doodh) for immunity.,Putting onions in armpits to reduce fever.
228,Heat Rash,Skin,"cough, fatigue, nausea",6,Specialist Doctor,Boiled vegetables,Excessive caffeine,Complete Bed Rest,N/A - Prescription Required,Severity is high. Automatic recommendation disabled to ensure safety. Consult a doctor.,0,Warm turmeric milk (Haldi Doodh) for immunity.,Applying Colgate/toothpaste on burns (causes infection).
229,Malaria,Infectious,"fatigue, headache, stomach pain",1,General Physician,Boiled vegetables,Raw salads (if infectious),Light stretching,Cetirizine,Standard OTC Cetirizine for symptomatic relief.,250,Coconut water for rehydration.,Putting oil or ghee on open wounds.
230,Dengue,Infectious,"body ache, cough, headache",10,Specialist Doctor,Boiled vegetables,Cold drinks,Brisk walking,N/A - Prescription Required,Severity is high. Automatic recommendation disabled to ensure safety. Consult a doctor.,0,Saltwater gargles for throat infection.,Using battery acid for skin patches.
231,Bronchitis,Respiratory,"cough, fever, itching",7,Specialist Doctor,Papaya,Deep-fried pakoras,Yoga (Pranayama),N/A - Prescription Required,Severity is high. Automatic recommendation disabled to ensure safety. Consult a doctor.,0,Saltwater gargles for throat infection.,Putting oil or ghee on open wounds.
232,Sinusitis,Respiratory,"body ache, headache, itching",3,General Physician,Pomegranate,Deep-fried pakoras,Anulom Vilom,Cetirizine,Standard OTC Cetirizine for symptomatic relief.,250,Ginger and honey tea for sore throat.,Putting oil or ghee on open wounds.
233,Bronchitis,Respiratory,"body ache, fatigue, nausea",5,General Physician,Pomegranate,Spicy street food,Brisk walking,Paracetamol,Standard OTC Paracetamol for symptomatic relief.,250,Jeera water for digestion.,Using battery acid for skin patches.
234,Vitamin D Deficiency,General,"fatigue, fever, nausea",6,Specialist Doctor,Moong Dal Khichdi,Spicy street food,Complete Bed Rest,N/A - Prescription Required,Severity is high. Automatic recommendation disabled to ensure safety. Consult a doctor.,0,Jeera water for digestion.,Putting onions in armpits to reduce fever.
235,Allergic Rhinitis,Respiratory,"body ache, fatigue, itching",2,General Physician,Moong Dal Khichdi,Deep-fried pakoras,Light stretching,Cetirizine,Standard OTC Cetirizine for symptomatic relief.,250,Warm turmeric milk (Haldi Doodh) for immunity.,Putting oil or ghee on open wounds.
236,Bronchitis,Respiratory,"headache, itching, nausea",1,General Physician,Moong Dal Khichdi,Deep-fried pakoras,Complete Bed Rest,ORS,Standard OTC ORS for symptomatic relief.,650,Warm turmeric milk (Haldi Doodh) for immunity.,Putting oil or ghee on open wounds.
237,Fungal Infection,Skin,"body ache, itching, nausea",10,Specialist Doctor,Curd rice,Cold drinks,Anulom Vilom,N/A - Prescription Required,Severity is high. Automatic recommendation disabled to ensure safety. Consult a doctor.,0,Jeera water for digestion.,Putting onions in armpits to reduce fever.
238,Sinusitis,Respiratory,"fever, itching, stomach pain",2,General Physician,Boiled vegetables,Cold drinks,Anulom Vilom,Paracetamol,Standard OTC Paracetamol for symptomatic relief.,500,Saltwater gargles for throat infection.,Putting oil or ghee on open wounds.
239,Sinusitis,Respiratory,"cough, stomach pain, vomiting",10,Specialist Doctor,Moong Dal Khichdi,Spicy street food,Light stretching,N/A - Prescription Required,Severity is high. Automatic recommendation disabled to ensure safety. Consult a doctor.,0,Coconut water for rehydration.,Putting oil or ghee on open wounds.
240,Eczema,Skin,"body ache, fatigue, vomiting",3,General Physician,Pomegranate,Excessive caffeine,Anulom Vilom,Ibuprofen,Standard OTC Ibuprofen for symptomatic relief.,250,Coconut water for rehydration.,Using battery acid for skin patches.
241,Dehydration,General,"cough, headache, vomiting",8,Specialist Doctor,Curd rice,Spicy street food,Light stretching,N/A - Prescription Required,Severity is high. Automatic recommendation disabled to ensure safety. Consult a doctor.,0,Jeera water for digestion.,Applying Colgate/toothpaste on burns (causes infection).
242,Anemia,General,"fatigue, fever, vomiting",5,General Physician,Boiled vegetables,Deep-fried pakoras,Brisk walking,ORS,Standard OTC ORS for symptomatic relief.,650,Saltwater gargles for throat infection.,Putting onions in armpits to reduce fever.
243,Sunburn,Skin,"fever, headache, vomiting",3,General Physician,Moong Dal Khichdi,Cold drinks,Light stretching,Ibuprofen,Standard OTC Ibuprofen for symptomatic relief.,250,Warm turmeric milk (Haldi Doodh) for immunity.,Putting onions in armpits to reduce fever.
244,Dengue,Infectious,"fever, nausea, stomach pain",7,Specialist Doctor,Pomegranate,Excessive caffeine,Light stretching,N/A - Prescription Required,Severity is high. Automatic recommendation disabled to ensure safety. Consult a doctor.,0,Jeera water for digestion.,Putting onions in armpits to reduce fever.
245,Influenza,Infectious,"cough, fever, itching",2,General Physician,Boiled vegetables,Deep-fried pakoras,Light stretching,Ibuprofen,Standard OTC Ibuprofen for symptomatic relief.,500,Coconut water for rehydration.,Putting oil or ghee on open wounds.
246,Heat Stroke,General,"body ache, fatigue, itching",5,General Physician,Curd rice,Spicy street food,Anulom Vilom,Omeprazole,Standard OTC Omeprazole for symptomatic relief.,250,Jeera water for digestion.,Rubbing heavy salt on rashes.
247,Malaria,Infectious,"body ache, fatigue, fever",10,Specialist Doctor,Pomegranate,Excessive caffeine,Light stretching,N/A - Prescription Required,Severity is high. Automatic recommendation disabled to ensure safety. Consult a doctor.,0,Saltwater gargles for throat infection.,Using battery acid for skin patches.
248,Typhoid,Infectious,"body ache, cough, itching",7,Specialist Doctor,Boiled vegetables,Raw salads (if infectious),Complete Bed Rest,N/A - Prescription Required,Severity is high. Automatic recommendation disabled to ensure safety. Consult a doctor.,0,Jeera water for digestion.,Using battery acid for skin patches.
249,Gastritis,Gastrointestinal,"body ache, cough, stomach pain",6,Specialist Doctor,Curd rice,Cold drinks,Brisk walking,N/A - Prescription Required,Severity is high. Automatic recommendation disabled to ensure safety. Consult a doctor.,0,Saltwater gargles for throat infection.,Putting oil or ghee on open wounds.
250,Diarrhea,Gastrointestinal,"fatigue, fever, stomach pain",10,Specialist Doctor,Papaya,Spicy street food,Light stretching,N/A - Prescription Required,Severity is high. Automatic recommendation disabled to ensure safety. Consult a doctor.,0,Warm turmeric milk (Haldi Doodh) for immunity.,Putting onions in armpits to reduce fever.
251,Common Cold,Infectious,"cough, fever, vomiting",5,General Physician,Pomegranate,Raw salads (if infectious),Anulom Vilom,Paracetamol,Standard OTC Paracetamol for symptomatic relief.,500,Warm turmeric milk (Haldi Doodh) for immunity.,Putting onions in armpits to reduce fever.
252,Asthma,Respiratory,"body ache, fatigue, itching",4,General Physician,Boiled vegetables,Raw salads (if infectious),Anulom Vilom,Paracetamol,Standard OTC Paracetamol for symptomatic relief.,500,Warm turmeric milk (Haldi Doodh) for immunity.,Rubbing heavy salt on rashes.
253,Common Cold,Infectious,"cough, nausea, stomach pain",1,General Physician,Moong Dal Khichdi,Excessive caffeine,Yoga (Pranayama),Ibuprofen,Standard OTC Ibuprofen for symptomatic relief.,250,Warm turmeric milk (Haldi Doodh) for immunity.,Putting onions in armpits to reduce fever.
254,Amoebiasis,Gastrointestinal,"body ache, cough, itching",8,Specialist Doctor,Pomegranate,Spicy street food,Anulom Vilom,N/A - Prescription Required,Severity is high. Automatic recommendation disabled to ensure safety. Consult a doctor.,0,Jeera water for digestion.,Using battery acid for skin patches.
255,Food Poisoning,Gastrointestinal,"body ache, cough, fever",3,General Physician,Pomegranate,Raw salads (if infectious),Anulom Vilom,Ibuprofen,Standard OTC Ibuprofen for symptomatic relief.,250,Jeera water for digestion.,Using battery acid for skin patches.
256,Bronchitis,Respiratory,"fever, itching, nausea",3,General Physician,Moong Dal Khichdi,Excessive caffeine,Light stretching,Loperamide,Standard OTC Loperamide for symptomatic relief.,250,Coconut water for rehydration.,Using battery acid for skin patches.
257,Influenza,Infectious,"cough, headache, nausea",9,Specialist Doctor,Curd rice,Cold drinks,Yoga (Pranayama),N/A - Prescription Required,Severity is high. Automatic recommendation disabled to ensure safety. Consult a doctor.,0,Jeera water for digestion.,Using battery acid for skin patches.
258,Common Cold,Infectious,"body ache, nausea, vomiting",7,Specialist Doctor,Moong Dal Khichdi,Raw salads (if infectious),Brisk walking,N/A - Prescription Required,Severity is high. Automatic recommendation disabled to ensure safety. Consult a doctor.,0,Saltwater gargles for throat infection.,Rubbing heavy salt on rashes.
259,Dehydration,General,"body ache, cough, fever",3,General Physician,Curd rice,Excessive caffeine,Complete Bed Rest,Paracetamol,Standard OTC Paracetamol for symptomatic relief.,650,Coconut water for rehydration.,Putting oil or ghee on open wounds.
260,Heat Stroke,General,"body ache, itching, stomach pain",7,Specialist Doctor,Papaya,Excessive caffeine,Anulom Vilom,N/A - Prescription Required,Severity is high. Automatic recommendation disabled to ensure safety. Consult a doctor.,0,Saltwater gargles for throat infection.,Applying Colgate/toothpaste on burns (causes infection).
261,Malaria,Infectious,"fatigue, itching, nausea",10,Specialist Doctor,Papaya,Excessive caffeine,Complete Bed Rest,N/A - Prescription Required,Severity is high. Automatic recommendation disabled to ensure safety. Consult a doctor.,0,Coconut water for rehydration.,Rubbing heavy salt on rashes.
262,Dehydration,General,"fever, headache, vomiting",4,General Physician,Pomegranate,Spicy street food,Brisk walking,Ibuprofen,Standard OTC Ibuprofen for symptomatic relief.,500,Warm turmeric milk (Haldi Doodh) for immunity.,Putting onions in armpits to reduce fever.
263,Bronchitis,Respiratory,"headache, itching, vomiting",4,General Physician,Papaya,Spicy street food,Brisk walking,Ibuprofen,Standard OTC Ibuprofen for symptomatic relief.,250,Saltwater gargles for throat infection.,Rubbing heavy salt on rashes.
264,Influenza,Infectious,"cough, fatigue, headache",1,General Physician,Pomegranate,Raw salads (if infectious),Yoga (Pranayama),ORS,Standard OTC ORS for symptomatic relief.,500,Jeera water for digestion.,Putting oil or ghee on open wounds.
265,Asthma,Respiratory,"body ache, itching, nausea",1,General Physician,Papaya,Deep-fried pakoras,Complete Bed Rest,Cetirizine,Standard OTC Cetirizine for symptomatic relief.,500,Ginger and honey tea for sore throat.,Putting onions in armpits to reduce fever.
266,Bronchitis,Respiratory,"cough, fatigue, nausea",2,General Physician,Pomegranate,Cold drinks,Yoga (Pranayama),ORS,Standard OTC ORS for symptomatic relief.,500,Saltwater gargles for throat infection.,Putting oil or ghee on open wounds.
267,Acidity,Gastrointestinal,"body ache, stomach pain, vomiting",5,General Physician,Boiled vegetables,Raw salads (if infectious),Yoga (Pranayama),ORS,Standard OTC ORS for symptomatic relief.,250,Saltwater gargles for throat infection.,Rubbing heavy salt on rashes.
268,Gastritis,Gastrointestinal,"fatigue, fever, headache",5,General Physician,Boiled vegetables,Excessive caffeine,Light stretching,ORS,Standard OTC ORS for symptomatic relief.,500,Ginger and honey tea for sore throat.,Putting oil or ghee on open wounds.
269,Fungal Infection,Skin,"cough, fever, nausea",4,General Physician,Moong Dal Khichdi,Cold drinks,Complete Bed Rest,Cetirizine,Standard OTC Cetirizine for symptomatic relief.,650,Ginger and honey tea for sore throat.,Putting onions in armpits to reduce fever.
270,Anemia,General,"body ache, fever, itching",7,Specialist Doctor,Pomegranate,Raw salads (if infectious),Yoga (Pranayama),N/A - Prescription Required,Severity is high. Automatic recommendation disabled to ensure safety. Consult a doctor.,0,Coconut water for rehydration.,Rubbing heavy salt on rashes.
271,Typhoid,Infectious,"cough, headache, stomach pain",5,General Physician,Moong Dal Khichdi,Spicy street food,Complete Bed Rest,Cetirizine,Standard OTC Cetirizine for symptomatic relief.,500,Ginger and honey tea for sore throat.,Putting oil or ghee on open wounds.
272,Anemia,General,"cough, stomach pain, vomiting",6,Specialist Doctor,Pomegranate,Cold drinks,Complete Bed Rest,N/A - Prescription Required,Severity is high. Automatic recommendation disabled to ensure safety. Consult a doctor.,0,Ginger and honey tea for sore throat.,Using battery acid for skin patches.
273,Influenza,Infectious,"body ache, fatigue, stomach pain",4,General Physician,Boiled vegetables,Cold drinks,Complete Bed Rest,Omeprazole,Standard OTC Omeprazole for symptomatic relief.,500,Warm turmeric milk (Haldi Doodh) for immunity.,Using battery acid for skin patches.
274,Allergic Rhinitis,Respiratory,"body ache, fever, itching",1,General Physician,Papaya,Raw salads (if infectious),Complete Bed Rest,Paracetamol,Standard OTC Paracetamol for symptomatic relief.,500,Ginger and honey tea for sore throat.,Rubbing heavy salt on rashes.
275,Sinusitis,Respiratory,"cough, itching, stomach pain",6,Specialist Doctor,Papaya,Deep-fried pakoras,Complete Bed Rest,N/A - Prescription Required,Severity is high. Automatic recommendation disabled to ensure safety. Consult a doctor.,0,Ginger and honey tea for sore throat.,Putting oil or ghee on open wounds.
276,Sinusitis,Respiratory,"fatigue, headache, vomiting",6,Specialist Doctor,Curd rice,Deep-fried pakoras,Anulom Vilom,N/A - Prescription Required,Severity is high. Automatic recommendation disabled to ensure safety. Consult a doctor.,0,Coconut water for rehydration.,Applying Colgate/toothpaste on burns (causes infection).
277,Gastritis,Gastrointestinal,"cough, fever, itching",7,Specialist Doctor,Moong Dal Khichdi,Spicy street food,Anulom Vilom,N/A - Prescription Required,Severity is high. Automatic recommendation disabled to ensure safety. Consult a doctor.,0,Jeera water for digestion.,Putting onions in armpits to reduce fever.
278,Gastritis,Gastrointestinal,"cough, itching, vomiting",2,General Physician,Curd rice,Spicy street food,Complete Bed Rest,Omeprazole,Standard OTC Omeprazole for symptomatic relief.,650,Jeera water for digestion.,Applying Colgate/toothpaste on burns (causes infection).
279,Acidity,Gastrointestinal,"fatigue, headache, itching",2,General Physician,Pomegranate,Cold drinks,Yoga (Pranayama),Loperamide,Standard OTC Loperamide for symptomatic relief.,500,Coconut water for rehydration.,Applying Colgate/toothpaste on burns (causes infection).
280,Food Poisoning,Gastrointestinal,"fatigue, fever, headache",5,General Physician,Moong Dal Khichdi,Deep-fried pakoras,Complete Bed Rest,Cetirizine,Standard OTC Cetirizine for symptomatic relief.,250,Ginger and honey tea for sore throat.,Using battery acid for skin patches.
281,Asthma,Respiratory,"cough, itching, vomiting",4,General Physician,Moong Dal Khichdi,Raw salads (if infectious),Anulom Vilom,Paracetamol,Standard OTC Paracetamol for symptomatic relief.,650,Coconut water for rehydration.,Rubbing heavy salt on rashes.
282,Malaria,Infectious,"body ache, headache, itching",7,Specialist Doctor,Moong Dal Khichdi,Deep-fried pakoras,Complete Bed Rest,N/A - Prescription Required,Severity is high. Automatic recommendation disabled to ensure safety. Consult a doctor.,0,Ginger and honey tea for sore throat.,Putting oil or ghee on open wounds.
283,Vitamin D Deficiency,General,"fever, nausea, vomiting",3,General Physician,Pomegranate,Spicy street food,Complete Bed Rest,Loperamide,Standard OTC Loperamide for symptomatic relief.,650,Ginger and honey tea for sore throat.,Using battery acid for skin patches.
284,Sunburn,Skin,"cough, fatigue, vomiting",2,General Physician,Moong Dal Khichdi,Deep-fried pakoras,Complete Bed Rest,Loperamide,Standard OTC Loperamide for symptomatic relief.,500,Saltwater gargles for throat infection.,Putting onions in armpits to reduce fever.
285,Fungal Infection,Skin,"fever, headache, itching",7,Specialist Doctor,Boiled vegetables,Spicy street food,Brisk walking,N/A - Prescription Required,Severity is high. Automatic recommendation disabled to ensure safety. Consult a doctor.,0,Saltwater gargles for throat infection.,Putting onions in armpits to reduce fever.
286,Diarrhea,Gastrointestinal,"cough, fatigue, stomach pain",6,Specialist Doctor,Moong Dal Khichdi,Raw salads (if infectious),Light stretching,N/A - Prescription Required,Severity is high. Automatic recommendation disabled to ensure safety. Consult a doctor.,0,Warm turmeric milk (Haldi Doodh) for immunity.,Rubbing heavy salt on rashes.
287,Malaria,Infectious,"cough, fatigue, nausea",8,Specialist Doctor,Papaya,Spicy street food,Anulom Vilom,N/A - Prescription Required,Severity is high. Automatic recommendation disabled to ensure safety. Consult a doctor.,0,Jeera water for digestion.,Applying Colgate/toothpaste on burns (causes infection).
288,Asthma,Respiratory,"fatigue, headache, vomiting",6,Specialist Doctor,Papaya,Raw salads (if infectious),Light stretching,N/A - Prescription Required,Severity is high. Automatic recommendation disabled to ensure safety. Consult a doctor.,0,Ginger and honey tea for sore throat.,Using battery acid for skin patches.
289,Vitamin D Deficiency,General,"nausea, stomach pain, vomiting",10,Specialist Doctor,Moong Dal Khichdi,Excessive caffeine,Yoga (Pranayama),N/A - Prescription Required,Severity is high. Automatic recommendation disabled to ensure safety. Consult a doctor.,0,Warm turmeric milk (Haldi Doodh) for immunity.,Putting onions in armpits to reduce fever.
290,Sinusitis,Respiratory,"itching, stomach pain, vomiting",8,Specialist Doctor,Boiled vegetables,Deep-fried pakoras,Light stretching,N/A - Prescription Required,Severity is high. Automatic recommendation disabled to ensure safety. Consult a doctor.,0,Coconut water for rehydration.,Applying Colgate/toothpaste on burns (causes infection).
291,Sunburn,Skin,"body ache, fatigue, headache",2,General Physician,Papaya,Deep-fried pakoras,Brisk walking,Paracetamol,Standard OTC Paracetamol for symptomatic relief.,500,Jeera water for digestion.,Putting onions in armpits to reduce fever.
292,Amoebiasis,Gastrointestinal,"cough, nausea, vomiting",4,General Physician,Boiled vegetables,Deep-fried pakoras,Brisk walking,Loperamide,Standard OTC Loperamide for symptomatic relief.,250,Coconut water for rehydration.,Putting oil or ghee on open wounds.
293,Bronchitis,Respiratory,"cough, headache, vomiting",4,General Physician,Moong Dal Khichdi,Raw salads (if infectious),Complete Bed Rest,Paracetamol,Standard OTC Paracetamol for symptomatic relief.,650,Coconut water for rehydration.,Rubbing heavy salt on rashes.
294,Gastritis,Gastrointestinal,"fatigue, headache, itching",10,Specialist Doctor,Boiled vegetables,Spicy street food,Anulom Vilom,N/A - Prescription Required,Severity is high. Automatic recommendation disabled to ensure safety. Consult a doctor.,0,Saltwater gargles for throat infection.,Applying Colgate/toothpaste on burns (causes infection).
295,Heat Rash,Skin,"body ache, cough, itching",8,Specialist Doctor,Papaya,Excessive caffeine,Light stretching,N/A - Prescription Required,Severity is high. Automatic recommendation disabled to ensure safety. Consult a doctor.,0,Warm turmeric milk (Haldi Doodh) for immunity.,Rubbing heavy salt on rashes.
296,Vitamin D Deficiency,General,"fatigue, headache, stomach pain",10,Specialist Doctor,Papaya,Excessive caffeine,Complete Bed Rest,N/A - Prescription Required,Severity is high. Automatic recommendation disabled to ensure safety. Consult a doctor.,0,Coconut water for rehydration.,Using battery acid for skin patches.
297,Asthma,Respiratory,"cough, fever, itching",9,Specialist Doctor,Pomegranate,Raw salads (if infectious),Light stretching,N/A - Prescription Required,Severity is high. Automatic recommendation disabled to ensure safety. Consult a doctor.,0,Jeera water for digestion.,Applying Colgate/toothpaste on burns (causes infection).
298,Eczema,Skin,"fatigue, fever, itching",8,Specialist Doctor,Moong Dal Khichdi,Spicy street food,Complete Bed Rest,N/A - Prescription Required,Severity is high. Automatic recommendation disabled to ensure safety. Consult a doctor.,0,Jeera water for digestion.,Rubbing heavy salt on rashes.
299,Food Poisoning,Gastrointestinal,"body ache, headache, stomach pain",5,General Physician,Pomegranate,Spicy street food,Anulom Vilom,Loperamide,Standard OTC Loperamide for symptomatic relief.,250,Coconut water for rehydration.,Using battery acid for skin patches.
300,Dehydration,General,"headache, itching, vomiting",7,Specialist Doctor,Boiled vegetables,Spicy street food,Brisk walking,N/A - Prescription Required,Severity is high. Automatic recommendation disabled to ensure safety. Consult a doctor.,0,Saltwater gargles for throat infection.,Using battery acid for skin patches.
301,Vitamin D Deficiency,General,"fatigue, itching, stomach pain",10,Specialist Doctor,Papaya,Deep-fried pakoras,Anulom Vilom,N/A - Prescription Required,Severity is high. Automatic recommendation disabled to ensure safety. Consult a doctor.,0,Warm turmeric milk (Haldi Doodh) for immunity.,Rubbing heavy salt on rashes.
302,Gastritis,Gastrointestinal,"body ache, cough, fatigue",6,Specialist Doctor,Curd rice,Raw salads (if infectious),Brisk walking,N/A - Prescription Required,Severity is high. Automatic recommendation disabled to ensure safety. Consult a doctor.,0,Warm turmeric milk (Haldi Doodh) for immunity.,Using battery acid for skin patches.
303,Fungal Infection,Skin,"itching, nausea, stomach pain",1,General Physician,Papaya,Deep-fried pakoras,Light stretching,Ibuprofen,Standard OTC Ibuprofen for symptomatic relief.,650,Jeera water for digestion.,Using battery acid for skin patches.
304,Amoebiasis,Gastrointestinal,"fatigue, headache, vomiting",5,General Physician,Pomegranate,Raw salads (if infectious),Complete Bed Rest,Loperamide,Standard OTC Loperamide for symptomatic relief.,250,Coconut water for rehydration.,Putting onions in armpits to reduce fever.
305,Vitamin D Deficiency,General,"body ache, cough, stomach pain",3,General Physician,Moong Dal Khichdi,Spicy street food,Anulom Vilom,Loperamide,Standard OTC Loperamide for symptomatic relief.,250,Saltwater gargles for throat infection.,Rubbing heavy salt on rashes.
306,Fungal Infection,Skin,"body ache, fever, stomach pain",8,Specialist Doctor,Curd rice,Deep-fried pakoras,Complete Bed Rest,N/A - Prescription Required,Severity is high. Automatic recommendation disabled to ensure safety. Consult a doctor.,0,Saltwater gargles for throat infection.,Putting onions in armpits to reduce fever.
307,Dehydration,General,"cough, headache, vomiting",2,General Physician,Curd rice,Cold drinks,Anulom Vilom,Ibuprofen,Standard OTC Ibuprofen for symptomatic relief.,500,Ginger and honey tea for sore throat.,Using battery acid for skin patches.
308,Asthma,Respiratory,"cough, fever, vomiting",7,Specialist Doctor,Moong Dal Khichdi,Raw salads (if infectious),Brisk walking,N/A - Prescription Required,Severity is high. Automatic recommendation disabled to ensure safety. Consult a doctor.,0,Saltwater gargles for throat infection.,Putting oil or ghee on open wounds.
309,Common Cold,Infectious,"fatigue, fever, stomach pain",1,General Physician,Moong Dal Khichdi,Deep-fried pakoras,Brisk walking,ORS,Standard OTC ORS for symptomatic relief.,500,Warm turmeric milk (Haldi Doodh) for immunity.,Using battery acid for skin patches.
310,Influenza,Infectious,"body ache, headache, stomach pain",1,General Physician,Moong Dal Khichdi,Excessive caffeine,Complete Bed Rest,Loperamide,Standard OTC Loperamide for symptomatic relief.,650,Coconut water for rehydration.,Rubbing heavy salt on rashes.
311,Acidity,Gastrointestinal,"itching, nausea, vomiting",5,General Physician,Moong Dal Khichdi,Raw salads (if infectious),Complete Bed Rest,Paracetamol,Standard OTC Paracetamol for symptomatic relief.,650,Ginger and honey tea for sore throat.,Putting onions in armpits to reduce fever.
312,Malaria,Infectious,"fatigue, headache, itching",3,General Physician,Papaya,Spicy street food,Brisk walking,Loperamide,Standard OTC Loperamide for symptomatic relief.,500,Coconut water for rehydration.,Applying Colgate/toothpaste on burns (causes infection).
313,Asthma,Respiratory,"body ache, fatigue, nausea",6,Specialist Doctor,Papaya,Spicy street food,Light stretching,N/A - Prescription Required,Severity is high. Automatic recommendation disabled to ensure safety. Consult a doctor.,0,Saltwater gargles for throat infection.,Applying Colgate/toothpaste on burns (causes infection).
314,Dehydration,General,"fever, headache, vomiting",1,General Physician,Moong Dal Khichdi,Excessive caffeine,Light stretching,Ibuprofen,Standard OTC Ibuprofen for symptomatic relief.,650,Warm turmeric milk (Haldi Doodh) for immunity.,Putting oil or ghee on open wounds.
315,Amoebiasis,Gastrointestinal,"fatigue, fever, nausea",9,Specialist Doctor,Boiled vegetables,Raw salads (if infectious),Complete Bed Rest,N/A - Prescription Required,Severity is high. Automatic recommendation disabled to ensure safety. Consult a doctor.,0,Jeera water for digestion.,Rubbing heavy salt on rashes.
316,Acne,Skin,"fever, headache, stomach pain",5,General Physician,Pomegranate,Raw salads (if infectious),Anulom Vilom,Cetirizine,Standard OTC Cetirizine for symptomatic relief.,500,Saltwater gargles for throat infection.,Putting oil or ghee on open wounds.
317,Dengue,Infectious,"body ache, headache, nausea",5,General Physician,Pomegranate,Cold drinks,Brisk walking,Cetirizine,Standard OTC Cetirizine for symptomatic relief.,650,Warm turmeric milk (Haldi Doodh) for immunity.,Putting oil or ghee on open wounds.
318,Common Cold,Infectious,"fever, nausea, stomach pain",2,General Physician,Papaya,Deep-fried pakoras,Yoga (Pranayama),Cetirizine,Standard OTC Cetirizine for symptomatic relief.,500,Coconut water for rehydration.,Rubbing heavy salt on rashes.
319,Food Poisoning,Gastrointestinal,"fatigue, headache, stomach pain",2,General Physician,Papaya,Excessive caffeine,Complete Bed Rest,Ibuprofen,Standard OTC Ibuprofen for symptomatic relief.,250,Saltwater gargles for throat infection.,Applying Colgate/toothpaste on burns (causes infection).
320,Dengue,Infectious,"cough, stomach pain, vomiting",3,General Physician,Boiled vegetables,Deep-fried pakoras,Yoga (Pranayama),ORS,Standard OTC ORS for symptomatic relief.,500,Jeera water for digestion.,Rubbing heavy salt on rashes.
321,Allergic Rhinitis,Respiratory,"cough, fever, nausea",7,Specialist Doctor,Pomegranate,Spicy street food,Complete Bed Rest,N/A - Prescription Required,Severity is high. Automatic recommendation disabled to ensure safety. Consult a doctor.,0,Jeera water for digestion.,Rubbing heavy salt on rashes.
322,Dengue,Infectious,"body ache, itching, vomiting",2,General Physician,Moong Dal Khichdi,Raw salads (if infectious),Light stretching,Ibuprofen,Standard OTC Ibuprofen for symptomatic relief.,250,Coconut water for rehydration.,Putting oil or ghee on open wounds.
323,Malaria,Infectious,"headache, nausea, stomach pain",9,Specialist Doctor,Pomegranate,Excessive caffeine,Brisk walking,N/A - Prescription Required,Severity is high. Automatic recommendation disabled to ensure safety. Consult a doctor.,0,Jeera water for digestion.,Putting oil or ghee on open wounds.
324,Allergic Rhinitis,Respiratory,"cough, fever, nausea",4,General Physician,Curd rice,Deep-fried pakoras,Anulom Vilom,Ibuprofen,Standard OTC Ibuprofen for symptomatic relief.,500,Coconut water for rehydration.,Putting onions in armpits to reduce fever.
325,Diarrhea,Gastrointestinal,"fatigue, fever, headache",6,Specialist Doctor,Pomegranate,Deep-fried pakoras,Anulom Vilom,N/A - Prescription Required,Severity is high. Automatic recommendation disabled to ensure safety. Consult a doctor.,0,Saltwater gargles for throat infection.,Using battery acid for skin patches.
326,Amoebiasis,Gastrointestinal,"cough, nausea, vomiting",1,General Physician,Papaya,Deep-fried pakoras,Brisk walking,Paracetamol,Standard OTC Paracetamol for symptomatic relief.,500,Coconut water for rehydration.,Putting oil or ghee on open wounds.
327,Food Poisoning,Gastrointestinal,"headache, nausea, stomach pain",4,General Physician,Curd rice,Deep-fried pakoras,Light stretching,Ibuprofen,Standard OTC Ibuprofen for symptomatic relief.,650,Jeera water for digestion.,Putting oil or ghee on open wounds.
328,Acidity,Gastrointestinal,"body ache, fever, headache",1,General Physician,Pomegranate,Excessive caffeine,Brisk walking,Loperamide,Standard OTC Loperamide for symptomatic relief.,250,Ginger and honey tea for sore throat.,Rubbing heavy salt on rashes.
329,Vitamin D Deficiency,General,"fever, itching, nausea",6,Specialist Doctor,Curd rice,Cold drinks,Light stretching,N/A - Prescription Required,Severity is high. Automatic recommendation disabled to ensure safety. Consult a doctor.,0,Saltwater gargles for throat infection.,Using battery acid for skin patches.
330,Dengue,Infectious,"body ache, fatigue, stomach pain",5,General Physician,Moong Dal Khichdi,Spicy street food,Light stretching,ORS,Standard OTC ORS for symptomatic relief.,650,Ginger and honey tea for sore throat.,Putting onions in armpits to reduce fever.
331,Chickenpox,Infectious,"body ache, nausea, vomiting",6,Specialist Doctor,Papaya,Deep-fried pakoras,Anulom Vilom,N/A - Prescription Required,Severity is high. Automatic recommendation disabled to ensure safety. Consult a doctor.,0,Coconut water for rehydration.,Rubbing heavy salt on rashes.
332,Vitamin D Deficiency,General,"cough, headache, nausea",9,Specialist Doctor,Curd rice,Cold drinks,Complete Bed Rest,N/A - Prescription Required,Severity is high. Automatic recommendation disabled to ensure safety. Consult a doctor.,0,Saltwater gargles for throat infection.,Using battery acid for skin patches.
333,Malaria,Infectious,"body ache, fever, headache",7,Specialist Doctor,Pomegranate,Excessive caffeine,Complete Bed Rest,N/A - Prescription Required,Severity is high. Automatic recommendation disabled to ensure safety. Consult a doctor.,0,Ginger and honey tea for sore throat.,Rubbing heavy salt on rashes.
334,Influenza,Infectious,"itching, nausea, stomach pain",2,General Physician,Pomegranate,Raw salads (if infectious),Complete Bed Rest,Loperamide,Standard OTC Loperamide for symptomatic relief.,500,Ginger and honey tea for sore throat.,Rubbing heavy salt on rashes.
335,Fungal Infection,Skin,"cough, headache, itching",10,Specialist Doctor,Boiled vegetables,Raw salads (if infectious),Anulom Vilom,N/A - Prescription Required,Severity is high. Automatic recommendation disabled to ensure safety. Consult a doctor.,0,Saltwater gargles for throat infection.,Using battery acid for skin patches.
336,Heat Rash,Skin,"fever, itching, vomiting",1,General Physician,Pomegranate,Deep-fried pakoras,Brisk walking,Paracetamol,Standard OTC Paracetamol for symptomatic relief.,500,Ginger and honey tea for sore throat.,Using battery acid for skin patches.
337,Sinusitis,Respiratory,"headache, stomach pain, vomiting",3,General Physician,Moong Dal Khichdi,Deep-fried pakoras,Brisk walking,Paracetamol,Standard OTC Paracetamol for symptomatic relief.,250,Warm turmeric milk (Haldi Doodh) for immunity.,Putting oil or ghee on open wounds.
338,Allergic Rhinitis,Respiratory,"cough, headache, nausea",5,General Physician,Papaya,Raw salads (if infectious),Complete Bed Rest,ORS,Standard OTC ORS for symptomatic relief.,500,Jeera water for digestion.,Applying Colgate/toothpaste on burns (causes infection).
339,Allergic Rhinitis,Respiratory,"cough, fatigue, itching",5,General Physician,Pomegranate,Deep-fried pakoras,Brisk walking,Ibuprofen,Standard OTC Ibuprofen for symptomatic relief.,650,Coconut water for rehydration.,Using battery acid for skin patches.
340,Fungal Infection,Skin,"cough, fever, vomiting",3,General Physician,Pomegranate,Excessive caffeine,Anulom Vilom,ORS,Standard OTC ORS for symptomatic relief.,250,Jeera water for digestion.,Rubbing heavy salt on rashes.
341,Diarrhea,Gastrointestinal,"cough, stomach pain, vomiting",10,Specialist Doctor,Pomegranate,Excessive caffeine,Anulom Vilom,N/A - Prescription Required,Severity is high. Automatic recommendation disabled to ensure safety. Consult a doctor.,0,Saltwater gargles for throat infection.,Putting onions in armpits to reduce fever.
342,Malaria,Infectious,"cough, fever, nausea",2,General Physician,Boiled vegetables,Excessive caffeine,Light stretching,Ibuprofen,Standard OTC Ibuprofen for symptomatic relief.,250,Warm turmeric milk (Haldi Doodh) for immunity.,Using battery acid for skin patches.
343,Chickenpox,Infectious,"headache, nausea, stomach pain",4,General Physician,Curd rice,Cold drinks,Anulom Vilom,ORS,Standard OTC ORS for symptomatic relief.,650,Warm turmeric milk (Haldi Doodh) for immunity.,Putting onions in armpits to reduce fever.
344,Sunburn,Skin,"headache, stomach pain, vomiting",1,General Physician,Papaya,Spicy street food,Complete Bed Rest,ORS,Standard OTC ORS for symptomatic relief.,500,Warm turmeric milk (Haldi Doodh) for immunity.,Putting oil or ghee on open wounds.
345,Heat Rash,Skin,"fatigue, fever, nausea",8,Specialist Doctor,Boiled vegetables,Deep-fried pakoras,Yoga (Pranayama),N/A - Prescription Required,Severity is high. Automatic recommendation disabled to ensure safety. Consult a doctor.,0,Warm turmeric milk (Haldi Doodh) for immunity.,Applying Colgate/toothpaste on burns (causes infection).
346,Amoebiasis,Gastrointestinal,"headache, nausea, stomach pain",7,Specialist Doctor,Moong Dal Khichdi,Cold drinks,Light stretching,N/A - Prescription Required,Severity is high. Automatic recommendation disabled to ensure safety. Consult a doctor.,0,Jeera water for digestion.,Using battery acid for skin patches.
347,Vitamin D Deficiency,General,"cough, headache, vomiting",4,General Physician,Pomegranate,Deep-fried pakoras,Complete Bed Rest,Loperamide,Standard OTC Loperamide for symptomatic relief.,650,Coconut water for rehydration.,Putting onions in armpits to reduce fever.
348,Fungal Infection,Skin,"headache, itching, stomach pain",1,General Physician,Moong Dal Khichdi,Raw salads (if infectious),Yoga (Pranayama),Loperamide,Standard OTC Loperamide for symptomatic relief.,500,Warm turmeric milk (Haldi Doodh) for immunity.,Rubbing heavy salt on rashes.
349,Sinusitis,Respiratory,"body ache, stomach pain, vomiting",6,Specialist Doctor,Curd rice,Excessive caffeine,Yoga (Pranayama),N/A - Prescription Required,Severity is high. Automatic recommendation disabled to ensure safety. Consult a doctor.,0,Saltwater gargles for throat infection.,Putting onions in armpits to reduce fever.
350,Vitamin D Deficiency,General,"body ache, fatigue, vomiting",5,General Physician,Curd rice,Cold drinks,Complete Bed Rest,Omeprazole,Standard OTC Omeprazole for symptomatic relief.,500,Ginger and honey tea for sore throat.,Applying Colgate/toothpaste on burns (causes infection).
351,Bronchitis,Respiratory,"cough, fever, stomach pain",10,Specialist Doctor,Boiled vegetables,Cold drinks,Yoga (Pranayama),N/A - Prescription Required,Severity is high. Automatic recommendation disabled to ensure safety. Consult a doctor.,0,Coconut water for rehydration.,Putting oil or ghee on open wounds.
352,Common Cold,Infectious,"body ache, cough, itching",9,Specialist Doctor,Papaya,Deep-fried pakoras,Light stretching,N/A - Prescription Required,Severity is high. Automatic recommendation disabled to ensure safety. Consult a doctor.,0,Coconut water for rehydration.,Putting oil or ghee on open wounds.
353,Chickenpox,Infectious,"nausea, stomach pain, vomiting",6,Specialist Doctor,Pomegranate,Deep-fried pakoras,Complete Bed Rest,N/A - Prescription Required,Severity is high. Automatic recommendation disabled to ensure safety. Consult a doctor.,0,Jeera water for digestion.,Rubbing heavy salt on rashes.
354,Acidity,Gastrointestinal,"headache, itching, nausea",3,General Physician,Curd rice,Raw salads (if infectious),Complete Bed Rest,Cetirizine,Standard OTC Cetirizine for symptomatic relief.,250,Saltwater gargles for throat infection.,Applying Colgate/toothpaste on burns (causes infection).
355,Heat Rash,Skin,"fatigue, fever, nausea",3,General Physician,Boiled vegetables,Raw salads (if infectious),Brisk walking,Cetirizine,Standard OTC Cetirizine for symptomatic relief.,650,Ginger and honey tea for sore throat.,Applying Colgate/toothpaste on burns (causes infection).
356,Asthma,Respiratory,"fever, headache, itching",2,General Physician,Curd rice,Excessive caffeine,Anulom Vilom,Cetirizine,Standard OTC Cetirizine for symptomatic relief.,500,Jeera water for digestion.,Putting oil or ghee on open wounds.
357,Sunburn,Skin,"fever, itching, vomiting",1,General Physician,Boiled vegetables,Deep-fried pakoras,Light stretching,Ibuprofen,Standard OTC Ibuprofen for symptomatic relief.,650,Coconut water for rehydration.,Applying Colgate/toothpaste on burns (causes infection).
358,Heat Stroke,General,"fatigue, itching, nausea",5,General Physician,Pomegranate,Cold drinks,Light stretching,Ibuprofen,Standard OTC Ibuprofen for symptomatic relief.,650,Warm turmeric milk (Haldi Doodh) for immunity.,Using battery acid for skin patches.
359,Vitamin D Deficiency,General,"fever, headache, stomach pain",9,Specialist Doctor,Moong Dal Khichdi,Spicy street food,Yoga (Pranayama),N/A - Prescription Required,Severity is high. Automatic recommendation disabled to ensure safety. Consult a doctor.,0,Coconut water for rehydration.,Rubbing heavy salt on rashes.
360,Heat Stroke,General,"fever, itching, nausea",10,Specialist Doctor,Pomegranate,Excessive caffeine,Brisk walking,N/A - Prescription Required,Severity is high. Automatic recommendation disabled to ensure safety. Consult a doctor.,0,Warm turmeric milk (Haldi Doodh) for immunity.,Rubbing heavy salt on rashes.
361,Acne,Skin,"fatigue, fever, vomiting",7,Specialist Doctor,Moong Dal Khichdi,Spicy street food,Anulom Vilom,N/A - Prescription Required,Severity is high. Automatic recommendation disabled to ensure safety. Consult a doctor.,0,Coconut water for rehydration.,Rubbing heavy salt on rashes.
362,Amoebiasis,Gastrointestinal,"body ache, cough, fatigue",6,Specialist Doctor,Papaya,Excessive caffeine,Complete Bed Rest,N/A - Prescription Required,Severity is high. Automatic recommendation disabled to ensure safety. Consult a doctor.,0,Jeera water for digestion.,Putting oil or ghee on open wounds.
363,Sinusitis,Respiratory,"fatigue, fever, nausea",10,Specialist Doctor,Papaya,Excessive caffeine,Anulom Vilom,N/A - Prescription Required,Severity is high. Automatic recommendation disabled to ensure safety. Consult a doctor.,0,Coconut water for rehydration.,Rubbing heavy salt on rashes.
364,Fungal Infection,Skin,"fatigue, fever, nausea",2,General Physician,Papaya,Spicy street food,Complete Bed Rest,Paracetamol,Standard OTC Paracetamol for symptomatic relief.,500,Jeera water for digestion.,Applying Colgate/toothpaste on burns (causes infection).
365,Heat Rash,Skin,"fatigue, itching, stomach pain",9,Specialist Doctor,Curd rice,Spicy street food,Yoga (Pranayama),N/A - Prescription Required,Severity is high. Automatic recommendation disabled to ensure safety. Consult a doctor.,0,Saltwater gargles for throat infection.,Putting oil or ghee on open wounds.
366,Malaria,Infectious,"cough, fever, stomach pain",9,Specialist Doctor,Pomegranate,Cold drinks,Complete Bed Rest,N/A - Prescription Required,Severity is high. Automatic recommendation disabled to ensure safety. Consult a doctor.,0,Warm turmeric milk (Haldi Doodh) for immunity.,Rubbing heavy salt on rashes.
367,Fungal Infection,Skin,"cough, fever, vomiting",4,General Physician,Papaya,Raw salads (if infectious),Anulom Vilom,Ibuprofen,Standard OTC Ibuprofen for symptomatic relief.,500,Saltwater gargles for throat infection.,Rubbing heavy salt on rashes.
368,Heat Rash,Skin,"fatigue, fever, stomach pain",6,Specialist Doctor,Moong Dal Khichdi,Cold drinks,Brisk walking,N/A - Prescription Required,Severity is high. Automatic recommendation disabled to ensure safety. Consult a doctor.,0,Saltwater gargles for throat infection.,Rubbing heavy salt on rashes.
369,Typhoid,Infectious,"headache, itching, stomach pain",8,Specialist Doctor,Papaya,Cold drinks,Brisk walking,N/A - Prescription Required,Severity is high. Automatic recommendation disabled to ensure safety. Consult a doctor.,0,Warm turmeric milk (Haldi Doodh) for immunity.,Applying Colgate/toothpaste on burns (causes infection).
370,Typhoid,Infectious,"fatigue, itching, vomiting",10,Specialist Doctor,Moong Dal Khichdi,Cold drinks,Yoga (Pranayama),N/A - Prescription Required,Severity is high. Automatic recommendation disabled to ensure safety. Consult a doctor.,0,Saltwater gargles for throat infection.,Applying Colgate/toothpaste on burns (causes infection).
371,Vitamin D Deficiency,General,"cough, fatigue, headache",1,General Physician,Boiled vegetables,Spicy street food,Complete Bed Rest,Paracetamol,Standard OTC Paracetamol for symptomatic relief.,500,Coconut water for rehydration.,Putting oil or ghee on open wounds.
372,Allergic Rhinitis,Respiratory,"headache, nausea, stomach pain",7,Specialist Doctor,Pomegranate,Cold drinks,Light stretching,N/A - Prescription Required,Severity is high. Automatic recommendation disabled to ensure safety. Consult a doctor.,0,Warm turmeric milk (Haldi Doodh) for immunity.,Putting oil or ghee on open wounds.
373,Eczema,Skin,"fatigue, headache, vomiting",3,General Physician,Pomegranate,Excessive caffeine,Complete Bed Rest,Ibuprofen,Standard OTC Ibuprofen for symptomatic relief.,250,Ginger and honey tea for sore throat.,Putting oil or ghee on open wounds.
374,Bronchitis,Respiratory,"body ache, fever, stomach pain",4,General Physician,Curd rice,Cold drinks,Brisk walking,Loperamide,Standard OTC Loperamide for symptomatic relief.,250,Ginger and honey tea for sore throat.,Applying Colgate/toothpaste on burns (causes infection).
375,Sinusitis,Respiratory,"body ache, cough, fatigue",1,General Physician,Papaya,Deep-fried pakoras,Yoga (Pranayama),Loperamide,Standard OTC Loperamide for symptomatic relief.,500,Coconut water for rehydration.,Using battery acid for skin patches.
376,Malaria,Infectious,"cough, stomach pain, vomiting",5,General Physician,Curd rice,Deep-fried pakoras,Yoga (Pranayama),Omeprazole,Standard OTC Omeprazole for symptomatic relief.,500,Saltwater gargles for throat infection.,Putting onions in armpits to reduce fever.
377,Heat Rash,Skin,"body ache, fever, itching",10,Specialist Doctor,Moong Dal Khichdi,Deep-fried pakoras,Brisk walking,N/A - Prescription Required,Severity is high. Automatic recommendation disabled to ensure safety. Consult a doctor.,0,Jeera water for digestion.,Rubbing heavy salt on rashes.
378,Acidity,Gastrointestinal,"fatigue, fever, vomiting",2,General Physician,Pomegranate,Cold drinks,Light stretching,Cetirizine,Standard OTC Cetirizine for symptomatic relief.,650,Warm turmeric milk (Haldi Doodh) for immunity.,Rubbing heavy salt on rashes.
379,Allergic Rhinitis,Respiratory,"body ache, fatigue, fever",9,Specialist Doctor,Pomegranate,Raw salads (if infectious),Yoga (Pranayama),N/A - Prescription Required,Severity is high. Automatic recommendation disabled to ensure safety. Consult a doctor.,0,Ginger and honey tea for sore throat.,Applying Colgate/toothpaste on burns (causes infection).
380,Bronchitis,Respiratory,"itching, stomach pain, vomiting",1,General Physician,Pomegranate,Spicy street food,Brisk walking,ORS,Standard OTC ORS for symptomatic relief.,650,Ginger and honey tea for sore throat.,Putting oil or ghee on open wounds.
381,Sunburn,Skin,"body ache, nausea, vomiting",1,General Physician,Boiled vegetables,Cold drinks,Complete Bed Rest,Ibuprofen,Standard OTC Ibuprofen for symptomatic relief.,500,Saltwater gargles for throat infection.,Putting onions in armpits to reduce fever.
382,Chickenpox,Infectious,"body ache, itching, nausea",1,General Physician,Moong Dal Khichdi,Cold drinks,Light stretching,Paracetamol,Standard OTC Paracetamol for symptomatic relief.,250,Ginger and honey tea for sore throat.,Using battery acid for skin patches.
383,Influenza,Infectious,"headache, itching, vomiting",6,Specialist Doctor,Papaya,Cold drinks,Complete Bed Rest,N/A - Prescription Required,Severity is high. Automatic recommendation disabled to ensure safety. Consult a doctor.,0,Coconut water for rehydration.,Putting onions in armpits to reduce fever.
384,Amoebiasis,Gastrointestinal,"cough, fatigue, fever",7,Specialist Doctor,Boiled vegetables,Cold drinks,Complete Bed Rest,N/A - Prescription Required,Severity is high. Automatic recommendation disabled to ensure safety. Consult a doctor.,0,Saltwater gargles for throat infection.,Using battery acid for skin patches.
385,Acidity,Gastrointestinal,"body ache, headache, nausea",4,General Physician,Pomegranate,Spicy street food,Brisk walking,Omeprazole,Standard OTC Omeprazole for symptomatic relief.,500,Saltwater gargles for throat infection.,Rubbing heavy salt on rashes.
386,Food Poisoning,Gastrointestinal,"itching, nausea, stomach pain",7,Specialist Doctor,Papaya,Raw salads (if infectious),Complete Bed Rest,N/A - Prescription Required,Severity is high. Automatic recommendation disabled to ensure safety. Consult a doctor.,0,Warm turmeric milk (Haldi Doodh) for immunity.,Putting onions in armpits to reduce fever.
387,Dehydration,General,"body ache, fatigue, vomiting",1,General Physician,Pomegranate,Excessive caffeine,Brisk walking,Loperamide,Standard OTC Loperamide for symptomatic relief.,250,Jeera water for digestion.,Putting oil or ghee on open wounds.
388,Amoebiasis,Gastrointestinal,"cough, fatigue, headache",6,Specialist Doctor,Moong Dal Khichdi,Deep-fried pakoras,Complete Bed Rest,N/A - Prescription Required,Severity is high. Automatic recommendation disabled to ensure safety. Consult a doctor.,0,Coconut water for rehydration.,Applying Colgate/toothpaste on burns (causes infection).
389,Common Cold,Infectious,"fatigue, fever, nausea",7,Specialist Doctor,Moong Dal Khichdi,Cold drinks,Brisk walking,N/A - Prescription Required,Severity is high. Automatic recommendation disabled to ensure safety. Consult a doctor.,0,Saltwater gargles for throat infection.,Putting onions in armpits to reduce fever.
390,Bronchitis,Respiratory,"fatigue, stomach pain, vomiting",5,General Physician,Papaya,Spicy street food,Brisk walking,Paracetamol,Standard OTC Paracetamol for symptomatic relief.,250,Saltwater gargles for throat infection.,Using battery acid for skin patches.
391,Gastritis,Gastrointestinal,"fatigue, fever, stomach pain",6,Specialist Doctor,Boiled vegetables,Deep-fried pakoras,Light stretching,N/A - Prescription Required,Severity is high. Automatic recommendation disabled to ensure safety. Consult a doctor.,0,Warm turmeric milk (Haldi Doodh) for immunity.,Applying Colgate/toothpaste on burns (causes infection).
392,Anemia,General,"body ache, fatigue, headache",7,Specialist Doctor,Moong Dal Khichdi,Raw salads (if infectious),Brisk walking,N/A - Prescription Required,Severity is high. Automatic recommendation disabled to ensure safety. Consult a doctor.,0,Warm turmeric milk (Haldi Doodh) for immunity.,Rubbing heavy salt on rashes.
393,Bronchitis,Respiratory,"body ache, fatigue, itching",8,Specialist Doctor,Curd rice,Raw salads (if infectious),Complete Bed Rest,N/A - Prescription Required,Severity is high. Automatic recommendation disabled to ensure safety. Consult a doctor.,0,Warm turmeric milk (Haldi Doodh) for immunity.,Applying Colgate/toothpaste on burns (causes infection).
394,Malaria,Infectious,"cough, itching, vomiting",2,General Physician,Curd rice,Raw salads (if infectious),Anulom Vilom,Ibuprofen,Standard OTC Ibuprofen for symptomatic relief.,500,Jeera water for digestion.,Rubbing heavy salt on rashes.
395,Acidity,Gastrointestinal,"fever, headache, itching",4,General Physician,Pomegranate,Excessive caffeine,Brisk walking,Omeprazole,Standard OTC Omeprazole for symptomatic relief.,500,Saltwater gargles for throat infection.,Putting onions in armpits to reduce fever.
396,Vitamin D Deficiency,General,"fatigue, headache, stomach pain",5,General Physician,Boiled vegetables,Deep-fried pakoras,Brisk walking,Omeprazole,Standard OTC Omeprazole for symptomatic relief.,250,Jeera water for digestion.,Applying Colgate/toothpaste on burns (causes infection).
397,Common Cold,Infectious,"body ache, stomach pain, vomiting",1,General Physician,Curd rice,Excessive caffeine,Brisk walking,Ibuprofen,Standard OTC Ibuprofen for symptomatic relief.,250,Ginger and honey tea for sore throat.,Rubbing heavy salt on rashes.
398,Vitamin D Deficiency,General,"body ache, itching, stomach pain",4,General Physician,Pomegranate,Raw salads (if infectious),Light stretching,ORS,Standard OTC ORS for symptomatic relief.,650,Jeera water for digestion.,Putting oil or ghee on open wounds.
399,Diarrhea,Gastrointestinal,"fatigue, fever, vomiting",6,Specialist Doctor,Curd rice,Cold drinks,Brisk walking,N/A - Prescription Required,Severity is high. Automatic recommendation disabled to ensure safety. Consult a doctor.,0,Ginger and honey tea for sore throat.,Applying Colgate/toothpaste on burns (causes infection).
400,Acne,Skin,"cough, headache, vomiting",4,General Physician,Papaya,Spicy street food,Complete Bed Rest,Cetirizine,Standard OTC Cetirizine for symptomatic relief.,650,Ginger and honey tea for sore throat.,Rubbing heavy salt on rashes.
401,Sunburn,Skin,"cough, itching, vomiting",5,General Physician,Papaya,Cold drinks,Light stretching,Ibuprofen,Standard OTC Ibuprofen for symptomatic relief.,650,Warm turmeric milk (Haldi Doodh) for immunity.,Applying Colgate/toothpaste on burns (causes infection).
402,Allergic Rhinitis,Respiratory,"fatigue, fever, stomach pain",2,General Physician,Pomegranate,Excessive caffeine,Light stretching,Paracetamol,Standard OTC Paracetamol for symptomatic relief.,250,Ginger and honey tea for sore throat.,Putting onions in armpits to reduce fever.
403,Diarrhea,Gastrointestinal,"cough, itching, nausea",10,Specialist Doctor,Moong Dal Khichdi,Cold drinks,Complete Bed Rest,N/A - Prescription Required,Severity is high. Automatic recommendation disabled to ensure safety. Consult a doctor.,0,Ginger and honey tea for sore throat.,Rubbing heavy salt on rashes.
404,Gastritis,Gastrointestinal,"body ache, headache, vomiting",6,Specialist Doctor,Boiled vegetables,Excessive caffeine,Yoga (Pranayama),N/A - Prescription Required,Severity is high. Automatic recommendation disabled to ensure safety. Consult a doctor.,0,Coconut water for rehydration.,Rubbing heavy salt on rashes.
405,Allergic Rhinitis,Respiratory,"body ache, nausea, vomiting",8,Specialist Doctor,Pomegranate,Deep-fried pakoras,Complete Bed Rest,N/A - Prescription Required,Severity is high. Automatic recommendation disabled to ensure safety. Consult a doctor.,0,Ginger and honey tea for sore throat.,Putting oil or ghee on open wounds.
406,Common Cold,Infectious,"cough, itching, stomach pain",4,General Physician,Curd rice,Spicy street food,Brisk walking,Loperamide,Standard OTC Loperamide for symptomatic relief.,250,Warm turmeric milk (Haldi Doodh) for immunity.,Putting oil or ghee on open wounds.
407,Gastritis,Gastrointestinal,"cough, itching, nausea",4,General Physician,Papaya,Raw salads (if infectious),Brisk walking,ORS,Standard OTC ORS for symptomatic relief.,650,Saltwater gargles for throat infection.,Rubbing heavy salt on rashes.
408,Vitamin D Deficiency,General,"body ache, itching, vomiting",3,General Physician,Moong Dal Khichdi,Raw salads (if infectious),Light stretching,Paracetamol,Standard OTC Paracetamol for symptomatic relief.,500,Jeera water for digestion.,Putting onions in armpits to reduce fever.
409,Diarrhea,Gastrointestinal,"cough, fatigue, fever",3,General Physician,Curd rice,Raw salads (if infectious),Brisk walking,Loperamide,Standard OTC Loperamide for symptomatic relief.,500,Jeera water for digestion.,Putting oil or ghee on open wounds.
410,Sunburn,Skin,"headache, itching, stomach pain",4,General Physician,Papaya,Deep-fried pakoras,Anulom Vilom,Loperamide,Standard OTC Loperamide for symptomatic relief.,650,Jeera water for digestion.,Putting oil or ghee on open wounds.
411,Sunburn,Skin,"fever, nausea, stomach pain",10,Specialist Doctor,Papaya,Cold drinks,Complete Bed Rest,N/A - Prescription Required,Severity is high. Automatic recommendation disabled to ensure safety. Consult a doctor.,0,Ginger and honey tea for sore throat.,Putting oil or ghee on open wounds.
412,Anemia,General,"fatigue, headache, stomach pain",6,Specialist Doctor,Papaya,Spicy street food,Anulom Vilom,N/A - Prescription Required,Severity is high. Automatic recommendation disabled to ensure safety. Consult a doctor.,0,Warm turmeric milk (Haldi Doodh) for immunity.,Putting onions in armpits to reduce fever.
413,Typhoid,Infectious,"fatigue, fever, vomiting",6,Specialist Doctor,Moong Dal Khichdi,Deep-fried pakoras,Light stretching,N/A - Prescription Required,Severity is high. Automatic recommendation disabled to ensure safety. Consult a doctor.,0,Ginger and honey tea for sore throat.,Using battery acid for skin patches.
414,Amoebiasis,Gastrointestinal,"fatigue, itching, nausea",3,General Physician,Papaya,Raw salads (if infectious),Light stretching,ORS,Standard OTC ORS for symptomatic relief.,250,Coconut water for rehydration.,Using battery acid for skin patches.
415,Acne,Skin,"body ache, headache, itching",6,Specialist Doctor,Curd rice,Deep-fried pakoras,Yoga (Pranayama),N/A - Prescription Required,Severity is high. Automatic recommendation disabled to ensure safety. Consult a doctor.,0,Coconut water for rehydration.,Rubbing heavy salt on rashes.
416,Allergic Rhinitis,Respiratory,"headache, itching, stomach pain",8,Specialist Doctor,Curd rice,Raw salads (if infectious),Complete Bed Rest,N/A - Prescription Required,Severity is high. Automatic recommendation disabled to ensure safety. Consult a doctor.,0,Saltwater gargles for throat infection.,Applying Colgate/toothpaste on burns (causes infection).
417,Anemia,General,"cough, fatigue, vomiting",1,General Physician,Boiled vegetables,Deep-fried pakoras,Light stretching,Cetirizine,Standard OTC Cetirizine for symptomatic relief.,650,Coconut water for rehydration.,Putting oil or ghee on open wounds.
418,Bronchitis,Respiratory,"fatigue, fever, vomiting",3,General Physician,Boiled vegetables,Raw salads (if infectious),Brisk walking,ORS,Standard OTC ORS for symptomatic relief.,650,Coconut water for rehydration.,Using battery acid for skin patches.
419,Malaria,Infectious,"headache, nausea, vomiting",8,Specialist Doctor,Papaya,Raw salads (if infectious),Complete Bed Rest,N/A - Prescription Required,Severity is high. Automatic recommendation disabled to ensure safety. Consult a doctor.,0,Warm turmeric milk (Haldi Doodh) for immunity.,Using battery acid for skin patches.
420,Sinusitis,Respiratory,"fatigue, headache, stomach pain",10,Specialist Doctor,Boiled vegetables,Excessive caffeine,Light stretching,N/A - Prescription Required,Severity is high. Automatic recommendation disabled to ensure safety. Consult a doctor.,0,Saltwater gargles for throat infection.,Applying Colgate/toothpaste on burns (causes infection).
421,Vitamin D Deficiency,General,"cough, fatigue, vomiting",9,Specialist Doctor,Pomegranate,Spicy street food,Anulom Vilom,N/A - Prescription Required,Severity is high. Automatic recommendation disabled to ensure safety. Consult a doctor.,0,Ginger and honey tea for sore throat.,Rubbing heavy salt on rashes.
422,Vitamin D Deficiency,General,"cough, headache, nausea",4,General Physician,Curd rice,Deep-fried pakoras,Light stretching,Paracetamol,Standard OTC Paracetamol for symptomatic relief.,650,Saltwater gargles for throat infection.,Applying Colgate/toothpaste on burns (causes infection).
423,Acidity,Gastrointestinal,"cough, stomach pain, vomiting",7,Specialist Doctor,Papaya,Raw salads (if infectious),Yoga (Pranayama),N/A - Prescription Required,Severity is high. Automatic recommendation disabled to ensure safety. Consult a doctor.,0,Saltwater gargles for throat infection.,Putting onions in armpits to reduce fever.
424,Vitamin D Deficiency,General,"headache, itching, vomiting",5,General Physician,Boiled vegetables,Excessive caffeine,Brisk walking,ORS,Standard OTC ORS for symptomatic relief.,500,Jeera water for digestion.,Applying Colgate/toothpaste on burns (causes infection).
425,Fungal Infection,Skin,"body ache, itching, stomach pain",4,General Physician,Curd rice,Raw salads (if infectious),Brisk walking,Loperamide,Standard OTC Loperamide for symptomatic relief.,650,Warm turmeric milk (Haldi Doodh) for immunity.,Using battery acid for skin patches.
426,Diarrhea,Gastrointestinal,"cough, fever, headache",6,Specialist Doctor,Pomegranate,Raw salads (if infectious),Brisk walking,N/A - Prescription Required,Severity is high. Automatic recommendation disabled to ensure safety. Consult a doctor.,0,Ginger and honey tea for sore throat.,Putting onions in armpits to reduce fever.
427,Bronchitis,Respiratory,"body ache, cough, headache",10,Specialist Doctor,Boiled vegetables,Cold drinks,Light stretching,N/A - Prescription Required,Severity is high. Automatic recommendation disabled to ensure safety. Consult a doctor.,0,Warm turmeric milk (Haldi Doodh) for immunity.,Putting onions in armpits to reduce fever.
428,Acne,Skin,"body ache, fatigue, headache",9,Specialist Doctor,Pomegranate,Excessive caffeine,Light stretching,N/A - Prescription Required,Severity is high. Automatic recommendation disabled to ensure safety. Consult a doctor.,0,Coconut water for rehydration.,Rubbing heavy salt on rashes.
429,Diarrhea,Gastrointestinal,"headache, nausea, stomach pain",6,Specialist Doctor,Curd rice,Raw salads (if infectious),Yoga (Pranayama),N/A - Prescription Required,Severity is high. Automatic recommendation disabled to ensure safety. Consult a doctor.,0,Ginger and honey tea for sore throat.,Putting oil or ghee on open wounds.
430,Acne,Skin,"headache, itching, stomach pain",9,Specialist Doctor,Curd rice,Deep-fried pakoras,Yoga (Pranayama),N/A - Prescription Required,Severity is high. Automatic recommendation disabled to ensure safety. Consult a doctor.,0,Ginger and honey tea for sore throat.,Putting oil or ghee on open wounds.
431,Vitamin D Deficiency,General,"fatigue, fever, itching",6,Specialist Doctor,Pomegranate,Cold drinks,Complete Bed Rest,N/A - Prescription Required,Severity is high. Automatic recommendation disabled to ensure safety. Consult a doctor.,0,Saltwater gargles for throat infection.,Rubbing heavy salt on rashes.
432,Dengue,Infectious,"fatigue, itching, vomiting",4,General Physician,Papaya,Excessive caffeine,Complete Bed Rest,ORS,Standard OTC ORS for symptomatic relief.,250,Coconut water for rehydration.,Applying Colgate/toothpaste on burns (causes infection).
433,Allergic Rhinitis,Respiratory,"itching, nausea, stomach pain",3,General Physician,Curd rice,Spicy street food,Light stretching,Omeprazole,Standard OTC Omeprazole for symptomatic relief.,650,Ginger and honey tea for sore throat.,Putting onions in armpits to reduce fever.
434,Acne,Skin,"fatigue, headache, vomiting",5,General Physician,Moong Dal Khichdi,Excessive caffeine,Light stretching,Cetirizine,Standard OTC Cetirizine for symptomatic relief.,650,Saltwater gargles for throat infection.,Putting oil or ghee on open wounds.
435,Bronchitis,Respiratory,"body ache, fatigue, itching",5,General Physician,Pomegranate,Cold drinks,Brisk walking,Cetirizine,Standard OTC Cetirizine for symptomatic relief.,250,Saltwater gargles for throat infection.,Putting oil or ghee on open wounds.
436,Acne,Skin,"fever, headache, nausea",6,Specialist Doctor,Pomegranate,Cold drinks,Light stretching,N/A - Prescription Required,Severity is high. Automatic recommendation disabled to ensure safety. Consult a doctor.,0,Coconut water for rehydration.,Putting oil or ghee on open wounds.
437,Asthma,Respiratory,"body ache, headache, itching",5,General Physician,Curd rice,Spicy street food,Complete Bed Rest,Loperamide,Standard OTC Loperamide for symptomatic relief.,250,Jeera water for digestion.,Using battery acid for skin patches.
438,Bronchitis,Respiratory,"body ache, fever, itching",8,Specialist Doctor,Papaya,Spicy street food,Complete Bed Rest,N/A - Prescription Required,Severity is high. Automatic recommendation disabled to ensure safety. Consult a doctor.,0,Saltwater gargles for throat infection.,Using battery acid for skin patches.
439,Chickenpox,Infectious,"body ache, headache, stomach pain",1,General Physician,Curd rice,Excessive caffeine,Light stretching,Omeprazole,Standard OTC Omeprazole for symptomatic relief.,650,Warm turmeric milk (Haldi Doodh) for immunity.,Using battery acid for skin patches.
440,Dehydration,General,"cough, itching, nausea",5,General Physician,Curd rice,Excessive caffeine,Light stretching,Paracetamol,Standard OTC Paracetamol for symptomatic relief.,650,Warm turmeric milk (Haldi Doodh) for immunity.,Putting onions in armpits to reduce fever.
441,Sunburn,Skin,"nausea, stomach pain, vomiting",1,General Physician,Pomegranate,Raw salads (if infectious),Anulom Vilom,Cetirizine,Standard OTC Cetirizine for symptomatic relief.,250,Coconut water for rehydration.,Using battery acid for skin patches.
442,Bronchitis,Respiratory,"body ache, fatigue, vomiting",2,General Physician,Moong Dal Khichdi,Cold drinks,Anulom Vilom,Paracetamol,Standard OTC Paracetamol for symptomatic relief.,650,Jeera water for digestion.,Applying Colgate/toothpaste on burns (causes infection).
443,Food Poisoning,Gastrointestinal,"body ache, nausea, vomiting",2,General Physician,Curd rice,Raw salads (if infectious),Complete Bed Rest,Ibuprofen,Standard OTC Ibuprofen for symptomatic relief.,500,Ginger and honey tea for sore throat.,Using battery acid for skin patches.
444,Anemia,General,"body ache, cough, itching",6,Specialist Doctor,Moong Dal Khichdi,Deep-fried pakoras,Light stretching,N/A - Prescription Required,Severity is high. Automatic recommendation disabled to ensure safety. Consult a doctor.,0,Saltwater gargles for throat infection.,Putting oil or ghee on open wounds.
445,Asthma,Respiratory,"fatigue, fever, itching",2,General Physician,Boiled vegetables,Cold drinks,Brisk walking,Paracetamol,Standard OTC Paracetamol for symptomatic relief.,250,Jeera water for digestion.,Applying Colgate/toothpaste on burns (causes infection).
446,Common Cold,Infectious,"body ache, cough, itching",3,General Physician,Papaya,Spicy street food,Yoga (Pranayama),Ibuprofen,Standard OTC Ibuprofen for symptomatic relief.,500,Jeera water for digestion.,Putting oil or ghee on open wounds.
447,Dehydration,General,"fatigue, itching, nausea",9,Specialist Doctor,Curd rice,Cold drinks,Complete Bed Rest,N/A - Prescription Required,Severity is high. Automatic recommendation disabled to ensure safety. Consult a doctor.,0,Saltwater gargles for throat infection.,Using battery acid for skin patches.
448,Chickenpox,Infectious,"cough, itching, nausea",1,General Physician,Papaya,Cold drinks,Light stretching,Paracetamol,Standard OTC Paracetamol for symptomatic relief.,500,Ginger and honey tea for sore throat.,Putting onions in armpits to reduce fever.
449,Diarrhea,Gastrointestinal,"body ache, headache, vomiting",5,General Physician,Moong Dal Khichdi,Cold drinks,Light stretching,Omeprazole,Standard OTC Omeprazole for symptomatic relief.,500,Saltwater gargles for throat infection.,Putting onions in armpits to reduce fever.
450,Fungal Infection,Skin,"body ache, fatigue, itching",5,General Physician,Curd rice,Spicy street food,Anulom Vilom,ORS,Standard OTC ORS for symptomatic relief.,650,Coconut water for rehydration.,Using battery acid for skin patches.
451,Asthma,Respiratory,"cough, nausea, vomiting",10,Specialist Doctor,Curd rice,Spicy street food,Brisk walking,N/A - Prescription Required,Severity is high. Automatic recommendation disabled to ensure safety. Consult a doctor.,0,Coconut water for rehydration.,Putting oil or ghee on open wounds.
452,Sinusitis,Respiratory,"body ache, cough, headache",2,General Physician,Papaya,Spicy street food,Light stretching,Omeprazole,Standard OTC Omeprazole for symptomatic relief.,250,Coconut water for rehydration.,Putting onions in armpits to reduce fever.
453,Influenza,Infectious,"itching, nausea, stomach pain",6,Specialist Doctor,Moong Dal Khichdi,Excessive caffeine,Yoga (Pranayama),N/A - Prescription Required,Severity is high. Automatic recommendation disabled to ensure safety. Consult a doctor.,0,Saltwater gargles for throat infection.,Putting oil or ghee on open wounds.
454,Influenza,Infectious,"body ache, fatigue, stomach pain",9,Specialist Doctor,Moong Dal Khichdi,Cold drinks,Yoga (Pranayama),N/A - Prescription Required,Severity is high. Automatic recommendation disabled to ensure safety. Consult a doctor.,0,Jeera water for digestion.,Applying Colgate/toothpaste on burns (causes infection).
455,Bronchitis,Respiratory,"itching, nausea, stomach pain",9,Specialist Doctor,Pomegranate,Excessive caffeine,Light stretching,N/A - Prescription Required,Severity is high. Automatic recommendation disabled to ensure safety. Consult a doctor.,0,Saltwater gargles for throat infection.,Rubbing heavy salt on rashes.
456,Dehydration,General,"body ache, fever, nausea",6,Specialist Doctor,Papaya,Spicy street food,Anulom Vilom,N/A - Prescription Required,Severity is high. Automatic recommendation disabled to ensure safety. Consult a doctor.,0,Ginger and honey tea for sore throat.,Putting onions in armpits to reduce fever.
457,Fungal Infection,Skin,"fatigue, fever, headache",1,General Physician,Moong Dal Khichdi,Deep-fried pakoras,Yoga (Pranayama),Ibuprofen,Standard OTC Ibuprofen for symptomatic relief.,650,Coconut water for rehydration.,Using battery acid for skin patches.
458,Heat Stroke,General,"body ache, cough, vomiting",10,Specialist Doctor,Curd rice,Excessive caffeine,Yoga (Pranayama),N/A - Prescription Required,Severity is high. Automatic recommendation disabled to ensure safety. Consult a doctor.,0,Ginger and honey tea for sore throat.,Applying Colgate/toothpaste on burns (causes infection).
459,Eczema,Skin,"body ache, fever, nausea",6,Specialist Doctor,Papaya,Cold drinks,Yoga (Pranayama),N/A - Prescription Required,Severity is high. Automatic recommendation disabled to ensure safety. Consult a doctor.,0,Saltwater gargles for throat infection.,Putting oil or ghee on open wounds.
460,Gastritis,Gastrointestinal,"fatigue, fever, headache",4,General Physician,Papaya,Excessive caffeine,Anulom Vilom,Paracetamol,Standard OTC Paracetamol for symptomatic relief.,500,Ginger and honey tea for sore throat.,Applying Colgate/toothpaste on burns (causes infection).
461,Bronchitis,Respiratory,"body ache, cough, fatigue",5,General Physician,Papaya,Spicy street food,Complete Bed Rest,Paracetamol,Standard OTC Paracetamol for symptomatic relief.,250,Warm turmeric milk (Haldi Doodh) for immunity.,Using battery acid for skin patches.
462,Heat Stroke,General,"body ache, fatigue, headache",4,General Physician,Moong Dal Khichdi,Cold drinks,Yoga (Pranayama),Ibuprofen,Standard OTC Ibuprofen for symptomatic relief.,500,Jeera water for digestion.,Rubbing heavy salt on rashes.
463,Sunburn,Skin,"headache, itching, vomiting",7,Specialist Doctor,Boiled vegetables,Raw salads (if infectious),Anulom Vilom,N/A - Prescription Required,Severity is high. Automatic recommendation disabled to ensure safety. Consult a doctor.,0,Jeera water for digestion.,Putting onions in armpits to reduce fever.
464,Common Cold,Infectious,"fatigue, fever, vomiting",3,General Physician,Moong Dal Khichdi,Spicy street food,Brisk walking,Ibuprofen,Standard OTC Ibuprofen for symptomatic relief.,250,Saltwater gargles for throat infection.,Putting oil or ghee on open wounds.
465,Acne,Skin,"fatigue, nausea, stomach pain",9,Specialist Doctor,Boiled vegetables,Raw salads (if infectious),Brisk walking,N/A - Prescription Required,Severity is high. Automatic recommendation disabled to ensure safety. Consult a doctor.,0,Coconut water for rehydration.,Putting oil or ghee on open wounds.
466,Heat Rash,Skin,"itching, nausea, stomach pain",3,General Physician,Boiled vegetables,Deep-fried pakoras,Brisk walking,Paracetamol,Standard OTC Paracetamol for symptomatic relief.,250,Jeera water for digestion.,Putting oil or ghee on open wounds.
467,Vitamin D Deficiency,General,"fever, nausea, vomiting",10,Specialist Doctor,Papaya,Cold drinks,Complete Bed Rest,N/A - Prescription Required,Severity is high. Automatic recommendation disabled to ensure safety. Consult a doctor.,0,Saltwater gargles for throat infection.,Rubbing heavy salt on rashes.
468,Dengue,Infectious,"body ache, stomach pain, vomiting",6,Specialist Doctor,Boiled vegetables,Deep-fried pakoras,Complete Bed Rest,N/A - Prescription Required,Severity is high. Automatic recommendation disabled to ensure safety. Consult a doctor.,0,Saltwater gargles for throat infection.,Putting onions in armpits to reduce fever.
469,Diarrhea,Gastrointestinal,"fatigue, itching, vomiting",8,Specialist Doctor,Moong Dal Khichdi,Deep-fried pakoras,Anulom Vilom,N/A - Prescription Required,Severity is high. Automatic recommendation disabled to ensure safety. Consult a doctor.,0,Ginger and honey tea for sore throat.,Applying Colgate/toothpaste on burns (causes infection).
470,Vitamin D Deficiency,General,"fatigue, itching, vomiting",1,General Physician,Curd rice,Excessive caffeine,Light stretching,Loperamide,Standard OTC Loperamide for symptomatic relief.,500,Warm turmeric milk (Haldi Doodh) for immunity.,Using battery acid for skin patches.
471,Sinusitis,Respiratory,"body ache, fever, itching",4,General Physician,Pomegranate,Deep-fried pakoras,Complete Bed Rest,Omeprazole,Standard OTC Omeprazole for symptomatic relief.,250,Saltwater gargles for throat infection.,Putting oil or ghee on open wounds.
472,Sinusitis,Respiratory,"headache, itching, vomiting",3,General Physician,Moong Dal Khichdi,Raw salads (if infectious),Yoga (Pranayama),Cetirizine,Standard OTC Cetirizine for symptomatic relief.,650,Coconut water for rehydration.,Using battery acid for skin patches.
473,Diarrhea,Gastrointestinal,"body ache, fatigue, headache",3,General Physician,Curd rice,Raw salads (if infectious),Yoga (Pranayama),Loperamide,Standard OTC Loperamide for symptomatic relief.,250,Ginger and honey tea for sore throat.,Putting oil or ghee on open wounds.
474,Fungal Infection,Skin,"cough, fever, vomiting",5,General Physician,Moong Dal Khichdi,Cold drinks,Complete Bed Rest,Omeprazole,Standard OTC Omeprazole for symptomatic relief.,650,Warm turmeric milk (Haldi Doodh) for immunity.,Rubbing heavy salt on rashes.
475,Anemia,General,"headache, stomach pain, vomiting",9,Specialist Doctor,Boiled vegetables,Spicy street food,Brisk walking,N/A - Prescription Required,Severity is high. Automatic recommendation disabled to ensure safety. Consult a doctor.,0,Jeera water for digestion.,Putting onions in armpits to reduce fever.
476,Dehydration,General,"cough, fatigue, vomiting",9,Specialist Doctor,Pomegranate,Spicy street food,Brisk walking,N/A - Prescription Required,Severity is high. Automatic recommendation disabled to ensure safety. Consult a doctor.,0,Warm turmeric milk (Haldi Doodh) for immunity.,Putting oil or ghee on open wounds.
477,Dehydration,General,"fever, headache, itching",2,General Physician,Pomegranate,Spicy street food,Light stretching,Paracetamol,Standard OTC Paracetamol for symptomatic relief.,500,Coconut water for rehydration.,Rubbing heavy salt on rashes.
478,Amoebiasis,Gastrointestinal,"fever, headache, nausea",3,General Physician,Boiled vegetables,Raw salads (if infectious),Anulom Vilom,Paracetamol,Standard OTC Paracetamol for symptomatic relief.,500,Saltwater gargles for throat infection.,Rubbing heavy salt on rashes.
479,Sunburn,Skin,"body ache, headache, vomiting",5,General Physician,Pomegranate,Excessive caffeine,Anulom Vilom,Omeprazole,Standard OTC Omeprazole for symptomatic relief.,250,Saltwater gargles for throat infection.,Rubbing heavy salt on rashes.
480,Malaria,Infectious,"body ache, fatigue, headache",10,Specialist Doctor,Pomegranate,Cold drinks,Anulom Vilom,N/A - Prescription Required,Severity is high. Automatic recommendation disabled to ensure safety. Consult a doctor.,0,Warm turmeric milk (Haldi Doodh) for immunity.,Putting oil or ghee on open wounds.
481,Amoebiasis,Gastrointestinal,"cough, fever, headache",1,General Physician,Papaya,Raw salads (if infectious),Light stretching,Cetirizine,Standard OTC Cetirizine for symptomatic relief.,250,Ginger and honey tea for sore throat.,Applying Colgate/toothpaste on burns (causes infection).
482,Food Poisoning,Gastrointestinal,"cough, headache, itching",6,Specialist Doctor,Boiled vegetables,Cold drinks,Yoga (Pranayama),N/A - Prescription Required,Severity is high. Automatic recommendation disabled to ensure safety. Consult a doctor.,0,Ginger and honey tea for sore throat.,Using battery acid for skin patches.
483,Common Cold,Infectious,"body ache, fatigue, nausea",9,Specialist Doctor,Curd rice,Excessive caffeine,Yoga (Pranayama),N/A - Prescription Required,Severity is high. Automatic recommendation disabled to ensure safety. Consult a doctor.,0,Warm turmeric milk (Haldi Doodh) for immunity.,Applying Colgate/toothpaste on burns (causes infection).
484,Diarrhea,Gastrointestinal,"body ache, fever, headache",6,Specialist Doctor,Moong Dal Khichdi,Spicy street food,Light stretching,N/A - Prescription Required,Severity is high. Automatic recommendation disabled to ensure safety. Consult a doctor.,0,Ginger and honey tea for sore throat.,Putting oil or ghee on open wounds.
485,Dehydration,General,"cough, fatigue, vomiting",8,Specialist Doctor,Pomegranate,Raw salads (if infectious),Complete Bed Rest,N/A - Prescription Required,Severity is high. Automatic recommendation disabled to ensure safety. Consult a doctor.,0,Saltwater gargles for throat infection.,Applying Colgate/toothpaste on burns (causes infection).
486,Typhoid,Infectious,"body ache, nausea, stomach pain",2,General Physician,Moong Dal Khichdi,Spicy street food,Yoga (Pranayama),Paracetamol,Standard OTC Paracetamol for symptomatic relief.,250,Coconut water for rehydration.,Putting oil or ghee on open wounds.
487,Food Poisoning,Gastrointestinal,"body ache, fever, itching",4,General Physician,Moong Dal Khichdi,Raw salads (if infectious),Yoga (Pranayama),Omeprazole,Standard OTC Omeprazole for symptomatic relief.,500,Warm turmeric milk (Haldi Doodh) for immunity.,Applying Colgate/toothpaste on burns (causes infection).
488,Fungal Infection,Skin,"cough, nausea, vomiting",2,General Physician,Boiled vegetables,Spicy street food,Complete Bed Rest,Omeprazole,Standard OTC Omeprazole for symptomatic relief.,650,Ginger and honey tea for sore throat.,Rubbing heavy salt on rashes.
489,Bronchitis,Respiratory,"cough, headache, nausea",8,Specialist Doctor,Papaya,Excessive caffeine,Anulom Vilom,N/A - Prescription Required,Severity is high. Automatic recommendation disabled to ensure safety. Consult a doctor.,0,Warm turmeric milk (Haldi Doodh) for immunity.,Applying Colgate/toothpaste on burns (causes infection).
490,Vitamin D Deficiency,General,"cough, fever, vomiting",1,General Physician,Papaya,Excessive caffeine,Yoga (Pranayama),ORS,Standard OTC ORS for symptomatic relief.,650,Saltwater gargles for throat infection.,Rubbing heavy salt on rashes.
491,Typhoid,Infectious,"headache, itching, vomiting",5,General Physician,Moong Dal Khichdi,Deep-fried pakoras,Anulom Vilom,ORS,Standard OTC ORS for symptomatic relief.,650,Warm turmeric milk (Haldi Doodh) for immunity.,Using battery acid for skin patches.
492,Bronchitis,Respiratory,"body ache, fever, itching",1,General Physician,Papaya,Deep-fried pakoras,Light stretching,Ibuprofen,Standard OTC Ibuprofen for symptomatic relief.,500,Coconut water for rehydration.,Applying Colgate/toothpaste on burns (causes infection).
493,Acne,Skin,"fever, nausea, stomach pain",1,General Physician,Boiled vegetables,Deep-fried pakoras,Brisk walking,Ibuprofen,Standard OTC Ibuprofen for symptomatic relief.,650,Warm turmeric milk (Haldi Doodh) for immunity.,Putting onions in armpits to reduce fever.
494,Dengue,Infectious,"body ache, fatigue, itching",1,General Physician,Pomegranate,Deep-fried pakoras,Light stretching,Paracetamol,Standard OTC Paracetamol for symptomatic relief.,500,Coconut water for rehydration.,Applying Colgate/toothpaste on burns (causes infection).
495,Chickenpox,Infectious,"body ache, cough, itching",9,Specialist Doctor,Papaya,Raw salads (if infectious),Light stretching,N/A - Prescription Required,Severity is high. Automatic recommendation disabled to ensure safety. Consult a doctor.,0,Warm turmeric milk (Haldi Doodh) for immunity.,Putting onions in armpits to reduce fever.
496,Allergic Rhinitis,Respiratory,"body ache, fatigue, headache",3,General Physician,Curd rice,Excessive caffeine,Light stretching,Ibuprofen,Standard OTC Ibuprofen for symptomatic relief.,250,Saltwater gargles for throat infection.,Using battery acid for skin patches.
497,Vitamin D Deficiency,General,"body ache, fever, itching",7,Specialist Doctor,Curd rice,Deep-fried pakoras,Anulom Vilom,N/A - Prescription Required,Severity is high. Automatic recommendation disabled to ensure safety. Consult a doctor.,0,Coconut water for rehydration.,Putting oil or ghee on open wounds.
498,Anemia,General,"nausea, stomach pain, vomiting",9,Specialist Doctor,Pomegranate,Deep-fried pakoras,Complete Bed Rest,N/A - Prescription Required,Severity is high. Automatic recommendation disabled to ensure safety. Consult a doctor.,0,Jeera water for digestion.,Rubbing heavy salt on rashes.
499,Sunburn,Skin,"cough, itching, nausea",1,General Physician,Boiled vegetables,Deep-fried pakoras,Light stretching,ORS,Standard OTC ORS for symptomatic relief.,500,Ginger and honey tea for sore throat.,Putting oil or ghee on open wounds.
500,Eczema,Skin,"fatigue, itching, vomiting",2,General Physician,Boiled vegetables,Excessive caffeine,Brisk walking,Loperamide,Standard OTC Loperamide for symptomatic relief.,250,Coconut water for rehydration.,Putting onions in armpits to reduce fever.
501,Sunburn,Skin,"itching, nausea, vomiting",1,General Physician,Boiled vegetables,Spicy street food,Complete Bed Rest,Paracetamol,Standard OTC Paracetamol for symptomatic relief.,250,Ginger and honey tea for sore throat.,Putting onions in armpits to reduce fever.
502,Dehydration,General,"cough, fever, nausea",8,Specialist Doctor,Moong Dal Khichdi,Excessive caffeine,Anulom Vilom,N/A - Prescription Required,Severity is high. Automatic recommendation disabled to ensure safety. Consult a doctor.,0,Jeera water for digestion.,Putting onions in armpits to reduce fever.
503,Fungal Infection,Skin,"fever, nausea, vomiting",1,General Physician,Papaya,Raw salads (if infectious),Light stretching,Loperamide,Standard OTC Loperamide for symptomatic relief.,250,Coconut water for rehydration.,Putting oil or ghee on open wounds.
504,Allergic Rhinitis,Respiratory,"body ache, cough, fever",1,General Physician,Boiled vegetables,Raw salads (if infectious),Anulom Vilom,ORS,Standard OTC ORS for symptomatic relief.,500,Ginger and honey tea for sore throat.,Putting onions in armpits to reduce fever.
505,Diarrhea,Gastrointestinal,"body ache, fatigue, itching",10,Specialist Doctor,Boiled vegetables,Raw salads (if infectious),Complete Bed Rest,N/A - Prescription Required,Severity is high. Automatic recommendation disabled to ensure safety. Consult a doctor.,0,Warm turmeric milk (Haldi Doodh) for immunity.,Applying Colgate/toothpaste on burns (causes infection).
506,Allergic Rhinitis,Respiratory,"cough, fatigue, fever",5,General Physician,Boiled vegetables,Deep-fried pakoras,Brisk walking,ORS,Standard OTC ORS for symptomatic relief.,500,Coconut water for rehydration.,Putting onions in armpits to reduce fever.
507,Amoebiasis,Gastrointestinal,"cough, fatigue, itching",6,Specialist Doctor,Moong Dal Khichdi,Spicy street food,Anulom Vilom,N/A - Prescription Required,Severity is high. Automatic recommendation disabled to ensure safety. Consult a doctor.,0,Warm turmeric milk (Haldi Doodh) for immunity.,Rubbing heavy salt on rashes.
508,Heat Stroke,General,"itching, nausea, vomiting",7,Specialist Doctor,Curd rice,Cold drinks,Light stretching,N/A - Prescription Required,Severity is high. Automatic recommendation disabled to ensure safety. Consult a doctor.,0,Ginger and honey tea for sore throat.,Applying Colgate/toothpaste on burns (causes infection).
509,Amoebiasis,Gastrointestinal,"body ache, cough, fever",5,General Physician,Pomegranate,Spicy street food,Complete Bed Rest,ORS,Standard OTC ORS for symptomatic relief.,500,Coconut water for rehydration.,Putting onions in armpits to reduce fever.
510,Acne,Skin,"fever, headache, nausea",6,Specialist Doctor,Moong Dal Khichdi,Cold drinks,Brisk walking,N/A - Prescription Required,Severity is high. Automatic recommendation disabled to ensure safety. Consult a doctor.,0,Jeera water for digestion.,Using battery acid for skin patches.
511,Chickenpox,Infectious,"body ache, headache, nausea",10,Specialist Doctor,Papaya,Raw salads (if infectious),Light stretching,N/A - Prescription Required,Severity is high. Automatic recommendation disabled to ensure safety. Consult a doctor.,0,Saltwater gargles for throat infection.,Using battery acid for skin patches.
512,Sunburn,Skin,"cough, itching, stomach pain",2,General Physician,Papaya,Raw salads (if infectious),Anulom Vilom,Cetirizine,Standard OTC Cetirizine for symptomatic relief.,650,Ginger and honey tea for sore throat.,Putting oil or ghee on open wounds.
513,Bronchitis,Respiratory,"body ache, headache, stomach pain",10,Specialist Doctor,Curd rice,Raw salads (if infectious),Light stretching,N/A - Prescription Required,Severity is high. Automatic recommendation disabled to ensure safety. Consult a doctor.,0,Ginger and honey tea for sore throat.,Rubbing heavy salt on rashes.
514,Common Cold,Infectious,"itching, nausea, stomach pain",6,Specialist Doctor,Papaya,Cold drinks,Yoga (Pranayama),N/A - Prescription Required,Severity is high. Automatic recommendation disabled to ensure safety. Consult a doctor.,0,Saltwater gargles for throat infection.,Applying Colgate/toothpaste on burns (causes infection).
515,Acne,Skin,"fatigue, stomach pain, vomiting",1,General Physician,Boiled vegetables,Raw salads (if infectious),Anulom Vilom,Omeprazole,Standard OTC Omeprazole for symptomatic relief.,650,Jeera water for digestion.,Putting oil or ghee on open wounds.
516,Heat Stroke,General,"itching, nausea, vomiting",8,Specialist Doctor,Curd rice,Spicy street food,Brisk walking,N/A - Prescription Required,Severity is high. Automatic recommendation disabled to ensure safety. Consult a doctor.,0,Saltwater gargles for throat infection.,Putting onions in armpits to reduce fever.
517,Heat Rash,Skin,"headache, itching, vomiting",3,General Physician,Pomegranate,Excessive caffeine,Light stretching,ORS,Standard OTC ORS for symptomatic relief.,650,Saltwater gargles for throat infection.,Using battery acid for skin patches.
518,Bronchitis,Respiratory,"cough, fatigue, fever",2,General Physician,Moong Dal Khichdi,Deep-fried pakoras,Brisk walking,Ibuprofen,Standard OTC Ibuprofen for symptomatic relief.,250,Ginger and honey tea for sore throat.,Applying Colgate/toothpaste on burns (causes infection).
519,Common Cold,Infectious,"body ache, fatigue, fever",3,General Physician,Moong Dal Khichdi,Raw salads (if infectious),Light stretching,Loperamide,Standard OTC Loperamide for symptomatic relief.,250,Saltwater gargles for throat infection.,Using battery acid for skin patches.
520,Gastritis,Gastrointestinal,"cough, fatigue, itching",3,General Physician,Papaya,Cold drinks,Light stretching,ORS,Standard OTC ORS for symptomatic relief.,250,Coconut water for rehydration.,Rubbing heavy salt on rashes.
521,Chickenpox,Infectious,"fatigue, itching, vomiting",2,General Physician,Moong Dal Khichdi,Spicy street food,Light stretching,Omeprazole,Standard OTC Omeprazole for symptomatic relief.,650,Saltwater gargles for throat infection.,Putting onions in armpits to reduce fever.
522,Vitamin D Deficiency,General,"fever, nausea, stomach pain",1,General Physician,Papaya,Cold drinks,Yoga (Pranayama),Paracetamol,Standard OTC Paracetamol for symptomatic relief.,650,Jeera water for digestion.,Using battery acid for skin patches.
523,Typhoid,Infectious,"fever, nausea, stomach pain",1,General Physician,Boiled vegetables,Spicy street food,Brisk walking,Omeprazole,Standard OTC Omeprazole for symptomatic relief.,500,Coconut water for rehydration.,Rubbing heavy salt on rashes.
524,Anemia,General,"body ache, cough, stomach pain",2,General Physician,Pomegranate,Excessive caffeine,Anulom Vilom,Cetirizine,Standard OTC Cetirizine for symptomatic relief.,250,Ginger and honey tea for sore throat.,Putting oil or ghee on open wounds.
525,Asthma,Respiratory,"body ache, fatigue, nausea",9,Specialist Doctor,Curd rice,Excessive caffeine,Brisk walking,N/A - Prescription Required,Severity is high. Automatic recommendation disabled to ensure safety. Consult a doctor.,0,Saltwater gargles for throat infection.,Applying Colgate/toothpaste on burns (causes infection).
526,Fungal Infection,Skin,"body ache, fever, itching",5,General Physician,Pomegranate,Cold drinks,Brisk walking,Paracetamol,Standard OTC Paracetamol for symptomatic relief.,250,Saltwater gargles for throat infection.,Using battery acid for skin patches.
527,Eczema,Skin,"cough, fever, headache",7,Specialist Doctor,Moong Dal Khichdi,Raw salads (if infectious),Anulom Vilom,N/A - Prescription Required,Severity is high. Automatic recommendation disabled to ensure safety. Consult a doctor.,0,Jeera water for digestion.,Using battery acid for skin patches.
528,Asthma,Respiratory,"cough, fever, headache",9,Specialist Doctor,Boiled vegetables,Raw salads (if infectious),Brisk walking,N/A - Prescription Required,Severity is high. Automatic recommendation disabled to ensure safety. Consult a doctor.,0,Coconut water for rehydration.,Putting oil or ghee on open wounds.
529,Amoebiasis,Gastrointestinal,"body ache, headache, nausea",9,Specialist Doctor,Pomegranate,Deep-fried pakoras,Complete Bed Rest,N/A - Prescription Required,Severity is high. Automatic recommendation disabled to ensure safety. Consult a doctor.,0,Warm turmeric milk (Haldi Doodh) for immunity.,Putting oil or ghee on open wounds.
530,Heat Rash,Skin,"cough, fever, itching",10,Specialist Doctor,Moong Dal Khichdi,Spicy street food,Yoga (Pranayama),N/A - Prescription Required,Severity is high. Automatic recommendation disabled to ensure safety. Consult a doctor.,0,Coconut water for rehydration.,Using battery acid for skin patches.
531,Sunburn,Skin,"body ache, cough, fatigue",4,General Physician,Moong Dal Khichdi,Spicy street food,Brisk walking,Ibuprofen,Standard OTC Ibuprofen for symptomatic relief.,650,Ginger and honey tea for sore throat.,Applying Colgate/toothpaste on burns (causes infection).
532,Fungal Infection,Skin,"fatigue, fever, itching",5,General Physician,Pomegranate,Excessive caffeine,Anulom Vilom,Omeprazole,Standard OTC Omeprazole for symptomatic relief.,250,Ginger and honey tea for sore throat.,Rubbing heavy salt on rashes.
533,Vitamin D Deficiency,General,"body ache, cough, fever",1,General Physician,Curd rice,Excessive caffeine,Yoga (Pranayama),Ibuprofen,Standard OTC Ibuprofen for symptomatic relief.,250,Ginger and honey tea for sore throat.,Rubbing heavy salt on rashes.
534,Sinusitis,Respiratory,"cough, fatigue, itching",7,Specialist Doctor,Moong Dal Khichdi,Spicy street food,Light stretching,N/A - Prescription Required,Severity is high. Automatic recommendation disabled to ensure safety. Consult a doctor.,0,Jeera water for digestion.,Applying Colgate/toothpaste on burns (causes infection).
535,Malaria,Infectious,"headache, nausea, vomiting",6,Specialist Doctor,Moong Dal Khichdi,Excessive caffeine,Yoga (Pranayama),N/A - Prescription Required,Severity is high. Automatic recommendation disabled to ensure safety. Consult a doctor.,0,Saltwater gargles for throat infection.,Applying Colgate/toothpaste on burns (causes infection).
536,Sinusitis,Respiratory,"headache, nausea, vomiting",7,Specialist Doctor,Pomegranate,Excessive caffeine,Light stretching,N/A - Prescription Required,Severity is high. Automatic recommendation disabled to ensure safety. Consult a doctor.,0,Ginger and honey tea for sore throat.,Rubbing heavy salt on rashes.
537,Amoebiasis,Gastrointestinal,"fever, itching, nausea",9,Specialist Doctor,Moong Dal Khichdi,Cold drinks,Anulom Vilom,N/A - Prescription Required,Severity is high. Automatic recommendation disabled to ensure safety. Consult a doctor.,0,Saltwater gargles for throat infection.,Rubbing heavy salt on rashes.
538,Gastritis,Gastrointestinal,"body ache, headache, stomach pain",1,General Physician,Curd rice,Excessive caffeine,Complete Bed Rest,Ibuprofen,Standard OTC Ibuprofen for symptomatic relief.,250,Ginger and honey tea for sore throat.,Putting onions in armpits to reduce fever.
539,Typhoid,Infectious,"fatigue, nausea, stomach pain",5,General Physician,Curd rice,Spicy street food,Complete Bed Rest,Ibuprofen,Standard OTC Ibuprofen for symptomatic relief.,250,Ginger and honey tea for sore throat.,Putting onions in armpits to reduce fever.
540,Allergic Rhinitis,Respiratory,"headache, itching, stomach pain",7,Specialist Doctor,Pomegranate,Cold drinks,Anulom Vilom,N/A - Prescription Required,Severity is high. Automatic recommendation disabled to ensure safety. Consult a doctor.,0,Ginger and honey tea for sore throat.,Applying Colgate/toothpaste on burns (causes infection).
541,Eczema,Skin,"body ache, itching, stomach pain",1,General Physician,Curd rice,Excessive caffeine,Anulom Vilom,Loperamide,Standard OTC Loperamide for symptomatic relief.,650,Jeera water for digestion.,Applying Colgate/toothpaste on burns (causes infection).
542,Influenza,Infectious,"cough, fever, stomach pain",5,General Physician,Papaya,Deep-fried pakoras,Anulom Vilom,Loperamide,Standard OTC Loperamide for symptomatic relief.,650,Jeera water for digestion.,Putting oil or ghee on open wounds.
543,Common Cold,Infectious,"body ache, fatigue, vomiting",7,Specialist Doctor,Boiled vegetables,Raw salads (if infectious),Light stretching,N/A - Prescription Required,Severity is high. Automatic recommendation disabled to ensure safety. Consult a doctor.,0,Ginger and honey tea for sore throat.,Using battery acid for skin patches.
544,Acidity,Gastrointestinal,"cough, nausea, vomiting",9,Specialist Doctor,Moong Dal Khichdi,Excessive caffeine,Anulom Vilom,N/A - Prescription Required,Severity is high. Automatic recommendation disabled to ensure safety. Consult a doctor.,0,Jeera water for digestion.,Rubbing heavy salt on rashes.
545,Heat Rash,Skin,"fever, nausea, vomiting",7,Specialist Doctor,Papaya,Cold drinks,Complete Bed Rest,N/A - Prescription Required,Severity is high. Automatic recommendation disabled to ensure safety. Consult a doctor.,0,Ginger and honey tea for sore throat.,Using battery acid for skin patches.
546,Allergic Rhinitis,Respiratory,"body ache, fatigue, headache",7,Specialist Doctor,Curd rice,Raw salads (if infectious),Brisk walking,N/A - Prescription Required,Severity is high. Automatic recommendation disabled to ensure safety. Consult a doctor.,0,Ginger and honey tea for sore throat.,Putting oil or ghee on open wounds.
547,Sunburn,Skin,"fever, itching, nausea",8,Specialist Doctor,Curd rice,Cold drinks,Anulom Vilom,N/A - Prescription Required,Severity is high. Automatic recommendation disabled to ensure safety. Consult a doctor.,0,Warm turmeric milk (Haldi Doodh) for immunity.,Putting oil or ghee on open wounds.
548,Heat Rash,Skin,"fever, itching, nausea",6,Specialist Doctor,Curd rice,Raw salads (if infectious),Light stretching,N/A - Prescription Required,Severity is high. Automatic recommendation disabled to ensure safety. Consult a doctor.,0,Jeera water for digestion.,Putting oil or ghee on open wounds.
549,Heat Stroke,General,"cough, itching, vomiting",10,Specialist Doctor,Pomegranate,Excessive caffeine,Yoga (Pranayama),N/A - Prescription Required,Severity is high. Automatic recommendation disabled to ensure safety. Consult a doctor.,0,Warm turmeric milk (Haldi Doodh) for immunity.,Using battery acid for skin patches.
550,Dehydration,General,"body ache, cough, nausea",10,Specialist Doctor,Boiled vegetables,Deep-fried pakoras,Anulom Vilom,N/A - Prescription Required,Severity is high. Automatic recommendation disabled to ensure safety. Consult a doctor.,0,Warm turmeric milk (Haldi Doodh) for immunity.,Using battery acid for skin patches.
551,Bronchitis,Respiratory,"body ache, headache, nausea",7,Specialist Doctor,Moong Dal Khichdi,Excessive caffeine,Light stretching,N/A - Prescription Required,Severity is high. Automatic recommendation disabled to ensure safety. Consult a doctor.,0,Jeera water for digestion.,Putting onions in armpits to reduce fever.
552,Fungal Infection,Skin,"fatigue, nausea, vomiting",4,General Physician,Curd rice,Excessive caffeine,Light stretching,Loperamide,Standard OTC Loperamide for symptomatic relief.,650,Ginger and honey tea for sore throat.,Applying Colgate/toothpaste on burns (causes infection).
553,Typhoid,Infectious,"body ache, cough, fatigue",7,Specialist Doctor,Boiled vegetables,Excessive caffeine,Complete Bed Rest,N/A - Prescription Required,Severity is high. Automatic recommendation disabled to ensure safety. Consult a doctor.,0,Saltwater gargles for throat infection.,Using battery acid for skin patches.
554,Allergic Rhinitis,Respiratory,"body ache, cough, nausea",6,Specialist Doctor,Pomegranate,Raw salads (if infectious),Anulom Vilom,N/A - Prescription Required,Severity is high. Automatic recommendation disabled to ensure safety. Consult a doctor.,0,Saltwater gargles for throat infection.,Rubbing heavy salt on rashes.
555,Dehydration,General,"body ache, headache, itching",5,General Physician,Papaya,Raw salads (if infectious),Complete Bed Rest,Paracetamol,Standard OTC Paracetamol for symptomatic relief.,250,Jeera water for digestion.,Rubbing heavy salt on rashes.
556,Typhoid,Infectious,"fatigue, headache, vomiting",5,General Physician,Papaya,Excessive caffeine,Yoga (Pranayama),Ibuprofen,Standard OTC Ibuprofen for symptomatic relief.,650,Warm turmeric milk (Haldi Doodh) for immunity.,Putting oil or ghee on open wounds.
557,Sinusitis,Respiratory,"fever, itching, vomiting",6,Specialist Doctor,Moong Dal Khichdi,Raw salads (if infectious),Anulom Vilom,N/A - Prescription Required,Severity is high. Automatic recommendation disabled to ensure safety. Consult a doctor.,0,Saltwater gargles for throat infection.,Rubbing heavy salt on rashes.
558,Diarrhea,Gastrointestinal,"cough, headache, vomiting",4,General Physician,Pomegranate,Deep-fried pakoras,Light stretching,Ibuprofen,Standard OTC Ibuprofen for symptomatic relief.,500,Saltwater gargles for throat infection.,Using battery acid for skin patches.
559,Amoebiasis,Gastrointestinal,"headache, nausea, stomach pain",2,General Physician,Pomegranate,Spicy street food,Light stretching,Ibuprofen,Standard OTC Ibuprofen for symptomatic relief.,500,Saltwater gargles for throat infection.,Using battery acid for skin patches.
560,Malaria,Infectious,"cough, fever, headache",8,Specialist Doctor,Papaya,Excessive caffeine,Complete Bed Rest,N/A - Prescription Required,Severity is high. Automatic recommendation disabled to ensure safety. Consult a doctor.,0,Ginger and honey tea for sore throat.,Using battery acid for skin patches.
561,Vitamin D Deficiency,General,"cough, headache, vomiting",6,Specialist Doctor,Pomegranate,Deep-fried pakoras,Anulom Vilom,N/A - Prescription Required,Severity is high. Automatic recommendation disabled to ensure safety. Consult a doctor.,0,Jeera water for digestion.,Putting oil or ghee on open wounds.
562,Sinusitis,Respiratory,"cough, headache, nausea",4,General Physician,Moong Dal Khichdi,Cold drinks,Complete Bed Rest,Paracetamol,Standard OTC Paracetamol for symptomatic relief.,650,Jeera water for digestion.,Using battery acid for skin patches.
563,Asthma,Respiratory,"body ache, fatigue, vomiting",2,General Physician,Moong Dal Khichdi,Deep-fried pakoras,Complete Bed Rest,ORS,Standard OTC ORS for symptomatic relief.,250,Saltwater gargles for throat infection.,Using battery acid for skin patches.
564,Diarrhea,Gastrointestinal,"body ache, fatigue, headache",1,General Physician,Curd rice,Cold drinks,Brisk walking,Paracetamol,Standard OTC Paracetamol for symptomatic relief.,650,Warm turmeric milk (Haldi Doodh) for immunity.,Rubbing heavy salt on rashes.
565,Sunburn,Skin,"body ache, fever, itching",7,Specialist Doctor,Pomegranate,Cold drinks,Yoga (Pranayama),N/A - Prescription Required,Severity is high. Automatic recommendation disabled to ensure safety. Consult a doctor.,0,Jeera water for digestion.,Putting onions in armpits to reduce fever.
566,Diarrhea,Gastrointestinal,"headache, itching, nausea",9,Specialist Doctor,Curd rice,Deep-fried pakoras,Complete Bed Rest,N/A - Prescription Required,Severity is high. Automatic recommendation disabled to ensure safety. Consult a doctor.,0,Warm turmeric milk (Haldi Doodh) for immunity.,Applying Colgate/toothpaste on burns (causes infection).
567,Food Poisoning,Gastrointestinal,"cough, fever, itching",1,General Physician,Papaya,Deep-fried pakoras,Anulom Vilom,Ibuprofen,Standard OTC Ibuprofen for symptomatic relief.,500,Coconut water for rehydration.,Putting onions in armpits to reduce fever.
568,Allergic Rhinitis,Respiratory,"headache, nausea, stomach pain",2,General Physician,Curd rice,Deep-fried pakoras,Brisk walking,Loperamide,Standard OTC Loperamide for symptomatic relief.,500,Coconut water for rehydration.,Applying Colgate/toothpaste on burns (causes infection).
569,Food Poisoning,Gastrointestinal,"cough, fever, nausea",4,General Physician,Moong Dal Khichdi,Spicy street food,Brisk walking,ORS,Standard OTC ORS for symptomatic relief.,500,Jeera water for digestion.,Rubbing heavy salt on rashes.
570,Allergic Rhinitis,Respiratory,"fatigue, itching, vomiting",2,General Physician,Boiled vegetables,Raw salads (if infectious),Light stretching,Paracetamol,Standard OTC Paracetamol for symptomatic relief.,500,Jeera water for digestion.,Putting oil or ghee on open wounds.
571,Allergic Rhinitis,Respiratory,"body ache, nausea, stomach pain",6,Specialist Doctor,Pomegranate,Spicy street food,Light stretching,N/A - Prescription Required,Severity is high. Automatic recommendation disabled to ensure safety. Consult a doctor.,0,Coconut water for rehydration.,Rubbing heavy salt on rashes.
572,Anemia,General,"cough, itching, stomach pain",9,Specialist Doctor,Moong Dal Khichdi,Cold drinks,Brisk walking,N/A - Prescription Required,Severity is high. Automatic recommendation disabled to ensure safety. Consult a doctor.,0,Warm turmeric milk (Haldi Doodh) for immunity.,Putting onions in armpits to reduce fever.
573,Acidity,Gastrointestinal,"fatigue, nausea, vomiting",9,Specialist Doctor,Curd rice,Cold drinks,Yoga (Pranayama),N/A - Prescription Required,Severity is high. Automatic recommendation disabled to ensure safety. Consult a doctor.,0,Saltwater gargles for throat infection.,Applying Colgate/toothpaste on burns (causes infection).
574,Amoebiasis,Gastrointestinal,"itching, nausea, stomach pain",6,Specialist Doctor,Boiled vegetables,Deep-fried pakoras,Complete Bed Rest,N/A - Prescription Required,Severity is high. Automatic recommendation disabled to ensure safety. Consult a doctor.,0,Coconut water for rehydration.,Putting oil or ghee on open wounds.
575,Dengue,Infectious,"fatigue, headache, itching",7,Specialist Doctor,Papaya,Spicy street food,Light stretching,N/A - Prescription Required,Severity is high. Automatic recommendation disabled to ensure safety. Consult a doctor.,0,Jeera water for digestion.,Putting onions in armpits to reduce fever.
576,Chickenpox,Infectious,"cough, nausea, stomach pain",4,General Physician,Pomegranate,Spicy street food,Brisk walking,Omeprazole,Standard OTC Omeprazole for symptomatic relief.,650,Warm turmeric milk (Haldi Doodh) for immunity.,Rubbing heavy salt on rashes.
577,Gastritis,Gastrointestinal,"body ache, fatigue, nausea",8,Specialist Doctor,Moong Dal Khichdi,Spicy street food,Brisk walking,N/A - Prescription Required,Severity is high. Automatic recommendation disabled to ensure safety. Consult a doctor.,0,Warm turmeric milk (Haldi Doodh) for immunity.,Using battery acid for skin patches.
578,Typhoid,Infectious,"fever, itching, vomiting",10,Specialist Doctor,Boiled vegetables,Cold drinks,Light stretching,N/A - Prescription Required,Severity is high. Automatic recommendation disabled to ensure safety. Consult a doctor.,0,Ginger and honey tea for sore throat.,Rubbing heavy salt on rashes.
579,Heat Rash,Skin,"fever, headache, nausea",1,General Physician,Moong Dal Khichdi,Deep-fried pakoras,Complete Bed Rest,Ibuprofen,Standard OTC Ibuprofen for symptomatic relief.,500,Coconut water for rehydration.,Rubbing heavy salt on rashes.
580,Sunburn,Skin,"body ache, itching, stomach pain",5,General Physician,Pomegranate,Raw salads (if infectious),Brisk walking,Loperamide,Standard OTC Loperamide for symptomatic relief.,500,Warm turmeric milk (Haldi Doodh) for immunity.,Applying Colgate/toothpaste on burns (causes infection).
581,Fungal Infection,Skin,"fever, headache, nausea",7,Specialist Doctor,Moong Dal Khichdi,Excessive caffeine,Brisk walking,N/A - Prescription Required,Severity is high. Automatic recommendation disabled to ensure safety. Consult a doctor.,0,Jeera water for digestion.,Putting oil or ghee on open wounds.
582,Dehydration,General,"body ache, fatigue, fever",1,General Physician,Moong Dal Khichdi,Deep-fried pakoras,Yoga (Pranayama),Paracetamol,Standard OTC Paracetamol for symptomatic relief.,500,Ginger and honey tea for sore throat.,Putting oil or ghee on open wounds.
583,Allergic Rhinitis,Respiratory,"cough, fatigue, nausea",3,General Physician,Moong Dal Khichdi,Raw salads (if infectious),Light stretching,ORS,Standard OTC ORS for symptomatic relief.,650,Warm turmeric milk (Haldi Doodh) for immunity.,Putting oil or ghee on open wounds.
584,Acidity,Gastrointestinal,"body ache, itching, nausea",10,Specialist Doctor,Curd rice,Raw salads (if infectious),Complete Bed Rest,N/A - Prescription Required,Severity is high. Automatic recommendation disabled to ensure safety. Consult a doctor.,0,Jeera water for digestion.,Putting oil or ghee on open wounds.
585,Dehydration,General,"body ache, cough, itching",8,Specialist Doctor,Pomegranate,Deep-fried pakoras,Light stretching,N/A - Prescription Required,Severity is high. Automatic recommendation disabled to ensure safety. Consult a doctor.,0,Warm turmeric milk (Haldi Doodh) for immunity.,Putting onions in armpits to reduce fever.
586,Asthma,Respiratory,"cough, itching, stomach pain",8,Specialist Doctor,Pomegranate,Deep-fried pakoras,Light stretching,N/A - Prescription Required,Severity is high. Automatic recommendation disabled to ensure safety. Consult a doctor.,0,Jeera water for digestion.,Putting oil or ghee on open wounds.
587,Dehydration,General,"fever, headache, itching",1,General Physician,Moong Dal Khichdi,Spicy street food,Complete Bed Rest,Loperamide,Standard OTC Loperamide for symptomatic relief.,500,Jeera water for digestion.,Using battery acid for skin patches.
588,Bronchitis,Respiratory,"fatigue, fever, itching",8,Specialist Doctor,Papaya,Cold drinks,Complete Bed Rest,N/A - Prescription Required,Severity is high. Automatic recommendation disabled to ensure safety. Consult a doctor.,0,Warm turmeric milk (Haldi Doodh) for immunity.,Rubbing heavy salt on rashes.
589,Diarrhea,Gastrointestinal,"cough, fever, itching",3,General Physician,Boiled vegetables,Cold drinks,Anulom Vilom,Paracetamol,Standard OTC Paracetamol for symptomatic relief.,250,Saltwater gargles for throat infection.,Putting onions in armpits to reduce fever.
590,Dehydration,General,"headache, nausea, stomach pain",8,Specialist Doctor,Boiled vegetables,Cold drinks,Brisk walking,N/A - Prescription Required,Severity is high. Automatic recommendation disabled to ensure safety. Consult a doctor.,0,Jeera water for digestion.,Rubbing heavy salt on rashes.
591,Gastritis,Gastrointestinal,"headache, stomach pain, vomiting",7,Specialist Doctor,Pomegranate,Raw salads (if infectious),Anulom Vilom,N/A - Prescription Required,Severity is high. Automatic recommendation disabled to ensure safety. Consult a doctor.,0,Saltwater gargles for throat infection.,Applying Colgate/toothpaste on burns (causes infection).
592,Anemia,General,"cough, itching, nausea",8,Specialist Doctor,Curd rice,Deep-fried pakoras,Light stretching,N/A - Prescription Required,Severity is high. Automatic recommendation disabled to ensure safety. Consult a doctor.,0,Ginger and honey tea for sore throat.,Putting oil or ghee on open wounds.
593,Typhoid,Infectious,"fever, nausea, stomach pain",6,Specialist Doctor,Papaya,Excessive caffeine,Brisk walking,N/A - Prescription Required,Severity is high. Automatic recommendation disabled to ensure safety. Consult a doctor.,0,Saltwater gargles for throat infection.,Applying Colgate/toothpaste on burns (causes infection).
594,Diarrhea,Gastrointestinal,"cough, stomach pain, vomiting",4,General Physician,Curd rice,Spicy street food,Anulom Vilom,Ibuprofen,Standard OTC Ibuprofen for symptomatic relief.,250,Coconut water for rehydration.,Putting onions in armpits to reduce fever.
595,Malaria,Infectious,"cough, fever, stomach pain",4,General Physician,Curd rice,Raw salads (if infectious),Complete Bed Rest,Loperamide,Standard OTC Loperamide for symptomatic relief.,500,Ginger and honey tea for sore throat.,Using battery acid for skin patches.
596,Malaria,Infectious,"cough, itching, nausea",6,Specialist Doctor,Papaya,Cold drinks,Yoga (Pranayama),N/A - Prescription Required,Severity is high. Automatic recommendation disabled to ensure safety. Consult a doctor.,0,Saltwater gargles for throat infection.,Rubbing heavy salt on rashes.
597,Anemia,General,"headache, nausea, vomiting",6,Specialist Doctor,Curd rice,Deep-fried pakoras,Light stretching,N/A - Prescription Required,Severity is high. Automatic recommendation disabled to ensure safety. Consult a doctor.,0,Warm turmeric milk (Haldi Doodh) for immunity.,Using battery acid for skin patches.
598,Food Poisoning,Gastrointestinal,"fatigue, headache, itching",1,General Physician,Moong Dal Khichdi,Spicy street food,Light stretching,Loperamide,Standard OTC Loperamide for symptomatic relief.,650,Coconut water for rehydration.,Using battery acid for skin patches.
599,Fungal Infection,Skin,"headache, stomach pain, vomiting",3,General Physician,Papaya,Spicy street food,Brisk walking,Ibuprofen,Standard OTC Ibuprofen for symptomatic relief.,500,Ginger and honey tea for sore throat.,Rubbing heavy salt on rashes.
600,Chickenpox,Infectious,"body ache, itching, vomiting",1,General Physician,Boiled vegetables,Spicy street food,Brisk walking,Cetirizine,Standard OTC Cetirizine for symptomatic relief.,500,Warm turmeric milk (Haldi Doodh) for immunity.,Putting oil or ghee on open wounds.
601,Bronchitis,Respiratory,"body ache, cough, headache",10,Specialist Doctor,Boiled vegetables,Deep-fried pakoras,Yoga (Pranayama),N/A - Prescription Required,Severity is high. Automatic recommendation disabled to ensure safety. Consult a doctor.,0,Jeera water for digestion.,Applying Colgate/toothpaste on burns (causes infection).
602,Influenza,Infectious,"body ache, headache, stomach pain",1,General Physician,Curd rice,Cold drinks,Brisk walking,Paracetamol,Standard OTC Paracetamol for symptomatic relief.,250,Jeera water for digestion.,Putting oil or ghee on open wounds.
603,Asthma,Respiratory,"cough, itching, stomach pain",5,General Physician,Papaya,Deep-fried pakoras,Brisk walking,ORS,Standard OTC ORS for symptomatic relief.,250,Jeera water for digestion.,Putting onions in armpits to reduce fever.
604,Acne,Skin,"body ache, itching, stomach pain",4,General Physician,Boiled vegetables,Spicy street food,Light stretching,ORS,Standard OTC ORS for symptomatic relief.,650,Coconut water for rehydration.,Putting onions in armpits to reduce fever.
605,Sunburn,Skin,"fatigue, fever, vomiting",8,Specialist Doctor,Curd rice,Cold drinks,Brisk walking,N/A - Prescription Required,Severity is high. Automatic recommendation disabled to ensure safety. Consult a doctor.,0,Saltwater gargles for throat infection.,Putting oil or ghee on open wounds.
606,Malaria,Infectious,"fever, headache, nausea",8,Specialist Doctor,Curd rice,Raw salads (if infectious),Brisk walking,N/A - Prescription Required,Severity is high. Automatic recommendation disabled to ensure safety. Consult a doctor.,0,Saltwater gargles for throat infection.,Putting onions in armpits to reduce fever.
607,Diarrhea,Gastrointestinal,"cough, fatigue, itching",1,General Physician,Pomegranate,Deep-fried pakoras,Brisk walking,Ibuprofen,Standard OTC Ibuprofen for symptomatic relief.,650,Coconut water for rehydration.,Putting oil or ghee on open wounds.
608,Amoebiasis,Gastrointestinal,"fatigue, fever, headache",9,Specialist Doctor,Papaya,Raw salads (if infectious),Brisk walking,N/A - Prescription Required,Severity is high. Automatic recommendation disabled to ensure safety. Consult a doctor.,0,Coconut water for rehydration.,Putting oil or ghee on open wounds.
609,Heat Rash,Skin,"fatigue, itching, nausea",6,Specialist Doctor,Boiled vegetables,Cold drinks,Anulom Vilom,N/A - Prescription Required,Severity is high. Automatic recommendation disabled to ensure safety. Consult a doctor.,0,Coconut water for rehydration.,Using battery acid for skin patches.
610,Dengue,Infectious,"body ache, stomach pain, vomiting",7,Specialist Doctor,Boiled vegetables,Cold drinks,Brisk walking,N/A - Prescription Required,Severity is high. Automatic recommendation disabled to ensure safety. Consult a doctor.,0,Coconut water for rehydration.,Putting onions in armpits to reduce fever.
611,Chickenpox,Infectious,"headache, itching, vomiting",2,General Physician,Curd rice,Excessive caffeine,Anulom Vilom,Cetirizine,Standard OTC Cetirizine for symptomatic relief.,500,Ginger and honey tea for sore throat.,Putting onions in armpits to reduce fever.
612,Acidity,Gastrointestinal,"body ache, fatigue, vomiting",1,General Physician,Boiled vegetables,Excessive caffeine,Complete Bed Rest,ORS,Standard OTC ORS for symptomatic relief.,500,Jeera water for digestion.,Putting onions in armpits to reduce fever.
613,Anemia,General,"cough, stomach pain, vomiting",4,General Physician,Papaya,Deep-fried pakoras,Complete Bed Rest,Loperamide,Standard OTC Loperamide for symptomatic relief.,250,Jeera water for digestion.,Applying Colgate/toothpaste on burns (causes infection).
614,Allergic Rhinitis,Respiratory,"body ache, nausea, vomiting",2,General Physician,Boiled vegetables,Cold drinks,Complete Bed Rest,Cetirizine,Standard OTC Cetirizine for symptomatic relief.,250,Saltwater gargles for throat infection.,Putting onions in armpits to reduce fever.
615,Asthma,Respiratory,"itching, nausea, vomiting",6,Specialist Doctor,Curd rice,Raw salads (if infectious),Anulom Vilom,N/A - Prescription Required,Severity is high. Automatic recommendation disabled to ensure safety. Consult a doctor.,0,Saltwater gargles for throat infection.,Putting onions in armpits to reduce fever.
616,Dehydration,General,"body ache, headache, itching",3,General Physician,Pomegranate,Excessive caffeine,Brisk walking,Ibuprofen,Standard OTC Ibuprofen for symptomatic relief.,650,Warm turmeric milk (Haldi Doodh) for immunity.,Putting onions in armpits to reduce fever.
617,Sinusitis,Respiratory,"headache, itching, stomach pain",4,General Physician,Curd rice,Raw salads (if infectious),Brisk walking,Paracetamol,Standard OTC Paracetamol for symptomatic relief.,250,Saltwater gargles for throat infection.,Putting oil or ghee on open wounds.
618,Common Cold,Infectious,"fatigue, itching, vomiting",9,Specialist Doctor,Papaya,Cold drinks,Yoga (Pranayama),N/A - Prescription Required,Severity is high. Automatic recommendation disabled to ensure safety. Consult a doctor.,0,Jeera water for digestion.,Applying Colgate/toothpaste on burns (causes infection).
619,Influenza,Infectious,"fever, nausea, stomach pain",10,Specialist Doctor,Boiled vegetables,Excessive caffeine,Light stretching,N/A - Prescription Required,Severity is high. Automatic recommendation disabled to ensure safety. Consult a doctor.,0,Coconut water for rehydration.,Putting onions in armpits to reduce fever.
620,Fungal Infection,Skin,"fever, itching, nausea",3,General Physician,Pomegranate,Raw salads (if infectious),Complete Bed Rest,Omeprazole,Standard OTC Omeprazole for symptomatic relief.,250,Coconut water for rehydration.,Putting onions in armpits to reduce fever.
621,Acidity,Gastrointestinal,"body ache, fever, headache",8,Specialist Doctor,Moong Dal Khichdi,Deep-fried pakoras,Anulom Vilom,N/A - Prescription Required,Severity is high. Automatic recommendation disabled to ensure safety. Consult a doctor.,0,Ginger and honey tea for sore throat.,Applying Colgate/toothpaste on burns (causes infection).
622,Acne,Skin,"body ache, itching, vomiting",6,Specialist Doctor,Curd rice,Raw salads (if infectious),Complete Bed Rest,N/A - Prescription Required,Severity is high. Automatic recommendation disabled to ensure safety. Consult a doctor.,0,Ginger and honey tea for sore throat.,Putting oil or ghee on open wounds.
623,Amoebiasis,Gastrointestinal,"itching, nausea, stomach pain",1,General Physician,Curd rice,Raw salads (if infectious),Anulom Vilom,Omeprazole,Standard OTC Omeprazole for symptomatic relief.,250,Jeera water for digestion.,Using battery acid for skin patches.
624,Amoebiasis,Gastrointestinal,"cough, fever, stomach pain",7,Specialist Doctor,Papaya,Raw salads (if infectious),Anulom Vilom,N/A - Prescription Required,Severity is high. Automatic recommendation disabled to ensure safety. Consult a doctor.,0,Jeera water for digestion.,Applying Colgate/toothpaste on burns (causes infection).
625,Diarrhea,Gastrointestinal,"cough, fever, stomach pain",2,General Physician,Curd rice,Deep-fried pakoras,Complete Bed Rest,Loperamide,Standard OTC Loperamide for symptomatic relief.,500,Ginger and honey tea for sore throat.,Applying Colgate/toothpaste on burns (causes infection).
626,Bronchitis,Respiratory,"headache, itching, vomiting",1,General Physician,Curd rice,Cold drinks,Anulom Vilom,Paracetamol,Standard OTC Paracetamol for symptomatic relief.,650,Coconut water for rehydration.,Putting onions in armpits to reduce fever.
627,Fungal Infection,Skin,"cough, fever, headache",9,Specialist Doctor,Papaya,Cold drinks,Anulom Vilom,N/A - Prescription Required,Severity is high. Automatic recommendation disabled to ensure safety. Consult a doctor.,0,Saltwater gargles for throat infection.,Using battery acid for skin patches.
628,Amoebiasis,Gastrointestinal,"cough, stomach pain, vomiting",7,Specialist Doctor,Boiled vegetables,Spicy street food,Complete Bed Rest,N/A - Prescription Required,Severity is high. Automatic recommendation disabled to ensure safety. Consult a doctor.,0,Jeera water for digestion.,Rubbing heavy salt on rashes.
629,Acidity,Gastrointestinal,"fatigue, headache, vomiting",2,General Physician,Moong Dal Khichdi,Spicy street food,Light stretching,Omeprazole,Standard OTC Omeprazole for symptomatic relief.,250,Saltwater gargles for throat infection.,Using battery acid for skin patches.
630,Heat Rash,Skin,"headache, itching, stomach pain",2,General Physician,Moong Dal Khichdi,Cold drinks,Light stretching,Ibuprofen,Standard OTC Ibuprofen for symptomatic relief.,500,Warm turmeric milk (Haldi Doodh) for immunity.,Applying Colgate/toothpaste on burns (causes infection).
631,Chickenpox,Infectious,"body ache, cough, nausea",6,Specialist Doctor,Curd rice,Cold drinks,Yoga (Pranayama),N/A - Prescription Required,Severity is high. Automatic recommendation disabled to ensure safety. Consult a doctor.,0,Coconut water for rehydration.,Putting oil or ghee on open wounds.
632,Dehydration,General,"cough, headache, nausea",6,Specialist Doctor,Papaya,Cold drinks,Light stretching,N/A - Prescription Required,Severity is high. Automatic recommendation disabled to ensure safety. Consult a doctor.,0,Ginger and honey tea for sore throat.,Using battery acid for skin patches.
633,Fungal Infection,Skin,"body ache, fatigue, nausea",6,Specialist Doctor,Moong Dal Khichdi,Raw salads (if infectious),Light stretching,N/A - Prescription Required,Severity is high. Automatic recommendation disabled to ensure safety. Consult a doctor.,0,Coconut water for rehydration.,Putting oil or ghee on open wounds.
634,Gastritis,Gastrointestinal,"fatigue, fever, itching",2,General Physician,Papaya,Deep-fried pakoras,Brisk walking,Omeprazole,Standard OTC Omeprazole for symptomatic relief.,250,Saltwater gargles for throat infection.,Putting onions in armpits to reduce fever.
635,Anemia,General,"fatigue, headache, stomach pain",7,Specialist Doctor,Boiled vegetables,Cold drinks,Anulom Vilom,N/A - Prescription Required,Severity is high. Automatic recommendation disabled to ensure safety. Consult a doctor.,0,Coconut water for rehydration.,Applying Colgate/toothpaste on burns (causes infection).
636,Food Poisoning,Gastrointestinal,"fatigue, headache, nausea",1,General Physician,Curd rice,Spicy street food,Brisk walking,Cetirizine,Standard OTC Cetirizine for symptomatic relief.,500,Warm turmeric milk (Haldi Doodh) for immunity.,Putting onions in armpits to reduce fever.
637,Anemia,General,"fatigue, fever, nausea",1,General Physician,Boiled vegetables,Raw salads (if infectious),Brisk walking,Ibuprofen,Standard OTC Ibuprofen for symptomatic relief.,250,Saltwater gargles for throat infection.,Applying Colgate/toothpaste on burns (causes infection).
638,Amoebiasis,Gastrointestinal,"fever, itching, stomach pain",7,Specialist Doctor,Curd rice,Cold drinks,Complete Bed Rest,N/A - Prescription Required,Severity is high. Automatic recommendation disabled to ensure safety. Consult a doctor.,0,Warm turmeric milk (Haldi Doodh) for immunity.,Putting onions in armpits to reduce fever.
639,Diarrhea,Gastrointestinal,"body ache, nausea, vomiting",6,Specialist Doctor,Curd rice,Deep-fried pakoras,Brisk walking,N/A - Prescription Required,Severity is high. Automatic recommendation disabled to ensure safety. Consult a doctor.,0,Ginger and honey tea for sore throat.,Using battery acid for skin patches.
640,Asthma,Respiratory,"cough, fever, vomiting",8,Specialist Doctor,Papaya,Cold drinks,Complete Bed Rest,N/A - Prescription Required,Severity is high. Automatic recommendation disabled to ensure safety. Consult a doctor.,0,Ginger and honey tea for sore throat.,Applying Colgate/toothpaste on burns (causes infection).
641,Food Poisoning,Gastrointestinal,"fever, nausea, vomiting",9,Specialist Doctor,Boiled vegetables,Cold drinks,Brisk walking,N/A - Prescription Required,Severity is high. Automatic recommendation disabled to ensure safety. Consult a doctor.,0,Coconut water for rehydration.,Rubbing heavy salt on rashes.
642,Heat Stroke,General,"body ache, headache, stomach pain",6,Specialist Doctor,Curd rice,Excessive caffeine,Complete Bed Rest,N/A - Prescription Required,Severity is high. Automatic recommendation disabled to ensure safety. Consult a doctor.,0,Jeera water for digestion.,Rubbing heavy salt on rashes.
643,Allergic Rhinitis,Respiratory,"cough, headache, itching",4,General Physician,Papaya,Raw salads (if infectious),Light stretching,Ibuprofen,Standard OTC Ibuprofen for symptomatic relief.,500,Jeera water for digestion.,Applying Colgate/toothpaste on burns (causes infection).
644,Typhoid,Infectious,"cough, fever, stomach pain",8,Specialist Doctor,Papaya,Deep-fried pakoras,Complete Bed Rest,N/A - Prescription Required,Severity is high. Automatic recommendation disabled to ensure safety. Consult a doctor.,0,Warm turmeric milk (Haldi Doodh) for immunity.,Putting oil or ghee on open wounds.
645,Diarrhea,Gastrointestinal,"nausea, stomach pain, vomiting",9,Specialist Doctor,Pomegranate,Raw salads (if infectious),Anulom Vilom,N/A - Prescription Required,Severity is high. Automatic recommendation disabled to ensure safety. Consult a doctor.,0,Ginger and honey tea for sore throat.,Putting onions in armpits to reduce fever.
646,Dehydration,General,"fever, itching, stomach pain",9,Specialist Doctor,Boiled vegetables,Deep-fried pakoras,Light stretching,N/A - Prescription Required,Severity is high. Automatic recommendation disabled to ensure safety. Consult a doctor.,0,Warm turmeric milk (Haldi Doodh) for immunity.,Using battery acid for skin patches.
647,Chickenpox,Infectious,"cough, fever, headache",8,Specialist Doctor,Papaya,Deep-fried pakoras,Brisk walking,N/A - Prescription Required,Severity is high. Automatic recommendation disabled to ensure safety. Consult a doctor.,0,Warm turmeric milk (Haldi Doodh) for immunity.,Rubbing heavy salt on rashes.
648,Heat Stroke,General,"fever, headache, stomach pain",1,General Physician,Boiled vegetables,Cold drinks,Light stretching,Paracetamol,Standard OTC Paracetamol for symptomatic relief.,500,Coconut water for rehydration.,Applying Colgate/toothpaste on burns (causes infection).
649,Heat Rash,Skin,"body ache, cough, fever",4,General Physician,Curd rice,Deep-fried pakoras,Yoga (Pranayama),Omeprazole,Standard OTC Omeprazole for symptomatic relief.,250,Coconut water for rehydration.,Putting oil or ghee on open wounds.
650,Sinusitis,Respiratory,"headache, stomach pain, vomiting",8,Specialist Doctor,Pomegranate,Excessive caffeine,Brisk walking,N/A - Prescription Required,Severity is high. Automatic recommendation disabled to ensure safety. Consult a doctor.,0,Warm turmeric milk (Haldi Doodh) for immunity.,Using battery acid for skin patches.
651,Dengue,Infectious,"cough, headache, itching",4,General Physician,Papaya,Raw salads (if infectious),Light stretching,Omeprazole,Standard OTC Omeprazole for symptomatic relief.,500,Warm turmeric milk (Haldi Doodh) for immunity.,Using battery acid for skin patches.
652,Acne,Skin,"fatigue, headache, vomiting",4,General Physician,Pomegranate,Deep-fried pakoras,Light stretching,Omeprazole,Standard OTC Omeprazole for symptomatic relief.,500,Warm turmeric milk (Haldi Doodh) for immunity.,Applying Colgate/toothpaste on burns (causes infection).
653,Acne,Skin,"cough, fatigue, itching",10,Specialist Doctor,Curd rice,Spicy street food,Light stretching,N/A - Prescription Required,Severity is high. Automatic recommendation disabled to ensure safety. Consult a doctor.,0,Coconut water for rehydration.,Applying Colgate/toothpaste on burns (causes infection).
654,Acne,Skin,"headache, itching, stomach pain",8,Specialist Doctor,Pomegranate,Spicy street food,Light stretching,N/A - Prescription Required,Severity is high. Automatic recommendation disabled to ensure safety. Consult a doctor.,0,Saltwater gargles for throat infection.,Rubbing heavy salt on rashes.
655,Allergic Rhinitis,Respiratory,"fever, itching, nausea",9,Specialist Doctor,Curd rice,Raw salads (if infectious),Brisk walking,N/A - Prescription Required,Severity is high. Automatic recommendation disabled to ensure safety. Consult a doctor.,0,Jeera water for digestion.,Applying Colgate/toothpaste on burns (causes infection).
656,Dehydration,General,"body ache, fatigue, headache",6,Specialist Doctor,Boiled vegetables,Excessive caffeine,Yoga (Pranayama),N/A - Prescription Required,Severity is high. Automatic recommendation disabled to ensure safety. Consult a doctor.,0,Jeera water for digestion.,Applying Colgate/toothpaste on burns (causes infection).
657,Vitamin D Deficiency,General,"cough, fatigue, headache",8,Specialist Doctor,Moong Dal Khichdi,Spicy street food,Light stretching,N/A - Prescription Required,Severity is high. Automatic recommendation disabled to ensure safety. Consult a doctor.,0,Jeera water for digestion.,Using battery acid for skin patches.
658,Allergic Rhinitis,Respiratory,"cough, fever, nausea",3,General Physician,Pomegranate,Deep-fried pakoras,Brisk walking,Loperamide,Standard OTC Loperamide for symptomatic relief.,500,Ginger and honey tea for sore throat.,Applying Colgate/toothpaste on burns (causes infection).
659,Chickenpox,Infectious,"body ache, fatigue, headache",9,Specialist Doctor,Boiled vegetables,Raw salads (if infectious),Yoga (Pranayama),N/A - Prescription Required,Severity is high. Automatic recommendation disabled to ensure safety. Consult a doctor.,0,Saltwater gargles for throat infection.,Putting oil or ghee on open wounds.
660,Dengue,Infectious,"body ache, nausea, vomiting",8,Specialist Doctor,Curd rice,Cold drinks,Yoga (Pranayama),N/A - Prescription Required,Severity is high. Automatic recommendation disabled to ensure safety. Consult a doctor.,0,Warm turmeric milk (Haldi Doodh) for immunity.,Rubbing heavy salt on rashes.
661,Dehydration,General,"cough, stomach pain, vomiting",10,Specialist Doctor,Pomegranate,Spicy street food,Complete Bed Rest,N/A - Prescription Required,Severity is high. Automatic recommendation disabled to ensure safety. Consult a doctor.,0,Ginger and honey tea for sore throat.,Putting onions in armpits to reduce fever.
662,Typhoid,Infectious,"cough, stomach pain, vomiting",9,Specialist Doctor,Pomegranate,Cold drinks,Complete Bed Rest,N/A - Prescription Required,Severity is high. Automatic recommendation disabled to ensure safety. Consult a doctor.,0,Saltwater gargles for throat infection.,Putting oil or ghee on open wounds.
663,Amoebiasis,Gastrointestinal,"body ache, cough, nausea",4,General Physician,Moong Dal Khichdi,Spicy street food,Complete Bed Rest,ORS,Standard OTC ORS for symptomatic relief.,650,Ginger and honey tea for sore throat.,Rubbing heavy salt on rashes.
664,Common Cold,Infectious,"body ache, fatigue, nausea",6,Specialist Doctor,Curd rice,Raw salads (if infectious),Brisk walking,N/A - Prescription Required,Severity is high. Automatic recommendation disabled to ensure safety. Consult a doctor.,0,Ginger and honey tea for sore throat.,Putting oil or ghee on open wounds.
665,Sunburn,Skin,"fatigue, headache, vomiting",5,General Physician,Boiled vegetables,Deep-fried pakoras,Complete Bed Rest,Cetirizine,Standard OTC Cetirizine for symptomatic relief.,500,Coconut water for rehydration.,Using battery acid for skin patches.
666,Amoebiasis,Gastrointestinal,"headache, itching, vomiting",8,Specialist Doctor,Papaya,Spicy street food,Yoga (Pranayama),N/A - Prescription Required,Severity is high. Automatic recommendation disabled to ensure safety. Consult a doctor.,0,Ginger and honey tea for sore throat.,Rubbing heavy salt on rashes.
667,Influenza,Infectious,"cough, fever, headache",5,General Physician,Moong Dal Khichdi,Excessive caffeine,Complete Bed Rest,Cetirizine,Standard OTC Cetirizine for symptomatic relief.,500,Warm turmeric milk (Haldi Doodh) for immunity.,Rubbing heavy salt on rashes.
668,Eczema,Skin,"cough, stomach pain, vomiting",1,General Physician,Curd rice,Cold drinks,Brisk walking,Loperamide,Standard OTC Loperamide for symptomatic relief.,250,Warm turmeric milk (Haldi Doodh) for immunity.,Putting oil or ghee on open wounds.
669,Amoebiasis,Gastrointestinal,"cough, itching, stomach pain",7,Specialist Doctor,Curd rice,Cold drinks,Brisk walking,N/A - Prescription Required,Severity is high. Automatic recommendation disabled to ensure safety. Consult a doctor.,0,Jeera water for digestion.,Putting oil or ghee on open wounds.
670,Sunburn,Skin,"headache, itching, stomach pain",4,General Physician,Moong Dal Khichdi,Excessive caffeine,Anulom Vilom,Loperamide,Standard OTC Loperamide for symptomatic relief.,250,Saltwater gargles for throat infection.,Putting oil or ghee on open wounds.
671,Heat Rash,Skin,"headache, itching, nausea",5,General Physician,Pomegranate,Deep-fried pakoras,Yoga (Pranayama),Loperamide,Standard OTC Loperamide for symptomatic relief.,500,Jeera water for digestion.,Rubbing heavy salt on rashes.
672,Bronchitis,Respiratory,"body ache, nausea, stomach pain",3,General Physician,Pomegranate,Raw salads (if infectious),Yoga (Pranayama),Ibuprofen,Standard OTC Ibuprofen for symptomatic relief.,650,Saltwater gargles for throat infection.,Putting onions in armpits to reduce fever.
673,Asthma,Respiratory,"fatigue, headache, stomach pain",2,General Physician,Curd rice,Raw salads (if infectious),Complete Bed Rest,Omeprazole,Standard OTC Omeprazole for symptomatic relief.,250,Coconut water for rehydration.,Rubbing heavy salt on rashes.
674,Anemia,General,"cough, nausea, vomiting",3,General Physician,Moong Dal Khichdi,Raw salads (if infectious),Complete Bed Rest,Cetirizine,Standard OTC Cetirizine for symptomatic relief.,650,Warm turmeric milk (Haldi Doodh) for immunity.,Putting onions in armpits to reduce fever.
675,Gastritis,Gastrointestinal,"body ache, itching, stomach pain",1,General Physician,Pomegranate,Spicy street food,Light stretching,Cetirizine,Standard OTC Cetirizine for symptomatic relief.,650,Saltwater gargles for throat infection.,Using battery acid for skin patches.
676,Asthma,Respiratory,"headache, itching, stomach pain",10,Specialist Doctor,Boiled vegetables,Raw salads (if infectious),Brisk walking,N/A - Prescription Required,Severity is high. Automatic recommendation disabled to ensure safety. Consult a doctor.,0,Jeera water for digestion.,Putting oil or ghee on open wounds.
677,Anemia,General,"cough, fatigue, vomiting",8,Specialist Doctor,Boiled vegetables,Raw salads (if infectious),Light stretching,N/A - Prescription Required,Severity is high. Automatic recommendation disabled to ensure safety. Consult a doctor.,0,Ginger and honey tea for sore throat.,Rubbing heavy salt on rashes.
678,Acidity,Gastrointestinal,"body ache, fatigue, itching",10,Specialist Doctor,Papaya,Spicy street food,Brisk walking,N/A - Prescription Required,Severity is high. Automatic recommendation disabled to ensure safety. Consult a doctor.,0,Ginger and honey tea for sore throat.,Putting oil or ghee on open wounds.
679,Vitamin D Deficiency,General,"body ache, fatigue, fever",5,General Physician,Curd rice,Deep-fried pakoras,Yoga (Pranayama),Ibuprofen,Standard OTC Ibuprofen for symptomatic relief.,500,Saltwater gargles for throat infection.,Applying Colgate/toothpaste on burns (causes infection).
680,Diarrhea,Gastrointestinal,"body ache, fever, headache",6,Specialist Doctor,Papaya,Deep-fried pakoras,Anulom Vilom,N/A - Prescription Required,Severity is high. Automatic recommendation disabled to ensure safety. Consult a doctor.,0,Saltwater gargles for throat infection.,Putting oil or ghee on open wounds.
681,Amoebiasis,Gastrointestinal,"cough, headache, nausea",1,General Physician,Boiled vegetables,Raw salads (if infectious),Brisk walking,Paracetamol,Standard OTC Paracetamol for symptomatic relief.,250,Coconut water for rehydration.,Rubbing heavy salt on rashes.
682,Amoebiasis,Gastrointestinal,"fever, nausea, vomiting",3,General Physician,Pomegranate,Excessive caffeine,Anulom Vilom,ORS,Standard OTC ORS for symptomatic relief.,250,Jeera water for digestion.,Putting onions in armpits to reduce fever.
683,Heat Rash,Skin,"cough, fever, nausea",2,General Physician,Boiled vegetables,Cold drinks,Light stretching,Ibuprofen,Standard OTC Ibuprofen for symptomatic relief.,650,Warm turmeric milk (Haldi Doodh) for immunity.,Using battery acid for skin patches.
684,Acne,Skin,"fatigue, itching, nausea",3,General Physician,Moong Dal Khichdi,Spicy street food,Anulom Vilom,Paracetamol,Standard OTC Paracetamol for symptomatic relief.,650,Saltwater gargles for throat infection.,Rubbing heavy salt on rashes.
685,Gastritis,Gastrointestinal,"cough, itching, nausea",9,Specialist Doctor,Curd rice,Spicy street food,Brisk walking,N/A - Prescription Required,Severity is high. Automatic recommendation disabled to ensure safety. Consult a doctor.,0,Saltwater gargles for throat infection.,Applying Colgate/toothpaste on burns (causes infection).
686,Heat Stroke,General,"cough, fever, itching",2,General Physician,Boiled vegetables,Cold drinks,Anulom Vilom,Omeprazole,Standard OTC Omeprazole for symptomatic relief.,500,Saltwater gargles for throat infection.,Putting oil or ghee on open wounds.
687,Vitamin D Deficiency,General,"fatigue, headache, stomach pain",2,General Physician,Moong Dal Khichdi,Spicy street food,Yoga (Pranayama),ORS,Standard OTC ORS for symptomatic relief.,650,Coconut water for rehydration.,Putting oil or ghee on open wounds.
688,Dehydration,General,"headache, nausea, stomach pain",9,Specialist Doctor,Boiled vegetables,Raw salads (if infectious),Complete Bed Rest,N/A - Prescription Required,Severity is high. Automatic recommendation disabled to ensure safety. Consult a doctor.,0,Saltwater gargles for throat infection.,Putting oil or ghee on open wounds.
689,Typhoid,Infectious,"body ache, itching, nausea",10,Specialist Doctor,Boiled vegetables,Excessive caffeine,Light stretching,N/A - Prescription Required,Severity is high. Automatic recommendation disabled to ensure safety. Consult a doctor.,0,Coconut water for rehydration.,Putting onions in armpits to reduce fever.
690,Food Poisoning,Gastrointestinal,"cough, fatigue, vomiting",7,Specialist Doctor,Curd rice,Excessive caffeine,Light stretching,N/A - Prescription Required,Severity is high. Automatic recommendation disabled to ensure safety. Consult a doctor.,0,Saltwater gargles for throat infection.,Putting oil or ghee on open wounds.
691,Food Poisoning,Gastrointestinal,"cough, fever, stomach pain",7,Specialist Doctor,Papaya,Excessive caffeine,Complete Bed Rest,N/A - Prescription Required,Severity is high. Automatic recommendation disabled to ensure safety. Consult a doctor.,0,Jeera water for digestion.,Rubbing heavy salt on rashes.
692,Anemia,General,"body ache, fatigue, fever",8,Specialist Doctor,Curd rice,Excessive caffeine,Yoga (Pranayama),N/A - Prescription Required,Severity is high. Automatic recommendation disabled to ensure safety. Consult a doctor.,0,Warm turmeric milk (Haldi Doodh) for immunity.,Putting oil or ghee on open wounds.
693,Eczema,Skin,"body ache, cough, headache",1,General Physician,Boiled vegetables,Cold drinks,Yoga (Pranayama),Cetirizine,Standard OTC Cetirizine for symptomatic relief.,500,Jeera water for digestion.,Applying Colgate/toothpaste on burns (causes infection).
694,Sunburn,Skin,"nausea, stomach pain, vomiting",2,General Physician,Moong Dal Khichdi,Spicy street food,Complete Bed Rest,Ibuprofen,Standard OTC Ibuprofen for symptomatic relief.,250,Coconut water for rehydration.,Using battery acid for skin patches.
695,Vitamin D Deficiency,General,"body ache, fever, itching",4,General Physician,Moong Dal Khichdi,Spicy street food,Brisk walking,ORS,Standard OTC ORS for symptomatic relief.,500,Coconut water for rehydration.,Using battery acid for skin patches.
696,Acne,Skin,"fatigue, nausea, vomiting",8,Specialist Doctor,Pomegranate,Cold drinks,Brisk walking,N/A - Prescription Required,Severity is high. Automatic recommendation disabled to ensure safety. Consult a doctor.,0,Jeera water for digestion.,Applying Colgate/toothpaste on burns (causes infection).
697,Asthma,Respiratory,"body ache, fatigue, nausea",10,Specialist Doctor,Moong Dal Khichdi,Raw salads (if infectious),Light stretching,N/A - Prescription Required,Severity is high. Automatic recommendation disabled to ensure safety. Consult a doctor.,0,Jeera water for digestion.,Putting onions in armpits to reduce fever.
698,Sinusitis,Respiratory,"body ache, cough, itching",10,Specialist Doctor,Boiled vegetables,Cold drinks,Yoga (Pranayama),N/A - Prescription Required,Severity is high. Automatic recommendation disabled to ensure safety. Consult a doctor.,0,Coconut water for rehydration.,Putting oil or ghee on open wounds.
699,Sunburn,Skin,"cough, itching, stomach pain",5,General Physician,Curd rice,Spicy street food,Complete Bed Rest,Omeprazole,Standard OTC Omeprazole for symptomatic relief.,250,Jeera water for digestion.,Putting oil or ghee on open wounds.
700,Anemia,General,"cough, fatigue, vomiting",10,Specialist Doctor,Papaya,Raw salads (if infectious),Yoga (Pranayama),N/A - Prescription Required,Severity is high. Automatic recommendation disabled to ensure safety. Consult a doctor.,0,Warm turmeric milk (Haldi Doodh) for immunity.,Putting oil or ghee on open wounds.
701,Sinusitis,Respiratory,"cough, fatigue, vomiting",2,General Physician,Papaya,Deep-fried pakoras,Yoga (Pranayama),Cetirizine,Standard OTC Cetirizine for symptomatic relief.,250,Saltwater gargles for throat infection.,Putting onions in armpits to reduce fever.
702,Diarrhea,Gastrointestinal,"body ache, cough, headache",6,Specialist Doctor,Curd rice,Deep-fried pakoras,Yoga (Pranayama),N/A - Prescription Required,Severity is high. Automatic recommendation disabled to ensure safety. Consult a doctor.,0,Ginger and honey tea for sore throat.,Applying Colgate/toothpaste on burns (causes infection).
703,Allergic Rhinitis,Respiratory,"body ache, cough, nausea",9,Specialist Doctor,Curd rice,Raw salads (if infectious),Light stretching,N/A - Prescription Required,Severity is high. Automatic recommendation disabled to ensure safety. Consult a doctor.,0,Jeera water for digestion.,Rubbing heavy salt on rashes.
704,Dehydration,General,"cough, itching, stomach pain",4,General Physician,Moong Dal Khichdi,Spicy street food,Brisk walking,Ibuprofen,Standard OTC Ibuprofen for symptomatic relief.,500,Ginger and honey tea for sore throat.,Using battery acid for skin patches.
705,Dengue,Infectious,"cough, headache, itching",9,Specialist Doctor,Curd rice,Cold drinks,Brisk walking,N/A - Prescription Required,Severity is high. Automatic recommendation disabled to ensure safety. Consult a doctor.,0,Jeera water for digestion.,Putting onions in armpits to reduce fever.
706,Bronchitis,Respiratory,"cough, fatigue, nausea",3,General Physician,Boiled vegetables,Cold drinks,Anulom Vilom,Paracetamol,Standard OTC Paracetamol for symptomatic relief.,250,Ginger and honey tea for sore throat.,Rubbing heavy salt on rashes.
707,Anemia,General,"cough, headache, stomach pain",3,General Physician,Curd rice,Deep-fried pakoras,Brisk walking,Paracetamol,Standard OTC Paracetamol for symptomatic relief.,250,Warm turmeric milk (Haldi Doodh) for immunity.,Rubbing heavy salt on rashes.
708,Sinusitis,Respiratory,"body ache, cough, fever",3,General Physician,Moong Dal Khichdi,Excessive caffeine,Light stretching,Ibuprofen,Standard OTC Ibuprofen for symptomatic relief.,250,Saltwater gargles for throat infection.,Applying Colgate/toothpaste on burns (causes infection).
709,Dehydration,General,"body ache, headache, nausea",6,Specialist Doctor,Boiled vegetables,Deep-fried pakoras,Light stretching,N/A - Prescription Required,Severity is high. Automatic recommendation disabled to ensure safety. Consult a doctor.,0,Coconut water for rehydration.,Rubbing heavy salt on rashes.
710,Bronchitis,Respiratory,"body ache, itching, stomach pain",3,General Physician,Moong Dal Khichdi,Spicy street food,Anulom Vilom,Ibuprofen,Standard OTC Ibuprofen for symptomatic relief.,650,Warm turmeric milk (Haldi Doodh) for immunity.,Rubbing heavy salt on rashes.
711,Food Poisoning,Gastrointestinal,"headache, nausea, vomiting",8,Specialist Doctor,Papaya,Raw salads (if infectious),Complete Bed Rest,N/A - Prescription Required,Severity is high. Automatic recommendation disabled to ensure safety. Consult a doctor.,0,Ginger and honey tea for sore throat.,Putting onions in armpits to reduce fever.
712,Heat Stroke,General,"nausea, stomach pain, vomiting",8,Specialist Doctor,Curd rice,Cold drinks,Brisk walking,N/A - Prescription Required,Severity is high. Automatic recommendation disabled to ensure safety. Consult a doctor.,0,Saltwater gargles for throat infection.,Using battery acid for skin patches.
713,Sinusitis,Respiratory,"body ache, itching, vomiting",3,General Physician,Curd rice,Raw salads (if infectious),Anulom Vilom,Paracetamol,Standard OTC Paracetamol for symptomatic relief.,250,Ginger and honey tea for sore throat.,Putting oil or ghee on open wounds.
714,Heat Stroke,General,"body ache, cough, fatigue",5,General Physician,Moong Dal Khichdi,Excessive caffeine,Anulom Vilom,Paracetamol,Standard OTC Paracetamol for symptomatic relief.,250,Ginger and honey tea for sore throat.,Putting oil or ghee on open wounds.
715,Bronchitis,Respiratory,"cough, fever, stomach pain",4,General Physician,Pomegranate,Cold drinks,Light stretching,Paracetamol,Standard OTC Paracetamol for symptomatic relief.,500,Coconut water for rehydration.,Applying Colgate/toothpaste on burns (causes infection).
716,Bronchitis,Respiratory,"cough, fatigue, stomach pain",1,General Physician,Curd rice,Deep-fried pakoras,Light stretching,ORS,Standard OTC ORS for symptomatic relief.,250,Jeera water for digestion.,Using battery acid for skin patches.
717,Sinusitis,Respiratory,"body ache, cough, fatigue",1,General Physician,Curd rice,Deep-fried pakoras,Light stretching,Paracetamol,Standard OTC Paracetamol for symptomatic relief.,500,Coconut water for rehydration.,Applying Colgate/toothpaste on burns (causes infection).
718,Amoebiasis,Gastrointestinal,"body ache, fatigue, stomach pain",6,Specialist Doctor,Moong Dal Khichdi,Excessive caffeine,Anulom Vilom,N/A - Prescription Required,Severity is high. Automatic recommendation disabled to ensure safety. Consult a doctor.,0,Warm turmeric milk (Haldi Doodh) for immunity.,Using battery acid for skin patches.
719,Sunburn,Skin,"cough, fever, itching",8,Specialist Doctor,Moong Dal Khichdi,Cold drinks,Yoga (Pranayama),N/A - Prescription Required,Severity is high. Automatic recommendation disabled to ensure safety. Consult a doctor.,0,Warm turmeric milk (Haldi Doodh) for immunity.,Rubbing heavy salt on rashes.
720,Common Cold,Infectious,"fatigue, fever, vomiting",6,Specialist Doctor,Curd rice,Spicy street food,Anulom Vilom,N/A - Prescription Required,Severity is high. Automatic recommendation disabled to ensure safety. Consult a doctor.,0,Warm turmeric milk (Haldi Doodh) for immunity.,Rubbing heavy salt on rashes.
721,Acne,Skin,"headache, itching, nausea",1,General Physician,Boiled vegetables,Cold drinks,Light stretching,Omeprazole,Standard OTC Omeprazole for symptomatic relief.,250,Jeera water for digestion.,Rubbing heavy salt on rashes.
722,Gastritis,Gastrointestinal,"cough, fever, itching",1,General Physician,Boiled vegetables,Raw salads (if infectious),Light stretching,Loperamide,Standard OTC Loperamide for symptomatic relief.,500,Jeera water for digestion.,Rubbing heavy salt on rashes.
723,Influenza,Infectious,"cough, nausea, stomach pain",2,General Physician,Papaya,Cold drinks,Brisk walking,Omeprazole,Standard OTC Omeprazole for symptomatic relief.,500,Jeera water for digestion.,Putting oil or ghee on open wounds.
724,Sinusitis,Respiratory,"body ache, headache, vomiting",2,General Physician,Boiled vegetables,Cold drinks,Complete Bed Rest,Cetirizine,Standard OTC Cetirizine for symptomatic relief.,650,Warm turmeric milk (Haldi Doodh) for immunity.,Using battery acid for skin patches.
725,Heat Rash,Skin,"body ache, itching, nausea",1,General Physician,Pomegranate,Spicy street food,Yoga (Pranayama),Paracetamol,Standard OTC Paracetamol for symptomatic relief.,250,Saltwater gargles for throat infection.,Putting oil or ghee on open wounds.
726,Dengue,Infectious,"cough, itching, stomach pain",5,General Physician,Papaya,Spicy street food,Light stretching,ORS,Standard OTC ORS for symptomatic relief.,500,Coconut water for rehydration.,Rubbing heavy salt on rashes.
727,Anemia,General,"fatigue, headache, itching",5,General Physician,Moong Dal Khichdi,Excessive caffeine,Brisk walking,Ibuprofen,Standard OTC Ibuprofen for symptomatic relief.,250,Coconut water for rehydration.,Putting onions in armpits to reduce fever.
728,Sinusitis,Respiratory,"fatigue, headache, stomach pain",5,General Physician,Pomegranate,Excessive caffeine,Complete Bed Rest,Cetirizine,Standard OTC Cetirizine for symptomatic relief.,650,Saltwater gargles for throat infection.,Rubbing heavy salt on rashes.
729,Eczema,Skin,"fever, headache, itching",9,Specialist Doctor,Pomegranate,Cold drinks,Light stretching,N/A - Prescription Required,Severity is high. Automatic recommendation disabled to ensure safety. Consult a doctor.,0,Ginger and honey tea for sore throat.,Rubbing heavy salt on rashes.
730,Allergic Rhinitis,Respiratory,"body ache, fatigue, nausea",6,Specialist Doctor,Boiled vegetables,Excessive caffeine,Anulom Vilom,N/A - Prescription Required,Severity is high. Automatic recommendation disabled to ensure safety. Consult a doctor.,0,Saltwater gargles for throat infection.,Applying Colgate/toothpaste on burns (causes infection).
731,Asthma,Respiratory,"headache, itching, nausea",6,Specialist Doctor,Boiled vegetables,Spicy street food,Anulom Vilom,N/A - Prescription Required,Severity is high. Automatic recommendation disabled to ensure safety. Consult a doctor.,0,Warm turmeric milk (Haldi Doodh) for immunity.,Applying Colgate/toothpaste on burns (causes infection).
732,Eczema,Skin,"body ache, itching, stomach pain",5,General Physician,Papaya,Excessive caffeine,Anulom Vilom,Loperamide,Standard OTC Loperamide for symptomatic relief.,650,Saltwater gargles for throat infection.,Putting oil or ghee on open wounds.
733,Vitamin D Deficiency,General,"body ache, itching, stomach pain",6,Specialist Doctor,Curd rice,Deep-fried pakoras,Anulom Vilom,N/A - Prescription Required,Severity is high. Automatic recommendation disabled to ensure safety. Consult a doctor.,0,Saltwater gargles for throat infection.,Rubbing heavy salt on rashes.
734,Influenza,Infectious,"fatigue, nausea, vomiting",8,Specialist Doctor,Moong Dal Khichdi,Raw salads (if infectious),Anulom Vilom,N/A - Prescription Required,Severity is high. Automatic recommendation disabled to ensure safety. Consult a doctor.,0,Warm turmeric milk (Haldi Doodh) for immunity.,Putting oil or ghee on open wounds.
735,Asthma,Respiratory,"fever, headache, itching",3,General Physician,Boiled vegetables,Raw salads (if infectious),Complete Bed Rest,Omeprazole,Standard OTC Omeprazole for symptomatic relief.,500,Saltwater gargles for throat infection.,Putting oil or ghee on open wounds.
736,Allergic Rhinitis,Respiratory,"body ache, itching, nausea",3,General Physician,Moong Dal Khichdi,Spicy street food,Complete Bed Rest,Ibuprofen,Standard OTC Ibuprofen for symptomatic relief.,250,Saltwater gargles for throat infection.,Putting onions in armpits to reduce fever.
737,Malaria,Infectious,"body ache, headache, vomiting",8,Specialist Doctor,Moong Dal Khichdi,Raw salads (if infectious),Brisk walking,N/A - Prescription Required,Severity is high. Automatic recommendation disabled to ensure safety. Consult a doctor.,0,Coconut water for rehydration.,Putting onions in armpits to reduce fever.
738,Bronchitis,Respiratory,"itching, nausea, vomiting",5,General Physician,Papaya,Raw salads (if infectious),Yoga (Pranayama),Loperamide,Standard OTC Loperamide for symptomatic relief.,500,Ginger and honey tea for sore throat.,Using battery acid for skin patches.
739,Acne,Skin,"cough, fatigue, vomiting",2,General Physician,Pomegranate,Deep-fried pakoras,Light stretching,ORS,Standard OTC ORS for symptomatic relief.,500,Warm turmeric milk (Haldi Doodh) for immunity.,Putting onions in armpits to reduce fever.
740,Eczema,Skin,"body ache, headache, vomiting",7,Specialist Doctor,Curd rice,Raw salads (if infectious),Anulom Vilom,N/A - Prescription Required,Severity is high. Automatic recommendation disabled to ensure safety. Consult a doctor.,0,Warm turmeric milk (Haldi Doodh) for immunity.,Using battery acid for skin patches.
741,Heat Rash,Skin,"body ache, stomach pain, vomiting",5,General Physician,Moong Dal Khichdi,Deep-fried pakoras,Anulom Vilom,Paracetamol,Standard OTC Paracetamol for symptomatic relief.,250,Coconut water for rehydration.,Using battery acid for skin patches.
742,Allergic Rhinitis,Respiratory,"cough, headache, nausea",2,General Physician,Boiled vegetables,Deep-fried pakoras,Anulom Vilom,Cetirizine,Standard OTC Cetirizine for symptomatic relief.,500,Warm turmeric milk (Haldi Doodh) for immunity.,Putting onions in armpits to reduce fever.
743,Sunburn,Skin,"cough, itching, nausea",8,Specialist Doctor,Curd rice,Excessive caffeine,Yoga (Pranayama),N/A - Prescription Required,Severity is high. Automatic recommendation disabled to ensure safety. Consult a doctor.,0,Saltwater gargles for throat infection.,Rubbing heavy salt on rashes.
744,Vitamin D Deficiency,General,"fever, headache, nausea",5,General Physician,Pomegranate,Raw salads (if infectious),Yoga (Pranayama),Omeprazole,Standard OTC Omeprazole for symptomatic relief.,250,Coconut water for rehydration.,Applying Colgate/toothpaste on burns (causes infection).
745,Anemia,General,"cough, nausea, vomiting",7,Specialist Doctor,Papaya,Cold drinks,Complete Bed Rest,N/A - Prescription Required,Severity is high. Automatic recommendation disabled to ensure safety. Consult a doctor.,0,Ginger and honey tea for sore throat.,Using battery acid for skin patches.
746,Dehydration,General,"cough, fever, vomiting",1,General Physician,Curd rice,Cold drinks,Brisk walking,Omeprazole,Standard OTC Omeprazole for symptomatic relief.,250,Ginger and honey tea for sore throat.,Using battery acid for skin patches.
747,Sinusitis,Respiratory,"itching, stomach pain, vomiting",7,Specialist Doctor,Moong Dal Khichdi,Spicy street food,Light stretching,N/A - Prescription Required,Severity is high. Automatic recommendation disabled to ensure safety. Consult a doctor.,0,Jeera water for digestion.,Using battery acid for skin patches.
748,Heat Stroke,General,"body ache, fever, itching",10,Specialist Doctor,Boiled vegetables,Deep-fried pakoras,Yoga (Pranayama),N/A - Prescription Required,Severity is high. Automatic recommendation disabled to ensure safety. Consult a doctor.,0,Saltwater gargles for throat infection.,Using battery acid for skin patches.
749,Dengue,Infectious,"itching, stomach pain, vomiting",6,Specialist Doctor,Papaya,Deep-fried pakoras,Brisk walking,N/A - Prescription Required,Severity is high. Automatic recommendation disabled to ensure safety. Consult a doctor.,0,Ginger and honey tea for sore throat.,Putting oil or ghee on open wounds.
750,Dengue,Infectious,"body ache, fatigue, headache",8,Specialist Doctor,Papaya,Cold drinks,Complete Bed Rest,N/A - Prescription Required,Severity is high. Automatic recommendation disabled to ensure safety. Consult a doctor.,0,Jeera water for digestion.,Putting oil or ghee on open wounds.
751,Sinusitis,Respiratory,"cough, fever, vomiting",1,General Physician,Pomegranate,Deep-fried pakoras,Yoga (Pranayama),Ibuprofen,Standard OTC Ibuprofen for symptomatic relief.,650,Coconut water for rehydration.,Applying Colgate/toothpaste on burns (causes infection).
752,Common Cold,Infectious,"fatigue, itching, stomach pain",1,General Physician,Pomegranate,Raw salads (if infectious),Complete Bed Rest,Paracetamol,Standard OTC Paracetamol for symptomatic relief.,250,Ginger and honey tea for sore throat.,Applying Colgate/toothpaste on burns (causes infection).
753,Allergic Rhinitis,Respiratory,"body ache, fatigue, headache",8,Specialist Doctor,Boiled vegetables,Raw salads (if infectious),Anulom Vilom,N/A - Prescription Required,Severity is high. Automatic recommendation disabled to ensure safety. Consult a doctor.,0,Coconut water for rehydration.,Rubbing heavy salt on rashes.
754,Asthma,Respiratory,"body ache, fatigue, headache",4,General Physician,Moong Dal Khichdi,Spicy street food,Anulom Vilom,ORS,Standard OTC ORS for symptomatic relief.,650,Coconut water for rehydration.,Using battery acid for skin patches.
755,Amoebiasis,Gastrointestinal,"itching, stomach pain, vomiting",5,General Physician,Pomegranate,Spicy street food,Brisk walking,ORS,Standard OTC ORS for symptomatic relief.,650,Saltwater gargles for throat infection.,Rubbing heavy salt on rashes.
756,Eczema,Skin,"fatigue, nausea, stomach pain",2,General Physician,Pomegranate,Spicy street food,Brisk walking,Cetirizine,Standard OTC Cetirizine for symptomatic relief.,500,Ginger and honey tea for sore throat.,Using battery acid for skin patches.
757,Heat Stroke,General,"cough, fever, itching",9,Specialist Doctor,Curd rice,Cold drinks,Complete Bed Rest,N/A - Prescription Required,Severity is high. Automatic recommendation disabled to ensure safety. Consult a doctor.,0,Warm turmeric milk (Haldi Doodh) for immunity.,Using battery acid for skin patches.
758,Acidity,Gastrointestinal,"itching, nausea, vomiting",9,Specialist Doctor,Boiled vegetables,Deep-fried pakoras,Light stretching,N/A - Prescription Required,Severity is high. Automatic recommendation disabled to ensure safety. Consult a doctor.,0,Jeera water for digestion.,Putting oil or ghee on open wounds.
759,Common Cold,Infectious,"fever, headache, vomiting",2,General Physician,Pomegranate,Excessive caffeine,Yoga (Pranayama),Omeprazole,Standard OTC Omeprazole for symptomatic relief.,250,Warm turmeric milk (Haldi Doodh) for immunity.,Putting onions in armpits to reduce fever.
760,Fungal Infection,Skin,"headache, itching, stomach pain",8,Specialist Doctor,Papaya,Deep-fried pakoras,Brisk walking,N/A - Prescription Required,Severity is high. Automatic recommendation disabled to ensure safety. Consult a doctor.,0,Jeera water for digestion.,Rubbing heavy salt on rashes.
761,Fungal Infection,Skin,"body ache, nausea, vomiting",8,Specialist Doctor,Papaya,Raw salads (if infectious),Brisk walking,N/A - Prescription Required,Severity is high. Automatic recommendation disabled to ensure safety. Consult a doctor.,0,Warm turmeric milk (Haldi Doodh) for immunity.,Putting oil or ghee on open wounds.
762,Eczema,Skin,"body ache, cough, vomiting",9,Specialist Doctor,Papaya,Excessive caffeine,Brisk walking,N/A - Prescription Required,Severity is high. Automatic recommendation disabled to ensure safety. Consult a doctor.,0,Warm turmeric milk (Haldi Doodh) for immunity.,Applying Colgate/toothpaste on burns (causes infection).
763,Sunburn,Skin,"fatigue, fever, vomiting",5,General Physician,Curd rice,Spicy street food,Anulom Vilom,Cetirizine,Standard OTC Cetirizine for symptomatic relief.,500,Saltwater gargles for throat infection.,Putting oil or ghee on open wounds.
764,Asthma,Respiratory,"fatigue, fever, nausea",2,General Physician,Pomegranate,Deep-fried pakoras,Light stretching,Omeprazole,Standard OTC Omeprazole for symptomatic relief.,650,Warm turmeric milk (Haldi Doodh) for immunity.,Using battery acid for skin patches.
765,Heat Stroke,General,"body ache, itching, nausea",2,General Physician,Papaya,Raw salads (if infectious),Brisk walking,Cetirizine,Standard OTC Cetirizine for symptomatic relief.,250,Coconut water for rehydration.,Applying Colgate/toothpaste on burns (causes infection).
766,Allergic Rhinitis,Respiratory,"body ache, stomach pain, vomiting",10,Specialist Doctor,Papaya,Raw salads (if infectious),Complete Bed Rest,N/A - Prescription Required,Severity is high. Automatic recommendation disabled to ensure safety. Consult a doctor.,0,Warm turmeric milk (Haldi Doodh) for immunity.,Putting oil or ghee on open wounds.
767,Influenza,Infectious,"headache, nausea, stomach pain",7,Specialist Doctor,Papaya,Raw salads (if infectious),Yoga (Pranayama),N/A - Prescription Required,Severity is high. Automatic recommendation disabled to ensure safety. Consult a doctor.,0,Jeera water for digestion.,Rubbing heavy salt on rashes.
768,Anemia,General,"fatigue, headache, nausea",4,General Physician,Boiled vegetables,Excessive caffeine,Yoga (Pranayama),Cetirizine,Standard OTC Cetirizine for symptomatic relief.,500,Warm turmeric milk (Haldi Doodh) for immunity.,Rubbing heavy salt on rashes.
769,Dehydration,General,"headache, nausea, stomach pain",8,Specialist Doctor,Curd rice,Raw salads (if infectious),Anulom Vilom,N/A - Prescription Required,Severity is high. Automatic recommendation disabled to ensure safety. Consult a doctor.,0,Saltwater gargles for throat infection.,Putting oil or ghee on open wounds.
770,Gastritis,Gastrointestinal,"cough, fatigue, vomiting",6,Specialist Doctor,Papaya,Excessive caffeine,Yoga (Pranayama),N/A - Prescription Required,Severity is high. Automatic recommendation disabled to ensure safety. Consult a doctor.,0,Ginger and honey tea for sore throat.,Using battery acid for skin patches.
771,Heat Rash,Skin,"body ache, cough, fever",4,General Physician,Papaya,Raw salads (if infectious),Light stretching,Ibuprofen,Standard OTC Ibuprofen for symptomatic relief.,650,Warm turmeric milk (Haldi Doodh) for immunity.,Applying Colgate/toothpaste on burns (causes infection).
772,Common Cold,Infectious,"body ache, fever, nausea",7,Specialist Doctor,Papaya,Raw salads (if infectious),Brisk walking,N/A - Prescription Required,Severity is high. Automatic recommendation disabled to ensure safety. Consult a doctor.,0,Jeera water for digestion.,Putting oil or ghee on open wounds.
773,Dengue,Infectious,"fatigue, fever, itching",2,General Physician,Curd rice,Spicy street food,Yoga (Pranayama),Cetirizine,Standard OTC Cetirizine for symptomatic relief.,650,Coconut water for rehydration.,Using battery acid for skin patches.
774,Amoebiasis,Gastrointestinal,"body ache, fatigue, stomach pain",8,Specialist Doctor,Moong Dal Khichdi,Spicy street food,Anulom Vilom,N/A - Prescription Required,Severity is high. Automatic recommendation disabled to ensure safety. Consult a doctor.,0,Jeera water for digestion.,Using battery acid for skin patches.
775,Allergic Rhinitis,Respiratory,"cough, nausea, stomach pain",1,General Physician,Papaya,Cold drinks,Anulom Vilom,Ibuprofen,Standard OTC Ibuprofen for symptomatic relief.,500,Coconut water for rehydration.,Rubbing heavy salt on rashes.
776,Allergic Rhinitis,Respiratory,"body ache, cough, vomiting",10,Specialist Doctor,Curd rice,Excessive caffeine,Complete Bed Rest,N/A - Prescription Required,Severity is high. Automatic recommendation disabled to ensure safety. Consult a doctor.,0,Saltwater gargles for throat infection.,Applying Colgate/toothpaste on burns (causes infection).
777,Dehydration,General,"fatigue, fever, stomach pain",1,General Physician,Pomegranate,Deep-fried pakoras,Complete Bed Rest,Cetirizine,Standard OTC Cetirizine for symptomatic relief.,650,Coconut water for rehydration.,Rubbing heavy salt on rashes.
778,Influenza,Infectious,"cough, fever, nausea",6,Specialist Doctor,Curd rice,Excessive caffeine,Brisk walking,N/A - Prescription Required,Severity is high. Automatic recommendation disabled to ensure safety. Consult a doctor.,0,Saltwater gargles for throat infection.,Putting oil or ghee on open wounds.
779,Fungal Infection,Skin,"fever, itching, stomach pain",8,Specialist Doctor,Papaya,Raw salads (if infectious),Complete Bed Rest,N/A - Prescription Required,Severity is high. Automatic recommendation disabled to ensure safety. Consult a doctor.,0,Coconut water for rehydration.,Using battery acid for skin patches.
780,Acidity,Gastrointestinal,"cough, headache, nausea",6,Specialist Doctor,Papaya,Raw salads (if infectious),Brisk walking,N/A - Prescription Required,Severity is high. Automatic recommendation disabled to ensure safety. Consult a doctor.,0,Warm turmeric milk (Haldi Doodh) for immunity.,Rubbing heavy salt on rashes.
781,Asthma,Respiratory,"cough, fever, vomiting",2,General Physician,Pomegranate,Deep-fried pakoras,Complete Bed Rest,Cetirizine,Standard OTC Cetirizine for symptomatic relief.,250,Jeera water for digestion.,Putting oil or ghee on open wounds.
782,Chickenpox,Infectious,"body ache, nausea, stomach pain",2,General Physician,Boiled vegetables,Raw salads (if infectious),Brisk walking,Loperamide,Standard OTC Loperamide for symptomatic relief.,500,Coconut water for rehydration.,Putting oil or ghee on open wounds.
783,Sinusitis,Respiratory,"body ache, cough, vomiting",3,General Physician,Boiled vegetables,Deep-fried pakoras,Complete Bed Rest,Cetirizine,Standard OTC Cetirizine for symptomatic relief.,650,Coconut water for rehydration.,Rubbing heavy salt on rashes.
784,Dengue,Infectious,"fatigue, fever, itching",9,Specialist Doctor,Moong Dal Khichdi,Raw salads (if infectious),Light stretching,N/A - Prescription Required,Severity is high. Automatic recommendation disabled to ensure safety. Consult a doctor.,0,Coconut water for rehydration.,Using battery acid for skin patches.
785,Heat Rash,Skin,"cough, fatigue, nausea",3,General Physician,Papaya,Spicy street food,Brisk walking,ORS,Standard OTC ORS for symptomatic relief.,650,Saltwater gargles for throat infection.,Putting oil or ghee on open wounds.
786,Diarrhea,Gastrointestinal,"cough, stomach pain, vomiting",7,Specialist Doctor,Moong Dal Khichdi,Spicy street food,Complete Bed Rest,N/A - Prescription Required,Severity is high. Automatic recommendation disabled to ensure safety. Consult a doctor.,0,Jeera water for digestion.,Rubbing heavy salt on rashes.
787,Acne,Skin,"body ache, headache, itching",6,Specialist Doctor,Boiled vegetables,Cold drinks,Brisk walking,N/A - Prescription Required,Severity is high. Automatic recommendation disabled to ensure safety. Consult a doctor.,0,Saltwater gargles for throat infection.,Applying Colgate/toothpaste on burns (causes infection).
788,Asthma,Respiratory,"body ache, fatigue, headache",3,General Physician,Curd rice,Excessive caffeine,Anulom Vilom,ORS,Standard OTC ORS for symptomatic relief.,500,Warm turmeric milk (Haldi Doodh) for immunity.,Putting oil or ghee on open wounds.
789,Heat Rash,Skin,"cough, fatigue, stomach pain",9,Specialist Doctor,Pomegranate,Spicy street food,Yoga (Pranayama),N/A - Prescription Required,Severity is high. Automatic recommendation disabled to ensure safety. Consult a doctor.,0,Coconut water for rehydration.,Using battery acid for skin patches.
790,Gastritis,Gastrointestinal,"body ache, stomach pain, vomiting",6,Specialist Doctor,Boiled vegetables,Cold drinks,Yoga (Pranayama),N/A - Prescription Required,Severity is high. Automatic recommendation disabled to ensure safety. Consult a doctor.,0,Warm turmeric milk (Haldi Doodh) for immunity.,Putting oil or ghee on open wounds.
791,Asthma,Respiratory,"cough, fatigue, fever",3,General Physician,Papaya,Cold drinks,Brisk walking,Paracetamol,Standard OTC Paracetamol for symptomatic relief.,250,Saltwater gargles for throat infection.,Applying Colgate/toothpaste on burns (causes infection).
792,Food Poisoning,Gastrointestinal,"body ache, itching, vomiting",6,Specialist Doctor,Moong Dal Khichdi,Deep-fried pakoras,Complete Bed Rest,N/A - Prescription Required,Severity is high. Automatic recommendation disabled to ensure safety. Consult a doctor.,0,Jeera water for digestion.,Putting onions in armpits to reduce fever.
793,Sinusitis,Respiratory,"fatigue, fever, itching",7,Specialist Doctor,Moong Dal Khichdi,Excessive caffeine,Complete Bed Rest,N/A - Prescription Required,Severity is high. Automatic recommendation disabled to ensure safety. Consult a doctor.,0,Saltwater gargles for throat infection.,Using battery acid for skin patches.
794,Asthma,Respiratory,"body ache, fatigue, stomach pain",4,General Physician,Papaya,Spicy street food,Anulom Vilom,Cetirizine,Standard OTC Cetirizine for symptomatic relief.,250,Saltwater gargles for throat infection.,Putting onions in armpits to reduce fever.
795,Acidity,Gastrointestinal,"body ache, headache, itching",8,Specialist Doctor,Curd rice,Excessive caffeine,Brisk walking,N/A - Prescription Required,Severity is high. Automatic recommendation disabled to ensure safety. Consult a doctor.,0,Ginger and honey tea for sore throat.,Rubbing heavy salt on rashes.
796,Sinusitis,Respiratory,"body ache, fever, vomiting",8,Specialist Doctor,Curd rice,Spicy street food,Complete Bed Rest,N/A - Prescription Required,Severity is high. Automatic recommendation disabled to ensure safety. Consult a doctor.,0,Coconut water for rehydration.,Applying Colgate/toothpaste on burns (causes infection).
797,Heat Stroke,General,"cough, stomach pain, vomiting",5,General Physician,Curd rice,Raw salads (if infectious),Yoga (Pranayama),ORS,Standard OTC ORS for symptomatic relief.,500,Jeera water for digestion.,Applying Colgate/toothpaste on burns (causes infection).
798,Sunburn,Skin,"cough, nausea, stomach pain",4,General Physician,Moong Dal Khichdi,Excessive caffeine,Yoga (Pranayama),Cetirizine,Standard OTC Cetirizine for symptomatic relief.,250,Saltwater gargles for throat infection.,Rubbing heavy salt on rashes.
799,Amoebiasis,Gastrointestinal,"fatigue, nausea, stomach pain",8,Specialist Doctor,Curd rice,Raw salads (if infectious),Light stretching,N/A - Prescription Required,Severity is high. Automatic recommendation disabled to ensure safety. Consult a doctor.,0,Jeera water for digestion.,Rubbing heavy salt on rashes.
800,Sinusitis,Respiratory,"cough, fever, itching",10,Specialist Doctor,Moong Dal Khichdi,Excessive caffeine,Light stretching,N/A - Prescription Required,Severity is high. Automatic recommendation disabled to ensure safety. Consult a doctor.,0,Saltwater gargles for throat infection.,Putting oil or ghee on open wounds.
801,Sinusitis,Respiratory,"fatigue, nausea, vomiting",2,General Physician,Moong Dal Khichdi,Cold drinks,Light stretching,Cetirizine,Standard OTC Cetirizine for symptomatic relief.,250,Coconut water for rehydration.,Rubbing heavy salt on rashes.
802,Heat Stroke,General,"cough, fatigue, itching",1,General Physician,Moong Dal Khichdi,Excessive caffeine,Light stretching,Paracetamol,Standard OTC Paracetamol for symptomatic relief.,650,Jeera water for digestion.,Rubbing heavy salt on rashes.
803,Anemia,General,"cough, headache, nausea",5,General Physician,Curd rice,Spicy street food,Anulom Vilom,Paracetamol,Standard OTC Paracetamol for symptomatic relief.,500,Saltwater gargles for throat infection.,Rubbing heavy salt on rashes.
804,Bronchitis,Respiratory,"cough, itching, stomach pain",10,Specialist Doctor,Boiled vegetables,Raw salads (if infectious),Complete Bed Rest,N/A - Prescription Required,Severity is high. Automatic recommendation disabled to ensure safety. Consult a doctor.,0,Ginger and honey tea for sore throat.,Putting onions in armpits to reduce fever.
805,Acne,Skin,"body ache, fatigue, itching",2,General Physician,Moong Dal Khichdi,Deep-fried pakoras,Light stretching,Ibuprofen,Standard OTC Ibuprofen for symptomatic relief.,500,Coconut water for rehydration.,Rubbing heavy salt on rashes.
806,Amoebiasis,Gastrointestinal,"body ache, itching, nausea",3,General Physician,Boiled vegetables,Spicy street food,Complete Bed Rest,Paracetamol,Standard OTC Paracetamol for symptomatic relief.,650,Ginger and honey tea for sore throat.,Putting onions in armpits to reduce fever.
807,Vitamin D Deficiency,General,"itching, nausea, vomiting",3,General Physician,Pomegranate,Spicy street food,Complete Bed Rest,Loperamide,Standard OTC Loperamide for symptomatic relief.,250,Saltwater gargles for throat infection.,Putting onions in armpits to reduce fever.
808,Anemia,General,"body ache, fatigue, fever",2,General Physician,Curd rice,Spicy street food,Anulom Vilom,Cetirizine,Standard OTC Cetirizine for symptomatic relief.,500,Warm turmeric milk (Haldi Doodh) for immunity.,Applying Colgate/toothpaste on burns (causes infection).
809,Amoebiasis,Gastrointestinal,"fatigue, headache, stomach pain",5,General Physician,Papaya,Deep-fried pakoras,Yoga (Pranayama),Omeprazole,Standard OTC Omeprazole for symptomatic relief.,250,Warm turmeric milk (Haldi Doodh) for immunity.,Putting onions in armpits to reduce fever.
810,Acidity,Gastrointestinal,"fever, stomach pain, vomiting",1,General Physician,Curd rice,Raw salads (if infectious),Light stretching,Omeprazole,Standard OTC Omeprazole for symptomatic relief.,500,Warm turmeric milk (Haldi Doodh) for immunity.,Applying Colgate/toothpaste on burns (causes infection).
811,Fungal Infection,Skin,"body ache, itching, vomiting",10,Specialist Doctor,Curd rice,Spicy street food,Brisk walking,N/A - Prescription Required,Severity is high. Automatic recommendation disabled to ensure safety. Consult a doctor.,0,Warm turmeric milk (Haldi Doodh) for immunity.,Putting oil or ghee on open wounds.
812,Allergic Rhinitis,Respiratory,"body ache, fever, nausea",1,General Physician,Pomegranate,Deep-fried pakoras,Yoga (Pranayama),Paracetamol,Standard OTC Paracetamol for symptomatic relief.,500,Warm turmeric milk (Haldi Doodh) for immunity.,Putting onions in armpits to reduce fever.
813,Typhoid,Infectious,"fever, nausea, vomiting",1,General Physician,Curd rice,Excessive caffeine,Brisk walking,ORS,Standard OTC ORS for symptomatic relief.,650,Warm turmeric milk (Haldi Doodh) for immunity.,Using battery acid for skin patches.
814,Acne,Skin,"fatigue, fever, stomach pain",5,General Physician,Boiled vegetables,Raw salads (if infectious),Light stretching,Cetirizine,Standard OTC Cetirizine for symptomatic relief.,500,Coconut water for rehydration.,Putting oil or ghee on open wounds.
815,Typhoid,Infectious,"body ache, cough, itching",8,Specialist Doctor,Moong Dal Khichdi,Excessive caffeine,Complete Bed Rest,N/A - Prescription Required,Severity is high. Automatic recommendation disabled to ensure safety. Consult a doctor.,0,Warm turmeric milk (Haldi Doodh) for immunity.,Using battery acid for skin patches.
816,Vitamin D Deficiency,General,"fever, itching, stomach pain",10,Specialist Doctor,Papaya,Raw salads (if infectious),Yoga (Pranayama),N/A - Prescription Required,Severity is high. Automatic recommendation disabled to ensure safety. Consult a doctor.,0,Jeera water for digestion.,Using battery acid for skin patches.
817,Asthma,Respiratory,"fatigue, fever, nausea",5,General Physician,Moong Dal Khichdi,Excessive caffeine,Yoga (Pranayama),Loperamide,Standard OTC Loperamide for symptomatic relief.,650,Coconut water for rehydration.,Putting oil or ghee on open wounds.
818,Dehydration,General,"cough, headache, itching",2,General Physician,Curd rice,Raw salads (if infectious),Light stretching,Loperamide,Standard OTC Loperamide for symptomatic relief.,250,Ginger and honey tea for sore throat.,Putting onions in armpits to reduce fever.
819,Heat Stroke,General,"cough, fatigue, headache",10,Specialist Doctor,Curd rice,Spicy street food,Complete Bed Rest,N/A - Prescription Required,Severity is high. Automatic recommendation disabled to ensure safety. Consult a doctor.,0,Jeera water for digestion.,Applying Colgate/toothpaste on burns (causes infection).
820,Asthma,Respiratory,"cough, fatigue, headache",1,General Physician,Curd rice,Excessive caffeine,Anulom Vilom,Cetirizine,Standard OTC Cetirizine for symptomatic relief.,250,Ginger and honey tea for sore throat.,Putting oil or ghee on open wounds.
821,Common Cold,Infectious,"body ache, cough, headache",4,General Physician,Moong Dal Khichdi,Deep-fried pakoras,Brisk walking,Paracetamol,Standard OTC Paracetamol for symptomatic relief.,250,Warm turmeric milk (Haldi Doodh) for immunity.,Putting onions in armpits to reduce fever.
822,Allergic Rhinitis,Respiratory,"fatigue, fever, itching",1,General Physician,Curd rice,Spicy street food,Brisk walking,Loperamide,Standard OTC Loperamide for symptomatic relief.,500,Saltwater gargles for throat infection.,Putting onions in armpits to reduce fever.
823,Food Poisoning,Gastrointestinal,"fatigue, headache, vomiting",3,General Physician,Curd rice,Cold drinks,Light stretching,Paracetamol,Standard OTC Paracetamol for symptomatic relief.,650,Warm turmeric milk (Haldi Doodh) for immunity.,Using battery acid for skin patches.
824,Gastritis,Gastrointestinal,"body ache, fatigue, nausea",1,General Physician,Papaya,Spicy street food,Anulom Vilom,Omeprazole,Standard OTC Omeprazole for symptomatic relief.,500,Ginger and honey tea for sore throat.,Putting oil or ghee on open wounds.
825,Chickenpox,Infectious,"cough, itching, vomiting",7,Specialist Doctor,Boiled vegetables,Deep-fried pakoras,Brisk walking,N/A - Prescription Required,Severity is high. Automatic recommendation disabled to ensure safety. Consult a doctor.,0,Coconut water for rehydration.,Putting oil or ghee on open wounds.
826,Diarrhea,Gastrointestinal,"headache, itching, stomach pain",2,General Physician,Papaya,Spicy street food,Complete Bed Rest,Omeprazole,Standard OTC Omeprazole for symptomatic relief.,500,Jeera water for digestion.,Putting oil or ghee on open wounds.
827,Amoebiasis,Gastrointestinal,"cough, fatigue, stomach pain",6,Specialist Doctor,Pomegranate,Excessive caffeine,Light stretching,N/A - Prescription Required,Severity is high. Automatic recommendation disabled to ensure safety. Consult a doctor.,0,Warm turmeric milk (Haldi Doodh) for immunity.,Using battery acid for skin patches.
828,Acne,Skin,"fever, stomach pain, vomiting",7,Specialist Doctor,Boiled vegetables,Deep-fried pakoras,Yoga (Pranayama),N/A - Prescription Required,Severity is high. Automatic recommendation disabled to ensure safety. Consult a doctor.,0,Saltwater gargles for throat infection.,Putting onions in armpits to reduce fever.
829,Malaria,Infectious,"body ache, stomach pain, vomiting",10,Specialist Doctor,Pomegranate,Deep-fried pakoras,Light stretching,N/A - Prescription Required,Severity is high. Automatic recommendation disabled to ensure safety. Consult a doctor.,0,Coconut water for rehydration.,Rubbing heavy salt on rashes.
830,Acidity,Gastrointestinal,"body ache, nausea, stomach pain",6,Specialist Doctor,Moong Dal Khichdi,Raw salads (if infectious),Yoga (Pranayama),N/A - Prescription Required,Severity is high. Automatic recommendation disabled to ensure safety. Consult a doctor.,0,Ginger and honey tea for sore throat.,Using battery acid for skin patches.
831,Heat Rash,Skin,"cough, fever, vomiting",10,Specialist Doctor,Pomegranate,Excessive caffeine,Yoga (Pranayama),N/A - Prescription Required,Severity is high. Automatic recommendation disabled to ensure safety. Consult a doctor.,0,Saltwater gargles for throat infection.,Using battery acid for skin patches.
832,Amoebiasis,Gastrointestinal,"body ache, fatigue, fever",3,General Physician,Pomegranate,Excessive caffeine,Brisk walking,ORS,Standard OTC ORS for symptomatic relief.,500,Coconut water for rehydration.,Putting oil or ghee on open wounds.
833,Acne,Skin,"fatigue, fever, headache",6,Specialist Doctor,Moong Dal Khichdi,Spicy street food,Brisk walking,N/A - Prescription Required,Severity is high. Automatic recommendation disabled to ensure safety. Consult a doctor.,0,Coconut water for rehydration.,Putting onions in armpits to reduce fever.
834,Sunburn,Skin,"fever, headache, itching",9,Specialist Doctor,Boiled vegetables,Excessive caffeine,Brisk walking,N/A - Prescription Required,Severity is high. Automatic recommendation disabled to ensure safety. Consult a doctor.,0,Saltwater gargles for throat infection.,Applying Colgate/toothpaste on burns (causes infection).
835,Asthma,Respiratory,"fatigue, fever, nausea",2,General Physician,Papaya,Excessive caffeine,Complete Bed Rest,Cetirizine,Standard OTC Cetirizine for symptomatic relief.,650,Coconut water for rehydration.,Putting onions in armpits to reduce fever.
836,Vitamin D Deficiency,General,"fever, itching, stomach pain",5,General Physician,Curd rice,Spicy street food,Complete Bed Rest,Cetirizine,Standard OTC Cetirizine for symptomatic relief.,250,Saltwater gargles for throat infection.,Putting onions in armpits to reduce fever.
837,Dehydration,General,"fatigue, fever, headache",6,Specialist Doctor,Papaya,Spicy street food,Anulom Vilom,N/A - Prescription Required,Severity is high. Automatic recommendation disabled to ensure safety. Consult a doctor.,0,Coconut water for rehydration.,Using battery acid for skin patches.
838,Dengue,Infectious,"cough, itching, stomach pain",2,General Physician,Curd rice,Excessive caffeine,Light stretching,Loperamide,Standard OTC Loperamide for symptomatic relief.,650,Warm turmeric milk (Haldi Doodh) for immunity.,Putting oil or ghee on open wounds.
839,Dehydration,General,"body ache, cough, nausea",8,Specialist Doctor,Pomegranate,Spicy street food,Light stretching,N/A - Prescription Required,Severity is high. Automatic recommendation disabled to ensure safety. Consult a doctor.,0,Coconut water for rehydration.,Applying Colgate/toothpaste on burns (causes infection).
840,Sinusitis,Respiratory,"fever, headache, vomiting",4,General Physician,Boiled vegetables,Excessive caffeine,Brisk walking,Paracetamol,Standard OTC Paracetamol for symptomatic relief.,650,Coconut water for rehydration.,Using battery acid for skin patches.
841,Vitamin D Deficiency,General,"body ache, cough, stomach pain",5,General Physician,Papaya,Excessive caffeine,Anulom Vilom,Omeprazole,Standard OTC Omeprazole for symptomatic relief.,650,Warm turmeric milk (Haldi Doodh) for immunity.,Putting oil or ghee on open wounds.
842,Common Cold,Infectious,"body ache, stomach pain, vomiting",2,General Physician,Moong Dal Khichdi,Raw salads (if infectious),Yoga (Pranayama),ORS,Standard OTC ORS for symptomatic relief.,250,Coconut water for rehydration.,Putting oil or ghee on open wounds.
843,Common Cold,Infectious,"fever, headache, vomiting",5,General Physician,Moong Dal Khichdi,Spicy street food,Anulom Vilom,Loperamide,Standard OTC Loperamide for symptomatic relief.,250,Saltwater gargles for throat infection.,Applying Colgate/toothpaste on burns (causes infection).
844,Acidity,Gastrointestinal,"body ache, cough, itching",9,Specialist Doctor,Boiled vegetables,Deep-fried pakoras,Brisk walking,N/A - Prescription Required,Severity is high. Automatic recommendation disabled to ensure safety. Consult a doctor.,0,Warm turmeric milk (Haldi Doodh) for immunity.,Applying Colgate/toothpaste on burns (causes infection).
845,Sinusitis,Respiratory,"fatigue, fever, vomiting",2,General Physician,Papaya,Excessive caffeine,Light stretching,Ibuprofen,Standard OTC Ibuprofen for symptomatic relief.,500,Warm turmeric milk (Haldi Doodh) for immunity.,Putting onions in armpits to reduce fever.
846,Common Cold,Infectious,"body ache, cough, fatigue",4,General Physician,Curd rice,Raw salads (if infectious),Light stretching,ORS,Standard OTC ORS for symptomatic relief.,650,Jeera water for digestion.,Using battery acid for skin patches.
847,Sunburn,Skin,"cough, fatigue, stomach pain",9,Specialist Doctor,Pomegranate,Cold drinks,Anulom Vilom,N/A - Prescription Required,Severity is high. Automatic recommendation disabled to ensure safety. Consult a doctor.,0,Ginger and honey tea for sore throat.,Rubbing heavy salt on rashes.
848,Dengue,Infectious,"fever, stomach pain, vomiting",5,General Physician,Moong Dal Khichdi,Deep-fried pakoras,Anulom Vilom,ORS,Standard OTC ORS for symptomatic relief.,500,Warm turmeric milk (Haldi Doodh) for immunity.,Using battery acid for skin patches.
849,Bronchitis,Respiratory,"fatigue, fever, vomiting",1,General Physician,Pomegranate,Excessive caffeine,Anulom Vilom,Loperamide,Standard OTC Loperamide for symptomatic relief.,650,Warm turmeric milk (Haldi Doodh) for immunity.,Using battery acid for skin patches.
850,Sinusitis,Respiratory,"body ache, fatigue, stomach pain",10,Specialist Doctor,Curd rice,Excessive caffeine,Light stretching,N/A - Prescription Required,Severity is high. Automatic recommendation disabled to ensure safety. Consult a doctor.,0,Jeera water for digestion.,Applying Colgate/toothpaste on burns (causes infection).
851,Allergic Rhinitis,Respiratory,"body ache, headache, nausea",1,General Physician,Moong Dal Khichdi,Raw salads (if infectious),Brisk walking,Omeprazole,Standard OTC Omeprazole for symptomatic relief.,650,Saltwater gargles for throat infection.,Putting onions in armpits to reduce fever.
852,Heat Stroke,General,"headache, stomach pain, vomiting",6,Specialist Doctor,Boiled vegetables,Raw salads (if infectious),Light stretching,N/A - Prescription Required,Severity is high. Automatic recommendation disabled to ensure safety. Consult a doctor.,0,Saltwater gargles for throat infection.,Using battery acid for skin patches.
853,Allergic Rhinitis,Respiratory,"body ache, fever, vomiting",6,Specialist Doctor,Papaya,Spicy street food,Light stretching,N/A - Prescription Required,Severity is high. Automatic recommendation disabled to ensure safety. Consult a doctor.,0,Ginger and honey tea for sore throat.,Using battery acid for skin patches.
854,Sinusitis,Respiratory,"fever, itching, stomach pain",5,General Physician,Papaya,Raw salads (if infectious),Yoga (Pranayama),Loperamide,Standard OTC Loperamide for symptomatic relief.,650,Ginger and honey tea for sore throat.,Rubbing heavy salt on rashes.
855,Vitamin D Deficiency,General,"body ache, nausea, vomiting",6,Specialist Doctor,Curd rice,Spicy street food,Complete Bed Rest,N/A - Prescription Required,Severity is high. Automatic recommendation disabled to ensure safety. Consult a doctor.,0,Jeera water for digestion.,Putting onions in armpits to reduce fever.
856,Dehydration,General,"fatigue, stomach pain, vomiting",8,Specialist Doctor,Pomegranate,Deep-fried pakoras,Complete Bed Rest,N/A - Prescription Required,Severity is high. Automatic recommendation disabled to ensure safety. Consult a doctor.,0,Warm turmeric milk (Haldi Doodh) for immunity.,Putting oil or ghee on open wounds.
857,Allergic Rhinitis,Respiratory,"body ache, fever, vomiting",8,Specialist Doctor,Moong Dal Khichdi,Spicy street food,Yoga (Pranayama),N/A - Prescription Required,Severity is high. Automatic recommendation disabled to ensure safety. Consult a doctor.,0,Jeera water for digestion.,Putting oil or ghee on open wounds.
858,Chickenpox,Infectious,"body ache, fatigue, headache",6,Specialist Doctor,Papaya,Raw salads (if infectious),Complete Bed Rest,N/A - Prescription Required,Severity is high. Automatic recommendation disabled to ensure safety. Consult a doctor.,0,Coconut water for rehydration.,Applying Colgate/toothpaste on burns (causes infection).
859,Eczema,Skin,"body ache, headache, nausea",4,General Physician,Papaya,Cold drinks,Brisk walking,Loperamide,Standard OTC Loperamide for symptomatic relief.,250,Ginger and honey tea for sore throat.,Putting oil or ghee on open wounds.
860,Sunburn,Skin,"body ache, fever, vomiting",4,General Physician,Boiled vegetables,Deep-fried pakoras,Light stretching,Omeprazole,Standard OTC Omeprazole for symptomatic relief.,250,Coconut water for rehydration.,Applying Colgate/toothpaste on burns (causes infection).
861,Vitamin D Deficiency,General,"body ache, fatigue, fever",4,General Physician,Boiled vegetables,Deep-fried pakoras,Anulom Vilom,Omeprazole,Standard OTC Omeprazole for symptomatic relief.,500,Coconut water for rehydration.,Applying Colgate/toothpaste on burns (causes infection).
862,Sinusitis,Respiratory,"fatigue, headache, itching",4,General Physician,Papaya,Spicy street food,Light stretching,Paracetamol,Standard OTC Paracetamol for symptomatic relief.,650,Warm turmeric milk (Haldi Doodh) for immunity.,Putting onions in armpits to reduce fever.
863,Eczema,Skin,"fever, headache, itching",7,Specialist Doctor,Pomegranate,Cold drinks,Yoga (Pranayama),N/A - Prescription Required,Severity is high. Automatic recommendation disabled to ensure safety. Consult a doctor.,0,Jeera water for digestion.,Putting oil or ghee on open wounds.
864,Gastritis,Gastrointestinal,"body ache, fatigue, fever",3,General Physician,Curd rice,Cold drinks,Complete Bed Rest,Loperamide,Standard OTC Loperamide for symptomatic relief.,250,Ginger and honey tea for sore throat.,Putting onions in armpits to reduce fever.
865,Amoebiasis,Gastrointestinal,"cough, headache, itching",9,Specialist Doctor,Papaya,Excessive caffeine,Yoga (Pranayama),N/A - Prescription Required,Severity is high. Automatic recommendation disabled to ensure safety. Consult a doctor.,0,Saltwater gargles for throat infection.,Rubbing heavy salt on rashes.
866,Dehydration,General,"itching, stomach pain, vomiting",8,Specialist Doctor,Papaya,Spicy street food,Brisk walking,N/A - Prescription Required,Severity is high. Automatic recommendation disabled to ensure safety. Consult a doctor.,0,Saltwater gargles for throat infection.,Applying Colgate/toothpaste on burns (causes infection).
867,Heat Rash,Skin,"fatigue, nausea, stomach pain",4,General Physician,Boiled vegetables,Raw salads (if infectious),Anulom Vilom,Ibuprofen,Standard OTC Ibuprofen for symptomatic relief.,650,Ginger and honey tea for sore throat.,Using battery acid for skin patches.
868,Acne,Skin,"cough, fatigue, stomach pain",4,General Physician,Moong Dal Khichdi,Deep-fried pakoras,Complete Bed Rest,Paracetamol,Standard OTC Paracetamol for symptomatic relief.,650,Ginger and honey tea for sore throat.,Using battery acid for skin patches.
869,Vitamin D Deficiency,General,"cough, fatigue, vomiting",7,Specialist Doctor,Pomegranate,Spicy street food,Complete Bed Rest,N/A - Prescription Required,Severity is high. Automatic recommendation disabled to ensure safety. Consult a doctor.,0,Warm turmeric milk (Haldi Doodh) for immunity.,Applying Colgate/toothpaste on burns (causes infection).
870,Gastritis,Gastrointestinal,"headache, itching, nausea",6,Specialist Doctor,Boiled vegetables,Deep-fried pakoras,Anulom Vilom,N/A - Prescription Required,Severity is high. Automatic recommendation disabled to ensure safety. Consult a doctor.,0,Warm turmeric milk (Haldi Doodh) for immunity.,Using battery acid for skin patches.
871,Vitamin D Deficiency,General,"body ache, fever, itching",7,Specialist Doctor,Papaya,Raw salads (if infectious),Light stretching,N/A - Prescription Required,Severity is high. Automatic recommendation disabled to ensure safety. Consult a doctor.,0,Ginger and honey tea for sore throat.,Using battery acid for skin patches.
872,Malaria,Infectious,"body ache, fever, headache",9,Specialist Doctor,Moong Dal Khichdi,Deep-fried pakoras,Yoga (Pranayama),N/A - Prescription Required,Severity is high. Automatic recommendation disabled to ensure safety. Consult a doctor.,0,Coconut water for rehydration.,Rubbing heavy salt on rashes.
873,Heat Stroke,General,"body ache, headache, itching",9,Specialist Doctor,Pomegranate,Deep-fried pakoras,Anulom Vilom,N/A - Prescription Required,Severity is high. Automatic recommendation disabled to ensure safety. Consult a doctor.,0,Saltwater gargles for throat infection.,Putting onions in armpits to reduce fever.
874,Acidity,Gastrointestinal,"body ache, fever, nausea",5,General Physician,Boiled vegetables,Excessive caffeine,Yoga (Pranayama),ORS,Standard OTC ORS for symptomatic relief.,650,Ginger and honey tea for sore throat.,Applying Colgate/toothpaste on burns (causes infection).
875,Amoebiasis,Gastrointestinal,"body ache, fatigue, stomach pain",8,Specialist Doctor,Papaya,Cold drinks,Yoga (Pranayama),N/A - Prescription Required,Severity is high. Automatic recommendation disabled to ensure safety. Consult a doctor.,0,Coconut water for rehydration.,Applying Colgate/toothpaste on burns (causes infection).
876,Acne,Skin,"fever, itching, stomach pain",7,Specialist Doctor,Pomegranate,Excessive caffeine,Light stretching,N/A - Prescription Required,Severity is high. Automatic recommendation disabled to ensure safety. Consult a doctor.,0,Warm turmeric milk (Haldi Doodh) for immunity.,Rubbing heavy salt on rashes.
877,Acidity,Gastrointestinal,"body ache, itching, vomiting",3,General Physician,Moong Dal Khichdi,Deep-fried pakoras,Yoga (Pranayama),Omeprazole,Standard OTC Omeprazole for symptomatic relief.,500,Warm turmeric milk (Haldi Doodh) for immunity.,Rubbing heavy salt on rashes.
878,Gastritis,Gastrointestinal,"body ache, itching, nausea",1,General Physician,Pomegranate,Spicy street food,Yoga (Pranayama),Ibuprofen,Standard OTC Ibuprofen for symptomatic relief.,250,Coconut water for rehydration.,Using battery acid for skin patches.
879,Amoebiasis,Gastrointestinal,"cough, itching, vomiting",7,Specialist Doctor,Boiled vegetables,Raw salads (if infectious),Light stretching,N/A - Prescription Required,Severity is high. Automatic recommendation disabled to ensure safety. Consult a doctor.,0,Saltwater gargles for throat infection.,Applying Colgate/toothpaste on burns (causes infection).
880,Dengue,Infectious,"body ache, cough, stomach pain",10,Specialist Doctor,Pomegranate,Cold drinks,Light stretching,N/A - Prescription Required,Severity is high. Automatic recommendation disabled to ensure safety. Consult a doctor.,0,Coconut water for rehydration.,Rubbing heavy salt on rashes.
881,Vitamin D Deficiency,General,"body ache, fever, vomiting",3,General Physician,Pomegranate,Spicy street food,Yoga (Pranayama),ORS,Standard OTC ORS for symptomatic relief.,500,Ginger and honey tea for sore throat.,Applying Colgate/toothpaste on burns (causes infection).
882,Malaria,Infectious,"cough, fever, headache",6,Specialist Doctor,Moong Dal Khichdi,Spicy street food,Complete Bed Rest,N/A - Prescription Required,Severity is high. Automatic recommendation disabled to ensure safety. Consult a doctor.,0,Ginger and honey tea for sore throat.,Putting onions in armpits to reduce fever.
883,Dehydration,General,"cough, stomach pain, vomiting",7,Specialist Doctor,Pomegranate,Raw salads (if infectious),Brisk walking,N/A - Prescription Required,Severity is high. Automatic recommendation disabled to ensure safety. Consult a doctor.,0,Jeera water for digestion.,Using battery acid for skin patches.
884,Fungal Infection,Skin,"body ache, fever, nausea",5,General Physician,Papaya,Raw salads (if infectious),Yoga (Pranayama),ORS,Standard OTC ORS for symptomatic relief.,650,Jeera water for digestion.,Rubbing heavy salt on rashes.
885,Influenza,Infectious,"cough, headache, itching",3,General Physician,Curd rice,Deep-fried pakoras,Yoga (Pranayama),Ibuprofen,Standard OTC Ibuprofen for symptomatic relief.,650,Saltwater gargles for throat infection.,Using battery acid for skin patches.
886,Typhoid,Infectious,"headache, nausea, vomiting",7,Specialist Doctor,Moong Dal Khichdi,Deep-fried pakoras,Light stretching,N/A - Prescription Required,Severity is high. Automatic recommendation disabled to ensure safety. Consult a doctor.,0,Warm turmeric milk (Haldi Doodh) for immunity.,Putting onions in armpits to reduce fever.
887,Anemia,General,"fatigue, headache, stomach pain",10,Specialist Doctor,Pomegranate,Raw salads (if infectious),Anulom Vilom,N/A - Prescription Required,Severity is high. Automatic recommendation disabled to ensure safety. Consult a doctor.,0,Coconut water for rehydration.,Rubbing heavy salt on rashes.
888,Heat Rash,Skin,"fever, itching, nausea",9,Specialist Doctor,Boiled vegetables,Raw salads (if infectious),Light stretching,N/A - Prescription Required,Severity is high. Automatic recommendation disabled to ensure safety. Consult a doctor.,0,Coconut water for rehydration.,Putting onions in armpits to reduce fever.
889,Bronchitis,Respiratory,"headache, itching, stomach pain",3,General Physician,Pomegranate,Raw salads (if infectious),Complete Bed Rest,Omeprazole,Standard OTC Omeprazole for symptomatic relief.,500,Warm turmeric milk (Haldi Doodh) for immunity.,Rubbing heavy salt on rashes.
890,Vitamin D Deficiency,General,"body ache, fatigue, fever",6,Specialist Doctor,Boiled vegetables,Spicy street food,Yoga (Pranayama),N/A - Prescription Required,Severity is high. Automatic recommendation disabled to ensure safety. Consult a doctor.,0,Warm turmeric milk (Haldi Doodh) for immunity.,Putting oil or ghee on open wounds.
891,Sunburn,Skin,"cough, headache, itching",3,General Physician,Boiled vegetables,Excessive caffeine,Anulom Vilom,Paracetamol,Standard OTC Paracetamol for symptomatic relief.,250,Jeera water for digestion.,Rubbing heavy salt on rashes.
892,Sunburn,Skin,"fever, nausea, vomiting",1,General Physician,Boiled vegetables,Raw salads (if infectious),Yoga (Pranayama),Loperamide,Standard OTC Loperamide for symptomatic relief.,250,Coconut water for rehydration.,Rubbing heavy salt on rashes.
893,Influenza,Infectious,"body ache, headache, stomach pain",4,General Physician,Curd rice,Spicy street food,Anulom Vilom,Ibuprofen,Standard OTC Ibuprofen for symptomatic relief.,650,Ginger and honey tea for sore throat.,Putting oil or ghee on open wounds.
894,Eczema,Skin,"fatigue, headache, stomach pain",10,Specialist Doctor,Papaya,Excessive caffeine,Yoga (Pranayama),N/A - Prescription Required,Severity is high. Automatic recommendation disabled to ensure safety. Consult a doctor.,0,Ginger and honey tea for sore throat.,Putting onions in armpits to reduce fever.
895,Sinusitis,Respiratory,"body ache, cough, nausea",9,Specialist Doctor,Moong Dal Khichdi,Cold drinks,Complete Bed Rest,N/A - Prescription Required,Severity is high. Automatic recommendation disabled to ensure safety. Consult a doctor.,0,Ginger and honey tea for sore throat.,Putting oil or ghee on open wounds.
896,Food Poisoning,Gastrointestinal,"fatigue, itching, vomiting",10,Specialist Doctor,Pomegranate,Spicy street food,Brisk walking,N/A - Prescription Required,Severity is high. Automatic recommendation disabled to ensure safety. Consult a doctor.,0,Saltwater gargles for throat infection.,Using battery acid for skin patches.
897,Sinusitis,Respiratory,"fever, itching, nausea",4,General Physician,Moong Dal Khichdi,Spicy street food,Light stretching,Paracetamol,Standard OTC Paracetamol for symptomatic relief.,650,Saltwater gargles for throat infection.,Rubbing heavy salt on rashes.
898,Amoebiasis,Gastrointestinal,"fatigue, fever, stomach pain",3,General Physician,Papaya,Raw salads (if infectious),Complete Bed Rest,Paracetamol,Standard OTC Paracetamol for symptomatic relief.,650,Jeera water for digestion.,Using battery acid for skin patches.
899,Acidity,Gastrointestinal,"fatigue, fever, nausea",4,General Physician,Papaya,Excessive caffeine,Brisk walking,Cetirizine,Standard OTC Cetirizine for symptomatic relief.,650,Coconut water for rehydration.,Using battery acid for skin patches.
900,Acidity,Gastrointestinal,"fatigue, nausea, vomiting",4,General Physician,Papaya,Raw salads (if infectious),Complete Bed Rest,Paracetamol,Standard OTC Paracetamol for symptomatic relief.,650,Saltwater gargles for throat infection.,Putting oil or ghee on open wounds.
901,Fungal Infection,Skin,"cough, fever, itching",10,Specialist Doctor,Moong Dal Khichdi,Spicy street food,Light stretching,N/A - Prescription Required,Severity is high. Automatic recommendation disabled to ensure safety. Consult a doctor.,0,Coconut water for rehydration.,Rubbing heavy salt on rashes.
902,Common Cold,Infectious,"fatigue, fever, vomiting",2,General Physician,Boiled vegetables,Spicy street food,Anulom Vilom,Loperamide,Standard OTC Loperamide for symptomatic relief.,650,Ginger and honey tea for sore throat.,Using battery acid for skin patches.
903,Dehydration,General,"cough, fever, headache",8,Specialist Doctor,Curd rice,Excessive caffeine,Complete Bed Rest,N/A - Prescription Required,Severity is high. Automatic recommendation disabled to ensure safety. Consult a doctor.,0,Jeera water for digestion.,Using battery acid for skin patches.
904,Anemia,General,"fatigue, headache, vomiting",2,General Physician,Curd rice,Deep-fried pakoras,Brisk walking,Cetirizine,Standard OTC Cetirizine for symptomatic relief.,650,Jeera water for digestion.,Putting oil or ghee on open wounds.
905,Vitamin D Deficiency,General,"body ache, itching, vomiting",10,Specialist Doctor,Curd rice,Cold drinks,Complete Bed Rest,N/A - Prescription Required,Severity is high. Automatic recommendation disabled to ensure safety. Consult a doctor.,0,Ginger and honey tea for sore throat.,Applying Colgate/toothpaste on burns (causes infection).
906,Anemia,General,"cough, fatigue, headache",10,Specialist Doctor,Moong Dal Khichdi,Spicy street food,Yoga (Pranayama),N/A - Prescription Required,Severity is high. Automatic recommendation disabled to ensure safety. Consult a doctor.,0,Ginger and honey tea for sore throat.,Putting onions in armpits to reduce fever.
907,Asthma,Respiratory,"fever, headache, vomiting",8,Specialist Doctor,Papaya,Raw salads (if infectious),Brisk walking,N/A - Prescription Required,Severity is high. Automatic recommendation disabled to ensure safety. Consult a doctor.,0,Coconut water for rehydration.,Applying Colgate/toothpaste on burns (causes infection).
908,Amoebiasis,Gastrointestinal,"fever, itching, vomiting",8,Specialist Doctor,Pomegranate,Deep-fried pakoras,Light stretching,N/A - Prescription Required,Severity is high. Automatic recommendation disabled to ensure safety. Consult a doctor.,0,Saltwater gargles for throat infection.,Rubbing heavy salt on rashes.
909,Bronchitis,Respiratory,"cough, itching, vomiting",4,General Physician,Moong Dal Khichdi,Raw salads (if infectious),Brisk walking,Paracetamol,Standard OTC Paracetamol for symptomatic relief.,650,Saltwater gargles for throat infection.,Putting onions in armpits to reduce fever.
910,Sunburn,Skin,"body ache, fatigue, fever",6,Specialist Doctor,Moong Dal Khichdi,Deep-fried pakoras,Anulom Vilom,N/A - Prescription Required,Severity is high. Automatic recommendation disabled to ensure safety. Consult a doctor.,0,Warm turmeric milk (Haldi Doodh) for immunity.,Putting onions in armpits to reduce fever.
911,Vitamin D Deficiency,General,"cough, fatigue, itching",8,Specialist Doctor,Moong Dal Khichdi,Raw salads (if infectious),Yoga (Pranayama),N/A - Prescription Required,Severity is high. Automatic recommendation disabled to ensure safety. Consult a doctor.,0,Saltwater gargles for throat infection.,Putting oil or ghee on open wounds.
912,Acne,Skin,"cough, headache, vomiting",9,Specialist Doctor,Papaya,Spicy street food,Anulom Vilom,N/A - Prescription Required,Severity is high. Automatic recommendation disabled to ensure safety. Consult a doctor.,0,Jeera water for digestion.,Putting onions in armpits to reduce fever.
913,Sunburn,Skin,"body ache, headache, stomach pain",2,General Physician,Boiled vegetables,Cold drinks,Complete Bed Rest,Cetirizine,Standard OTC Cetirizine for symptomatic relief.,250,Warm turmeric milk (Haldi Doodh) for immunity.,Using battery acid for skin patches.
914,Bronchitis,Respiratory,"cough, stomach pain, vomiting",9,Specialist Doctor,Moong Dal Khichdi,Spicy street food,Complete Bed Rest,N/A - Prescription Required,Severity is high. Automatic recommendation disabled to ensure safety. Consult a doctor.,0,Coconut water for rehydration.,Applying Colgate/toothpaste on burns (causes infection).
915,Diarrhea,Gastrointestinal,"body ache, itching, vomiting",2,General Physician,Papaya,Raw salads (if infectious),Anulom Vilom,Cetirizine,Standard OTC Cetirizine for symptomatic relief.,650,Saltwater gargles for throat infection.,Using battery acid for skin patches.
916,Influenza,Infectious,"body ache, fever, stomach pain",10,Specialist Doctor,Curd rice,Raw salads (if infectious),Brisk walking,N/A - Prescription Required,Severity is high. Automatic recommendation disabled to ensure safety. Consult a doctor.,0,Saltwater gargles for throat infection.,Applying Colgate/toothpaste on burns (causes infection).
917,Sinusitis,Respiratory,"cough, headache, itching",4,General Physician,Curd rice,Spicy street food,Light stretching,Omeprazole,Standard OTC Omeprazole for symptomatic relief.,650,Ginger and honey tea for sore throat.,Applying Colgate/toothpaste on burns (causes infection).
918,Diarrhea,Gastrointestinal,"cough, itching, stomach pain",6,Specialist Doctor,Pomegranate,Excessive caffeine,Anulom Vilom,N/A - Prescription Required,Severity is high. Automatic recommendation disabled to ensure safety. Consult a doctor.,0,Ginger and honey tea for sore throat.,Putting onions in armpits to reduce fever.
919,Gastritis,Gastrointestinal,"body ache, itching, vomiting",8,Specialist Doctor,Pomegranate,Raw salads (if infectious),Brisk walking,N/A - Prescription Required,Severity is high. Automatic recommendation disabled to ensure safety. Consult a doctor.,0,Warm turmeric milk (Haldi Doodh) for immunity.,Using battery acid for skin patches.
920,Acidity,Gastrointestinal,"cough, headache, itching",3,General Physician,Pomegranate,Excessive caffeine,Complete Bed Rest,Loperamide,Standard OTC Loperamide for symptomatic relief.,650,Ginger and honey tea for sore throat.,Using battery acid for skin patches.
921,Diarrhea,Gastrointestinal,"itching, nausea, stomach pain",2,General Physician,Boiled vegetables,Deep-fried pakoras,Yoga (Pranayama),Omeprazole,Standard OTC Omeprazole for symptomatic relief.,650,Coconut water for rehydration.,Putting onions in armpits to reduce fever.
922,Sinusitis,Respiratory,"fatigue, itching, vomiting",5,General Physician,Curd rice,Deep-fried pakoras,Yoga (Pranayama),Ibuprofen,Standard OTC Ibuprofen for symptomatic relief.,250,Warm turmeric milk (Haldi Doodh) for immunity.,Putting onions in armpits to reduce fever.
923,Allergic Rhinitis,Respiratory,"fatigue, nausea, stomach pain",4,General Physician,Papaya,Excessive caffeine,Anulom Vilom,Paracetamol,Standard OTC Paracetamol for symptomatic relief.,250,Coconut water for rehydration.,Putting onions in armpits to reduce fever.
924,Sunburn,Skin,"fever, headache, stomach pain",2,General Physician,Boiled vegetables,Excessive caffeine,Yoga (Pranayama),Paracetamol,Standard OTC Paracetamol for symptomatic relief.,500,Warm turmeric milk (Haldi Doodh) for immunity.,Rubbing heavy salt on rashes.
925,Acne,Skin,"body ache, fever, stomach pain",6,Specialist Doctor,Moong Dal Khichdi,Cold drinks,Anulom Vilom,N/A - Prescription Required,Severity is high. Automatic recommendation disabled to ensure safety. Consult a doctor.,0,Ginger and honey tea for sore throat.,Rubbing heavy salt on rashes.
926,Amoebiasis,Gastrointestinal,"itching, nausea, stomach pain",1,General Physician,Pomegranate,Cold drinks,Anulom Vilom,Loperamide,Standard OTC Loperamide for symptomatic relief.,500,Warm turmeric milk (Haldi Doodh) for immunity.,Using battery acid for skin patches.
927,Eczema,Skin,"body ache, headache, itching",8,Specialist Doctor,Curd rice,Spicy street food,Brisk walking,N/A - Prescription Required,Severity is high. Automatic recommendation disabled to ensure safety. Consult a doctor.,0,Saltwater gargles for throat infection.,Applying Colgate/toothpaste on burns (causes infection).
928,Diarrhea,Gastrointestinal,"body ache, nausea, vomiting",5,General Physician,Curd rice,Excessive caffeine,Brisk walking,Paracetamol,Standard OTC Paracetamol for symptomatic relief.,500,Ginger and honey tea for sore throat.,Putting onions in armpits to reduce fever.
929,Heat Stroke,General,"fatigue, nausea, vomiting",5,General Physician,Moong Dal Khichdi,Cold drinks,Complete Bed Rest,Cetirizine,Standard OTC Cetirizine for symptomatic relief.,250,Coconut water for rehydration.,Putting onions in armpits to reduce fever.
930,Sunburn,Skin,"itching, stomach pain, vomiting",5,General Physician,Pomegranate,Excessive caffeine,Brisk walking,Cetirizine,Standard OTC Cetirizine for symptomatic relief.,500,Jeera water for digestion.,Putting oil or ghee on open wounds.
931,Eczema,Skin,"cough, nausea, stomach pain",8,Specialist Doctor,Papaya,Raw salads (if infectious),Light stretching,N/A - Prescription Required,Severity is high. Automatic recommendation disabled to ensure safety. Consult a doctor.,0,Ginger and honey tea for sore throat.,Rubbing heavy salt on rashes.
932,Typhoid,Infectious,"itching, stomach pain, vomiting",8,Specialist Doctor,Curd rice,Cold drinks,Light stretching,N/A - Prescription Required,Severity is high. Automatic recommendation disabled to ensure safety. Consult a doctor.,0,Jeera water for digestion.,Applying Colgate/toothpaste on burns (causes infection).
933,Dehydration,General,"fever, headache, itching",1,General Physician,Curd rice,Spicy street food,Anulom Vilom,Omeprazole,Standard OTC Omeprazole for symptomatic relief.,650,Saltwater gargles for throat infection.,Using battery acid for skin patches.
934,Anemia,General,"body ache, itching, nausea",5,General Physician,Moong Dal Khichdi,Raw salads (if infectious),Yoga (Pranayama),Paracetamol,Standard OTC Paracetamol for symptomatic relief.,500,Saltwater gargles for throat infection.,Using battery acid for skin patches.
935,Common Cold,Infectious,"body ache, fatigue, nausea",2,General Physician,Moong Dal Khichdi,Deep-fried pakoras,Complete Bed Rest,Omeprazole,Standard OTC Omeprazole for symptomatic relief.,250,Warm turmeric milk (Haldi Doodh) for immunity.,Applying Colgate/toothpaste on burns (causes infection).
936,Typhoid,Infectious,"body ache, fatigue, headache",6,Specialist Doctor,Curd rice,Excessive caffeine,Complete Bed Rest,N/A - Prescription Required,Severity is high. Automatic recommendation disabled to ensure safety. Consult a doctor.,0,Jeera water for digestion.,Applying Colgate/toothpaste on burns (causes infection).
937,Vitamin D Deficiency,General,"fever, itching, stomach pain",6,Specialist Doctor,Boiled vegetables,Cold drinks,Yoga (Pranayama),N/A - Prescription Required,Severity is high. Automatic recommendation disabled to ensure safety. Consult a doctor.,0,Jeera water for digestion.,Using battery acid for skin patches.
938,Heat Rash,Skin,"body ache, cough, fatigue",5,General Physician,Boiled vegetables,Deep-fried pakoras,Complete Bed Rest,Omeprazole,Standard OTC Omeprazole for symptomatic relief.,250,Warm turmeric milk (Haldi Doodh) for immunity.,Putting oil or ghee on open wounds.
939,Sinusitis,Respiratory,"body ache, fever, stomach pain",10,Specialist Doctor,Pomegranate,Cold drinks,Complete Bed Rest,N/A - Prescription Required,Severity is high. Automatic recommendation disabled to ensure safety. Consult a doctor.,0,Ginger and honey tea for sore throat.,Putting onions in armpits to reduce fever.
940,Food Poisoning,Gastrointestinal,"body ache, cough, vomiting",8,Specialist Doctor,Moong Dal Khichdi,Spicy street food,Complete Bed Rest,N/A - Prescription Required,Severity is high. Automatic recommendation disabled to ensure safety. Consult a doctor.,0,Jeera water for digestion.,Applying Colgate/toothpaste on burns (causes infection).
941,Vitamin D Deficiency,General,"itching, nausea, stomach pain",5,General Physician,Moong Dal Khichdi,Excessive caffeine,Yoga (Pranayama),Cetirizine,Standard OTC Cetirizine for symptomatic relief.,250,Coconut water for rehydration.,Putting oil or ghee on open wounds.
942,Bronchitis,Respiratory,"fever, itching, nausea",1,General Physician,Boiled vegetables,Cold drinks,Yoga (Pranayama),Omeprazole,Standard OTC Omeprazole for symptomatic relief.,650,Coconut water for rehydration.,Putting onions in armpits to reduce fever.
943,Dengue,Infectious,"headache, stomach pain, vomiting",2,General Physician,Papaya,Cold drinks,Anulom Vilom,Paracetamol,Standard OTC Paracetamol for symptomatic relief.,500,Ginger and honey tea for sore throat.,Applying Colgate/toothpaste on burns (causes infection).
944,Amoebiasis,Gastrointestinal,"body ache, fatigue, nausea",9,Specialist Doctor,Moong Dal Khichdi,Spicy street food,Brisk walking,N/A - Prescription Required,Severity is high. Automatic recommendation disabled to ensure safety. Consult a doctor.,0,Saltwater gargles for throat infection.,Putting onions in armpits to reduce fever.
945,Anemia,General,"fatigue, itching, nausea",5,General Physician,Papaya,Spicy street food,Yoga (Pranayama),Loperamide,Standard OTC Loperamide for symptomatic relief.,500,Coconut water for rehydration.,Applying Colgate/toothpaste on burns (causes infection).
946,Vitamin D Deficiency,General,"body ache, headache, nausea",3,General Physician,Curd rice,Raw salads (if infectious),Complete Bed Rest,Cetirizine,Standard OTC Cetirizine for symptomatic relief.,500,Jeera water for digestion.,Using battery acid for skin patches.
947,Sinusitis,Respiratory,"nausea, stomach pain, vomiting",5,General Physician,Curd rice,Excessive caffeine,Anulom Vilom,Ibuprofen,Standard OTC Ibuprofen for symptomatic relief.,500,Saltwater gargles for throat infection.,Applying Colgate/toothpaste on burns (causes infection).
948,Vitamin D Deficiency,General,"cough, headache, stomach pain",8,Specialist Doctor,Curd rice,Excessive caffeine,Yoga (Pranayama),N/A - Prescription Required,Severity is high. Automatic recommendation disabled to ensure safety. Consult a doctor.,0,Coconut water for rehydration.,Putting oil or ghee on open wounds.
949,Gastritis,Gastrointestinal,"body ache, fatigue, headache",5,General Physician,Boiled vegetables,Deep-fried pakoras,Yoga (Pranayama),ORS,Standard OTC ORS for symptomatic relief.,650,Warm turmeric milk (Haldi Doodh) for immunity.,Applying Colgate/toothpaste on burns (causes infection).
950,Heat Rash,Skin,"body ache, fatigue, fever",6,Specialist Doctor,Boiled vegetables,Spicy street food,Brisk walking,N/A - Prescription Required,Severity is high. Automatic recommendation disabled to ensure safety. Consult a doctor.,0,Jeera water for digestion.,Rubbing heavy salt on rashes.
951,Bronchitis,Respiratory,"cough, nausea, stomach pain",5,General Physician,Curd rice,Spicy street food,Complete Bed Rest,Omeprazole,Standard OTC Omeprazole for symptomatic relief.,250,Ginger and honey tea for sore throat.,Rubbing heavy salt on rashes.
952,Food Poisoning,Gastrointestinal,"body ache, fatigue, itching",10,Specialist Doctor,Papaya,Deep-fried pakoras,Complete Bed Rest,N/A - Prescription Required,Severity is high. Automatic recommendation disabled to ensure safety. Consult a doctor.,0,Coconut water for rehydration.,Applying Colgate/toothpaste on burns (causes infection).
953,Sunburn,Skin,"body ache, cough, fever",5,General Physician,Pomegranate,Deep-fried pakoras,Complete Bed Rest,Loperamide,Standard OTC Loperamide for symptomatic relief.,650,Saltwater gargles for throat infection.,Using battery acid for skin patches.
954,Allergic Rhinitis,Respiratory,"fever, itching, vomiting",6,Specialist Doctor,Pomegranate,Raw salads (if infectious),Anulom Vilom,N/A - Prescription Required,Severity is high. Automatic recommendation disabled to ensure safety. Consult a doctor.,0,Jeera water for digestion.,Using battery acid for skin patches.
955,Influenza,Infectious,"body ache, fever, headache",9,Specialist Doctor,Curd rice,Deep-fried pakoras,Light stretching,N/A - Prescription Required,Severity is high. Automatic recommendation disabled to ensure safety. Consult a doctor.,0,Ginger and honey tea for sore throat.,Using battery acid for skin patches.
956,Malaria,Infectious,"body ache, nausea, vomiting",5,General Physician,Curd rice,Deep-fried pakoras,Complete Bed Rest,ORS,Standard OTC ORS for symptomatic relief.,500,Ginger and honey tea for sore throat.,Using battery acid for skin patches.
957,Acidity,Gastrointestinal,"headache, itching, vomiting",3,General Physician,Papaya,Excessive caffeine,Light stretching,Loperamide,Standard OTC Loperamide for symptomatic relief.,650,Jeera water for digestion.,Rubbing heavy salt on rashes.
958,Amoebiasis,Gastrointestinal,"fever, itching, vomiting",1,General Physician,Pomegranate,Spicy street food,Complete Bed Rest,Omeprazole,Standard OTC Omeprazole for symptomatic relief.,250,Ginger and honey tea for sore throat.,Using battery acid for skin patches.
959,Fungal Infection,Skin,"body ache, fever, vomiting",8,Specialist Doctor,Boiled vegetables,Raw salads (if infectious),Yoga (Pranayama),N/A - Prescription Required,Severity is high. Automatic recommendation disabled to ensure safety. Consult a doctor.,0,Jeera water for digestion.,Using battery acid for skin patches.
960,Heat Stroke,General,"cough, fever, vomiting",7,Specialist Doctor,Boiled vegetables,Spicy street food,Light stretching,N/A - Prescription Required,Severity is high. Automatic recommendation disabled to ensure safety. Consult a doctor.,0,Warm turmeric milk (Haldi Doodh) for immunity.,Rubbing heavy salt on rashes.
961,Heat Stroke,General,"fatigue, fever, stomach pain",10,Specialist Doctor,Pomegranate,Spicy street food,Anulom Vilom,N/A - Prescription Required,Severity is high. Automatic recommendation disabled to ensure safety. Consult a doctor.,0,Ginger and honey tea for sore throat.,Using battery acid for skin patches.
962,Gastritis,Gastrointestinal,"body ache, itching, nausea",9,Specialist Doctor,Curd rice,Spicy street food,Complete Bed Rest,N/A - Prescription Required,Severity is high. Automatic recommendation disabled to ensure safety. Consult a doctor.,0,Warm turmeric milk (Haldi Doodh) for immunity.,Applying Colgate/toothpaste on burns (causes infection).
963,Eczema,Skin,"fatigue, itching, vomiting",6,Specialist Doctor,Papaya,Raw salads (if infectious),Brisk walking,N/A - Prescription Required,Severity is high. Automatic recommendation disabled to ensure safety. Consult a doctor.,0,Saltwater gargles for throat infection.,Putting oil or ghee on open wounds.
964,Allergic Rhinitis,Respiratory,"body ache, headache, nausea",9,Specialist Doctor,Moong Dal Khichdi,Excessive caffeine,Yoga (Pranayama),N/A - Prescription Required,Severity is high. Automatic recommendation disabled to ensure safety. Consult a doctor.,0,Jeera water for digestion.,Rubbing heavy salt on rashes.
965,Malaria,Infectious,"body ache, cough, headache",3,General Physician,Boiled vegetables,Raw salads (if infectious),Brisk walking,Ibuprofen,Standard OTC Ibuprofen for symptomatic relief.,250,Jeera water for digestion.,Putting onions in armpits to reduce fever.
966,Malaria,Infectious,"headache, itching, vomiting",7,Specialist Doctor,Moong Dal Khichdi,Raw salads (if infectious),Complete Bed Rest,N/A - Prescription Required,Severity is high. Automatic recommendation disabled to ensure safety. Consult a doctor.,0,Ginger and honey tea for sore throat.,Using battery acid for skin patches.
967,Diarrhea,Gastrointestinal,"body ache, fever, nausea",8,Specialist Doctor,Moong Dal Khichdi,Excessive caffeine,Light stretching,N/A - Prescription Required,Severity is high. Automatic recommendation disabled to ensure safety. Consult a doctor.,0,Coconut water for rehydration.,Using battery acid for skin patches.
968,Influenza,Infectious,"fever, headache, stomach pain",5,General Physician,Moong Dal Khichdi,Spicy street food,Brisk walking,Loperamide,Standard OTC Loperamide for symptomatic relief.,650,Jeera water for digestion.,Putting oil or ghee on open wounds.
969,Amoebiasis,Gastrointestinal,"fatigue, nausea, stomach pain",7,Specialist Doctor,Papaya,Raw salads (if infectious),Anulom Vilom,N/A - Prescription Required,Severity is high. Automatic recommendation disabled to ensure safety. Consult a doctor.,0,Saltwater gargles for throat infection.,Rubbing heavy salt on rashes.
970,Diarrhea,Gastrointestinal,"body ache, fatigue, stomach pain",6,Specialist Doctor,Curd rice,Raw salads (if infectious),Yoga (Pranayama),N/A - Prescription Required,Severity is high. Automatic recommendation disabled to ensure safety. Consult a doctor.,0,Saltwater gargles for throat infection.,Using battery acid for skin patches.
971,Anemia,General,"headache, stomach pain, vomiting",3,General Physician,Boiled vegetables,Spicy street food,Light stretching,Omeprazole,Standard OTC Omeprazole for symptomatic relief.,500,Warm turmeric milk (Haldi Doodh) for immunity.,Putting onions in armpits to reduce fever.
972,Acne,Skin,"cough, nausea, vomiting",6,Specialist Doctor,Pomegranate,Cold drinks,Light stretching,N/A - Prescription Required,Severity is high. Automatic recommendation disabled to ensure safety. Consult a doctor.,0,Ginger and honey tea for sore throat.,Putting onions in armpits to reduce fever.
973,Chickenpox,Infectious,"fever, nausea, stomach pain",9,Specialist Doctor,Curd rice,Deep-fried pakoras,Complete Bed Rest,N/A - Prescription Required,Severity is high. Automatic recommendation disabled to ensure safety. Consult a doctor.,0,Jeera water for digestion.,Putting onions in armpits to reduce fever.
974,Sinusitis,Respiratory,"headache, stomach pain, vomiting",8,Specialist Doctor,Moong Dal Khichdi,Deep-fried pakoras,Brisk walking,N/A - Prescription Required,Severity is high. Automatic recommendation disabled to ensure safety. Consult a doctor.,0,Warm turmeric milk (Haldi Doodh) for immunity.,Putting onions in armpits to reduce fever.
975,Acidity,Gastrointestinal,"cough, fever, nausea",2,General Physician,Boiled vegetables,Raw salads (if infectious),Light stretching,Ibuprofen,Standard OTC Ibuprofen for symptomatic relief.,650,Coconut water for rehydration.,Applying Colgate/toothpaste on burns (causes infection).
976,Acidity,Gastrointestinal,"cough, fatigue, stomach pain",3,General Physician,Papaya,Spicy street food,Brisk walking,Paracetamol,Standard OTC Paracetamol for symptomatic relief.,500,Warm turmeric milk (Haldi Doodh) for immunity.,Putting onions in armpits to reduce fever.
977,Influenza,Infectious,"itching, stomach pain, vomiting",5,General Physician,Moong Dal Khichdi,Raw salads (if infectious),Anulom Vilom,Omeprazole,Standard OTC Omeprazole for symptomatic relief.,500,Ginger and honey tea for sore throat.,Rubbing heavy salt on rashes.
978,Bronchitis,Respiratory,"fever, headache, stomach pain",10,Specialist Doctor,Boiled vegetables,Spicy street food,Complete Bed Rest,N/A - Prescription Required,Severity is high. Automatic recommendation disabled to ensure safety. Consult a doctor.,0,Jeera water for digestion.,Putting onions in armpits to reduce fever.
979,Food Poisoning,Gastrointestinal,"fatigue, nausea, vomiting",9,Specialist Doctor,Papaya,Excessive caffeine,Light stretching,N/A - Prescription Required,Severity is high. Automatic recommendation disabled to ensure safety. Consult a doctor.,0,Ginger and honey tea for sore throat.,Rubbing heavy salt on rashes.
980,Dengue,Infectious,"fatigue, nausea, stomach pain",5,General Physician,Curd rice,Deep-fried pakoras,Anulom Vilom,Loperamide,Standard OTC Loperamide for symptomatic relief.,500,Warm turmeric milk (Haldi Doodh) for immunity.,Applying Colgate/toothpaste on burns (causes infection).
981,Gastritis,Gastrointestinal,"body ache, fatigue, stomach pain",6,Specialist Doctor,Papaya,Excessive caffeine,Light stretching,N/A - Prescription Required,Severity is high. Automatic recommendation disabled to ensure safety. Consult a doctor.,0,Jeera water for digestion.,Using battery acid for skin patches.
982,Diarrhea,Gastrointestinal,"cough, itching, nausea",5,General Physician,Pomegranate,Raw salads (if infectious),Yoga (Pranayama),Loperamide,Standard OTC Loperamide for symptomatic relief.,650,Saltwater gargles for throat infection.,Putting oil or ghee on open wounds.
983,Asthma,Respiratory,"body ache, cough, headache",8,Specialist Doctor,Pomegranate,Raw salads (if infectious),Yoga (Pranayama),N/A - Prescription Required,Severity is high. Automatic recommendation disabled to ensure safety. Consult a doctor.,0,Warm turmeric milk (Haldi Doodh) for immunity.,Putting oil or ghee on open wounds.
984,Asthma,Respiratory,"cough, fever, vomiting",3,General Physician,Pomegranate,Raw salads (if infectious),Yoga (Pranayama),Omeprazole,Standard OTC Omeprazole for symptomatic relief.,500,Coconut water for rehydration.,Putting oil or ghee on open wounds.
985,Acidity,Gastrointestinal,"cough, itching, vomiting",4,General Physician,Boiled vegetables,Excessive caffeine,Complete Bed Rest,Paracetamol,Standard OTC Paracetamol for symptomatic relief.,500,Saltwater gargles for throat infection.,Putting onions in armpits to reduce fever.
986,Heat Rash,Skin,"body ache, itching, nausea",3,General Physician,Pomegranate,Cold drinks,Yoga (Pranayama),Loperamide,Standard OTC Loperamide for symptomatic relief.,500,Jeera water for digestion.,Putting onions in armpits to reduce fever.
987,Anemia,General,"body ache, cough, fever",2,General Physician,Papaya,Raw salads (if infectious),Complete Bed Rest,ORS,Standard OTC ORS for symptomatic relief.,500,Warm turmeric milk (Haldi Doodh) for immunity.,Putting oil or ghee on open wounds.
988,Food Poisoning,Gastrointestinal,"body ache, cough, fever",1,General Physician,Moong Dal Khichdi,Deep-fried pakoras,Brisk walking,Paracetamol,Standard OTC Paracetamol for symptomatic relief.,500,Jeera water for digestion.,Putting oil or ghee on open wounds.
989,Common Cold,Infectious,"body ache, cough, stomach pain",1,General Physician,Moong Dal Khichdi,Spicy street food,Complete Bed Rest,Cetirizine,Standard OTC Cetirizine for symptomatic relief.,650,Ginger and honey tea for sore throat.,Putting oil or ghee on open wounds.
990,Sinusitis,Respiratory,"cough, headache, stomach pain",9,Specialist Doctor,Pomegranate,Raw salads (if infectious),Light stretching,N/A - Prescription Required,Severity is high. Automatic recommendation disabled to ensure safety. Consult a doctor.,0,Saltwater gargles for throat infection.,Applying Colgate/toothpaste on burns (causes infection).
991,Sinusitis,Respiratory,"cough, fatigue, stomach pain",1,General Physician,Boiled vegetables,Deep-fried pakoras,Brisk walking,Omeprazole,Standard OTC Omeprazole for symptomatic relief.,650,Ginger and honey tea for sore throat.,Rubbing heavy salt on rashes.
992,Vitamin D Deficiency,General,"cough, fever, itching",7,Specialist Doctor,Moong Dal Khichdi,Raw salads (if infectious),Complete Bed Rest,N/A - Prescription Required,Severity is high. Automatic recommendation disabled to ensure safety. Consult a doctor.,0,Coconut water for rehydration.,Applying Colgate/toothpaste on burns (causes infection).
993,Bronchitis,Respiratory,"body ache, cough, vomiting",10,Specialist Doctor,Boiled vegetables,Spicy street food,Brisk walking,N/A - Prescription Required,Severity is high. Automatic recommendation disabled to ensure safety. Consult a doctor.,0,Saltwater gargles for throat infection.,Putting onions in armpits to reduce fever.
994,Anemia,General,"body ache, fatigue, vomiting",7,Specialist Doctor,Curd rice,Raw salads (if infectious),Yoga (Pranayama),N/A - Prescription Required,Severity is high. Automatic recommendation disabled to ensure safety. Consult a doctor.,0,Warm turmeric milk (Haldi Doodh) for immunity.,Rubbing heavy salt on rashes.
995,Typhoid,Infectious,"headache, itching, stomach pain",8,Specialist Doctor,Pomegranate,Cold drinks,Yoga (Pranayama),N/A - Prescription Required,Severity is high. Automatic recommendation disabled to ensure safety. Consult a doctor.,0,Warm turmeric milk (Haldi Doodh) for immunity.,Putting onions in armpits to reduce fever.
996,Allergic Rhinitis,Respiratory,"cough, headache, stomach pain",5,General Physician,Moong Dal Khichdi,Deep-fried pakoras,Anulom Vilom,Cetirizine,Standard OTC Cetirizine for symptomatic relief.,500,Coconut water for rehydration.,Applying Colgate/toothpaste on burns (causes infection).
997,Chickenpox,Infectious,"fever, headache, nausea",6,Specialist Doctor,Curd rice,Deep-fried pakoras,Light stretching,N/A - Prescription Required,Severity is high. Automatic recommendation disabled to ensure safety. Consult a doctor.,0,Jeera water for digestion.,Putting oil or ghee on open wounds.
998,Dehydration,General,"cough, headache, vomiting",8,Specialist Doctor,Boiled vegetables,Raw salads (if infectious),Brisk walking,N/A - Prescription Required,Severity is high. Automatic recommendation disabled to ensure safety. Consult a doctor.,0,Saltwater gargles for throat infection.,Rubbing heavy salt on rashes.
999,Sunburn,Skin,"fever, headache, stomach pain",10,Specialist Doctor,Papaya,Cold drinks,Light stretching,N/A - Prescription Required,Severity is high. Automatic recommendation disabled to ensure safety. Consult a doctor.,0,Warm turmeric milk (Haldi Doodh) for immunity.,Rubbing heavy salt on rashes.
1000,Dengue,Infectious,"body ache, cough, stomach pain",10,Specialist Doctor,Pomegranate,Raw salads (if infectious),Complete Bed Rest,N/A - Prescription Required,Severity is high. Automatic recommendation disabled to ensure safety. Consult a doctor.,0,Warm turmeric milk (Haldi Doodh) for immunity.,Putting onions in armpits to reduce fever.
