disease_id,name,category,symptoms,severity,specialist,diet_to_eat,diet_to_avoid,workout,medicine_name,medicine_desc,base_dosage_mg,safe_tip,dangerous_myth
1,Typhoid,Infectious,"Coated tongue, High fever, Rose spots",9,Specialist Doctor,Boiled vegetables,Deep-fried pakoras,Light stretching,N/A - Prescription Required,Severity is high. Automatic recommendation disabled to ensure safety. Consult a doctor.,0,Saltwater gargles for throat infection.,Rubbing heavy salt on rashes.
2,Bronchitis,Respiratory,"Shortness of breath, Chest congestion, Persistent cough, Wheezing",2,General Physician,Boiled vegetables,Deep-fried pakoras,Light stretching,Cetirizine,Standard OTC Cetirizine for symptomatic relief.,650,Saltwater gargles for throat infection.,Applying Colgate/toothpaste on burns (causes infection).
3,Typhoid,Infectious,"High fever, Stomach pain, Coated tongue, Rose spots",2,General Physician,Moong Dal Khichdi,Excessive caffeine,Anulom Vilom,Cetirizine,Standard OTC Cetirizine for symptomatic relief.,250,Ginger and honey tea for sore throat.,Rubbing heavy salt on rashes.
4,Acne,Skin,"Pimples, Red bumps, Blackheads",10,Specialist Doctor,Boiled vegetables,Spicy street food,Complete Bed Rest,N/A - Prescription Required,Severity is high. Automatic recommendation disabled to ensure safety. Consult a doctor.,0,Coconut water for rehydration.,Using battery acid for skin patches.
5,Dehydration,General,"Extreme thirst, Dizziness, Dark urine",8,Specialist Doctor,Papaya,Deep-fried pakoras,Light stretching,N/A - Prescription Required,Severity is high. Automatic recommendation disabled to ensure safety. Consult a doctor.,0,Jeera water for digestion.,Putting oil or ghee on open wounds.
6,Common Cold,Infectious,"Runny nose, Mild fever, Sore throat",10,Specialist Doctor,Moong Dal Khichdi,Raw salads (if infectious),Anulom Vilom,N/A - Prescription Required,Severity is high. Automatic recommendation disabled to ensure safety. Consult a doctor.,0,Jeera water for digestion.,Using battery acid for skin patches.
7,Vitamin D Deficiency,General,"Muscle weakness, Hair loss, Mood changes, Bone pain",5,General Physician,Papaya,Raw salads (if infectious),Brisk walking,Cetirizine,Standard OTC Cetirizine for symptomatic relief.,650,Jeera water for digestion.,Applying Colgate/toothpaste on burns (causes infection).
8,Dehydration,General,"Dry mouth, Dizziness, Extreme thirst, Dark urine",8,Specialist Doctor,Moong Dal Khichdi,Cold drinks,Anulom Vilom,N/A - Prescription Required,Severity is high. Automatic recommendation disabled to ensure safety. Consult a doctor.,0,Jeera water for digestion.,Rubbing heavy salt on rashes.
9,Acidity,Gastrointestinal,"Bloating, Burning sensation in chest, Heartburn",5,General Physician,Curd rice,Spicy street food,Brisk walking,ORS,Standard OTC ORS for symptomatic relief.,250,Jeera water for digestion.,Rubbing heavy salt on rashes.
10,Allergic Rhinitis,Respiratory,"Watery eyes, Constant sneezing, Puffy eyelids, Itchy nose",7,Specialist Doctor,Curd rice,Cold drinks,Anulom Vilom,N/A - Prescription Required,Severity is high. Automatic recommendation disabled to ensure safety. Consult a doctor.,0,Coconut water for rehydration.,Using battery acid for skin patches.
11,Influenza,Infectious,"High fever, Severe body ache, Dry cough",5,General Physician,Boiled vegetables,Excessive caffeine,Complete Bed Rest,Loperamide,Standard OTC Loperamide for symptomatic relief.,250,Ginger and honey tea for sore throat.,Using battery acid for skin patches.
12,Common Cold,Infectious,"Sore throat, Sneezing, Runny nose, Mild fever",10,Specialist Doctor,Pomegranate,Excessive caffeine,Brisk walking,N/A - Prescription Required,Severity is high. Automatic recommendation disabled to ensure safety. Consult a doctor.,0,Ginger and honey tea for sore throat.,Putting oil or ghee on open wounds.
13,Diarrhea,Gastrointestinal,"Loose stools, Dehydration, Abdominal cramps, Urgency",5,General Physician,Pomegranate,Deep-fried pakoras,Complete Bed Rest,Paracetamol,Standard OTC Paracetamol for symptomatic relief.,650,Ginger and honey tea for sore throat.,Using battery acid for skin patches.
14,Vitamin D Deficiency,General,"Muscle weakness, Hair loss, Bone pain, Mood changes",10,Specialist Doctor,Papaya,Spicy street food,Anulom Vilom,N/A - Prescription Required,Severity is high. Automatic recommendation disabled to ensure safety. Consult a doctor.,0,Ginger and honey tea for sore throat.,Putting onions in armpits to reduce fever.
15,Eczema,Skin,"Dry skin, Itchy patches, Red inflammation, Cracked skin",9,Specialist Doctor,Curd rice,Excessive caffeine,Complete Bed Rest,N/A - Prescription Required,Severity is high. Automatic recommendation disabled to ensure safety. Consult a doctor.,0,Coconut water for rehydration.,Rubbing heavy salt on rashes.
16,Typhoid,Infectious,"High fever, Coated tongue, Stomach pain",4,General Physician,Boiled vegetables,Cold drinks,Anulom Vilom,ORS,Standard OTC ORS for symptomatic relief.,250,Jeera water for digestion.,Putting oil or ghee on open wounds.
17,Vitamin D Deficiency,General,"Bone pain, Mood changes, Hair loss",10,Specialist Doctor,Moong Dal Khichdi,Cold drinks,Light stretching,N/A - Prescription Required,Severity is high. Automatic recommendation disabled to ensure safety. Consult a doctor.,0,Warm turmeric milk (Haldi Doodh) for immunity.,Rubbing heavy salt on rashes.
18,Gastritis,Gastrointestinal,"Feeling full after small meal, Indigestion, Nausea",7,Specialist Doctor,Papaya,Cold drinks,Complete Bed Rest,N/A - Prescription Required,Severity is high. Automatic recommendation disabled to ensure safety. Consult a doctor.,0,Ginger and honey tea for sore throat.,Applying Colgate/toothpaste on burns (causes infection).
19,Acne,Skin,"Pimples, Red bumps, Oily skin",2,General Physician,Boiled vegetables,Deep-fried pakoras,Light stretching,Cetirizine,Standard OTC Cetirizine for symptomatic relief.,500,Warm turmeric milk (Haldi Doodh) for immunity.,Putting onions in armpits to reduce fever.
20,Eczema,Skin,"Red inflammation, Dry skin, Itchy patches",9,Specialist Doctor,Curd rice,Deep-fried pakoras,Complete Bed Rest,N/A - Prescription Required,Severity is high. Automatic recommendation disabled to ensure safety. Consult a doctor.,0,Ginger and honey tea for sore throat.,Rubbing heavy salt on rashes.
21,Food Poisoning,Gastrointestinal,"Diarrhea, Abdominal cramps, Projectile vomiting",5,General Physician,Pomegranate,Cold drinks,Anulom Vilom,ORS,Standard OTC ORS for symptomatic relief.,500,Warm turmeric milk (Haldi Doodh) for immunity.,Using battery acid for skin patches.
22,Acidity,Gastrointestinal,"Bloating, Burning sensation in chest, Heartburn, Sour burps",5,General Physician,Papaya,Excessive caffeine,Light stretching,Loperamide,Standard OTC Loperamide for symptomatic relief.,650,Coconut water for rehydration.,Using battery acid for skin patches.
23,Sinusitis,Respiratory,"Stuffed nose, Facial pressure, Thick yellow mucus",10,Specialist Doctor,Moong Dal Khichdi,Spicy street food,Brisk walking,N/A - Prescription Required,Severity is high. Automatic recommendation disabled to ensure safety. Consult a doctor.,0,Coconut water for rehydration.,Using battery acid for skin patches.
24,Anemia,General,"Brittle nails, Cold hands, Extreme fatigue, Pale skin",10,Specialist Doctor,Curd rice,Cold drinks,Complete Bed Rest,N/A - Prescription Required,Severity is high. Automatic recommendation disabled to ensure safety. Consult a doctor.,0,Saltwater gargles for throat infection.,Putting onions in armpits to reduce fever.
25,Sinusitis,Respiratory,"Headache, Facial pressure, Stuffed nose, Thick yellow mucus",6,Specialist Doctor,Boiled vegetables,Deep-fried pakoras,Brisk walking,N/A - Prescription Required,Severity is high. Automatic recommendation disabled to ensure safety. Consult a doctor.,0,Saltwater gargles for throat infection.,Rubbing heavy salt on rashes.
26,Eczema,Skin,"Cracked skin, Itchy patches, Red inflammation, Dry skin",2,General Physician,Pomegranate,Spicy street food,Yoga (Pranayama),Omeprazole,Standard OTC Omeprazole for symptomatic relief.,650,Jeera water for digestion.,Putting oil or ghee on open wounds.
27,Bronchitis,Respiratory,"Wheezing, Chest congestion, Persistent cough",5,General Physician,Curd rice,Cold drinks,Brisk walking,Loperamide,Standard OTC Loperamide for symptomatic relief.,250,Ginger and honey tea for sore throat.,Using battery acid for skin patches.
28,Sunburn,Skin,"Blisters, Hot to touch, Peeling skin",1,General Physician,Curd rice,Raw salads (if infectious),Yoga (Pranayama),Paracetamol,Standard OTC Paracetamol for symptomatic relief.,650,Ginger and honey tea for sore throat.,Applying Colgate/toothpaste on burns (causes infection).
29,Diarrhea,Gastrointestinal,"Abdominal cramps, Loose stools, Dehydration",4,General Physician,Papaya,Cold drinks,Anulom Vilom,ORS,Standard OTC ORS for symptomatic relief.,250,Warm turmeric milk (Haldi Doodh) for immunity.,Putting oil or ghee on open wounds.
30,Fungal Infection,Skin,"Ring-shaped rash, Scaly skin, Discolored nails, Itching between toes",2,General Physician,Boiled vegetables,Cold drinks,Complete Bed Rest,Cetirizine,Standard OTC Cetirizine for symptomatic relief.,650,Coconut water for rehydration.,Using battery acid for skin patches.
31,Food Poisoning,Gastrointestinal,"Diarrhea, Fever, Abdominal cramps",10,Specialist Doctor,Pomegranate,Excessive caffeine,Brisk walking,N/A - Prescription Required,Severity is high. Automatic recommendation disabled to ensure safety. Consult a doctor.,0,Ginger and honey tea for sore throat.,Rubbing heavy salt on rashes.
32,Amoebiasis,Gastrointestinal,"Tenesmus, Bloody stools, Stomach cramps, Weight loss",1,General Physician,Pomegranate,Deep-fried pakoras,Yoga (Pranayama),Cetirizine,Standard OTC Cetirizine for symptomatic relief.,250,Warm turmeric milk (Haldi Doodh) for immunity.,Putting oil or ghee on open wounds.
33,Dengue,Infectious,"High fever, Joint pain, Retro-orbital pain, Bleeding gums",4,General Physician,Curd rice,Cold drinks,Complete Bed Rest,Loperamide,Standard OTC Loperamide for symptomatic relief.,650,Ginger and honey tea for sore throat.,Using battery acid for skin patches.
34,Bronchitis,Respiratory,"Chest congestion, Wheezing, Shortness of breath",4,General Physician,Moong Dal Khichdi,Deep-fried pakoras,Yoga (Pranayama),Cetirizine,Standard OTC Cetirizine for symptomatic relief.,250,Jeera water for digestion.,Applying Colgate/toothpaste on burns (causes infection).
35,Dengue,Infectious,"Joint pain, Bleeding gums, Retro-orbital pain, High fever",5,General Physician,Pomegranate,Spicy street food,Brisk walking,Loperamide,Standard OTC Loperamide for symptomatic relief.,650,Jeera water for digestion.,Putting oil or ghee on open wounds.
36,Allergic Rhinitis,Respiratory,"Puffy eyelids, Watery eyes, Constant sneezing, Itchy nose",7,Specialist Doctor,Boiled vegetables,Cold drinks,Complete Bed Rest,N/A - Prescription Required,Severity is high. Automatic recommendation disabled to ensure safety. Consult a doctor.,0,Ginger and honey tea for sore throat.,Rubbing heavy salt on rashes.
37,Gastritis,Gastrointestinal,"Upper stomach pain, Feeling full after small meal, Nausea, Indigestion",9,Specialist Doctor,Pomegranate,Deep-fried pakoras,Light stretching,N/A - Prescription Required,Severity is high. Automatic recommendation disabled to ensure safety. Consult a doctor.,0,Jeera water for digestion.,Using battery acid for skin patches.
38,Bronchitis,Respiratory,"Chest congestion, Wheezing, Persistent cough",6,Specialist Doctor,Pomegranate,Excessive caffeine,Complete Bed Rest,N/A - Prescription Required,Severity is high. Automatic recommendation disabled to ensure safety. Consult a doctor.,0,Ginger and honey tea for sore throat.,Putting oil or ghee on open wounds.
39,Eczema,Skin,"Cracked skin, Red inflammation, Dry skin",7,Specialist Doctor,Papaya,Spicy street food,Anulom Vilom,N/A - Prescription Required,Severity is high. Automatic recommendation disabled to ensure safety. Consult a doctor.,0,Warm turmeric milk (Haldi Doodh) for immunity.,Rubbing heavy salt on rashes.
40,Sunburn,Skin,"Hot to touch, Blisters, Peeling skin",1,General Physician,Papaya,Cold drinks,Anulom Vilom,Paracetamol,Standard OTC Paracetamol for symptomatic relief.,650,Coconut water for rehydration.,Applying Colgate/toothpaste on burns (causes infection).
41,Diarrhea,Gastrointestinal,"Urgency, Loose stools, Dehydration, Abdominal cramps",9,Specialist Doctor,Boiled vegetables,Cold drinks,Complete Bed Rest,N/A - Prescription Required,Severity is high. Automatic recommendation disabled to ensure safety. Consult a doctor.,0,Ginger and honey tea for sore throat.,Using battery acid for skin patches.
42,Food Poisoning,Gastrointestinal,"Diarrhea, Fever, Abdominal cramps",4,General Physician,Curd rice,Deep-fried pakoras,Brisk walking,Cetirizine,Standard OTC Cetirizine for symptomatic relief.,250,Jeera water for digestion.,Applying Colgate/toothpaste on burns (causes infection).
43,Fungal Infection,Skin,"Discolored nails, Scaly skin, Itching between toes, Ring-shaped rash",6,Specialist Doctor,Boiled vegetables,Deep-fried pakoras,Brisk walking,N/A - Prescription Required,Severity is high. Automatic recommendation disabled to ensure safety. Consult a doctor.,0,Coconut water for rehydration.,Putting onions in armpits to reduce fever.
44,Food Poisoning,Gastrointestinal,"Fever, Projectile vomiting, Diarrhea",8,Specialist Doctor,Moong Dal Khichdi,Raw salads (if infectious),Brisk walking,N/A - Prescription Required,Severity is high. Automatic recommendation disabled to ensure safety. Consult a doctor.,0,Saltwater gargles for throat infection.,Rubbing heavy salt on rashes.
45,Bronchitis,Respiratory,"Shortness of breath, Persistent cough, Wheezing",9,Specialist Doctor,Boiled vegetables,Deep-fried pakoras,Yoga (Pranayama),N/A - Prescription Required,Severity is high. Automatic recommendation disabled to ensure safety. Consult a doctor.,0,Ginger and honey tea for sore throat.,Putting onions in armpits to reduce fever.
46,Amoebiasis,Gastrointestinal,"Tenesmus, Stomach cramps, Bloody stools",1,General Physician,Boiled vegetables,Excessive caffeine,Light stretching,Loperamide,Standard OTC Loperamide for symptomatic relief.,250,Warm turmeric milk (Haldi Doodh) for immunity.,Putting oil or ghee on open wounds.
47,Bronchitis,Respiratory,"Shortness of breath, Wheezing, Chest congestion, Persistent cough",10,Specialist Doctor,Papaya,Raw salads (if infectious),Brisk walking,N/A - Prescription Required,Severity is high. Automatic recommendation disabled to ensure safety. Consult a doctor.,0,Saltwater gargles for throat infection.,Rubbing heavy salt on rashes.
48,Anemia,General,"Brittle nails, Extreme fatigue, Pale skin, Cold hands",8,Specialist Doctor,Curd rice,Spicy street food,Complete Bed Rest,N/A - Prescription Required,Severity is high. Automatic recommendation disabled to ensure safety. Consult a doctor.,0,Ginger and honey tea for sore throat.,Rubbing heavy salt on rashes.
49,Acne,Skin,"Red bumps, Blackheads, Oily skin",7,Specialist Doctor,Moong Dal Khichdi,Spicy street food,Anulom Vilom,N/A - Prescription Required,Severity is high. Automatic recommendation disabled to ensure safety. Consult a doctor.,0,Ginger and honey tea for sore throat.,Rubbing heavy salt on rashes.
50,Food Poisoning,Gastrointestinal,"Projectile vomiting, Diarrhea, Fever, Abdominal cramps",4,General Physician,Papaya,Excessive caffeine,Yoga (Pranayama),Paracetamol,Standard OTC Paracetamol for symptomatic relief.,250,Warm turmeric milk (Haldi Doodh) for immunity.,Using battery acid for skin patches.
51,Heat Rash,Skin,"Itching in sweat areas, Prickly heat, Mild swelling, Small red bumps",1,General Physician,Boiled vegetables,Cold drinks,Anulom Vilom,ORS,Standard OTC ORS for symptomatic relief.,500,Coconut water for rehydration.,Applying Colgate/toothpaste on burns (causes infection).
52,Acidity,Gastrointestinal,"Burning sensation in chest, Bloating, Heartburn, Sour burps",3,General Physician,Pomegranate,Deep-fried pakoras,Complete Bed Rest,ORS,Standard OTC ORS for symptomatic relief.,500,Saltwater gargles for throat infection.,Applying Colgate/toothpaste on burns (causes infection).
53,Sinusitis,Respiratory,"Headache, Facial pressure, Stuffed nose",8,Specialist Doctor,Moong Dal Khichdi,Deep-fried pakoras,Complete Bed Rest,N/A - Prescription Required,Severity is high. Automatic recommendation disabled to ensure safety. Consult a doctor.,0,Jeera water for digestion.,Putting oil or ghee on open wounds.
54,Asthma,Respiratory,"Chest tightness, Difficulty breathing, Night cough, Wheezing sounds",8,Specialist Doctor,Boiled vegetables,Excessive caffeine,Brisk walking,N/A - Prescription Required,Severity is high. Automatic recommendation disabled to ensure safety. Consult a doctor.,0,Ginger and honey tea for sore throat.,Putting onions in armpits to reduce fever.
55,Vitamin D Deficiency,General,"Hair loss, Mood changes, Muscle weakness",9,Specialist Doctor,Pomegranate,Raw salads (if infectious),Brisk walking,N/A - Prescription Required,Severity is high. Automatic recommendation disabled to ensure safety. Consult a doctor.,0,Coconut water for rehydration.,Applying Colgate/toothpaste on burns (causes infection).
56,Food Poisoning,Gastrointestinal,"Fever, Abdominal cramps, Projectile vomiting, Diarrhea",8,Specialist Doctor,Pomegranate,Raw salads (if infectious),Yoga (Pranayama),N/A - Prescription Required,Severity is high. Automatic recommendation disabled to ensure safety. Consult a doctor.,0,Coconut water for rehydration.,Putting oil or ghee on open wounds.
57,Dengue,Infectious,"Joint pain, High fever, Bleeding gums",4,General Physician,Papaya,Cold drinks,Light stretching,Cetirizine,Standard OTC Cetirizine for symptomatic relief.,500,Jeera water for digestion.,Applying Colgate/toothpaste on burns (causes infection).
58,Food Poisoning,Gastrointestinal,"Fever, Projectile vomiting, Abdominal cramps",9,Specialist Doctor,Curd rice,Deep-fried pakoras,Light stretching,N/A - Prescription Required,Severity is high. Automatic recommendation disabled to ensure safety. Consult a doctor.,0,Ginger and honey tea for sore throat.,Using battery acid for skin patches.
59,Typhoid,Infectious,"Coated tongue, Stomach pain, High fever, Rose spots",10,Specialist Doctor,Boiled vegetables,Raw salads (if infectious),Complete Bed Rest,N/A - Prescription Required,Severity is high. Automatic recommendation disabled to ensure safety. Consult a doctor.,0,Saltwater gargles for throat infection.,Rubbing heavy salt on rashes.
60,Sunburn,Skin,"Hot to touch, Peeling skin, Red painful skin, Blisters",6,Specialist Doctor,Moong Dal Khichdi,Excessive caffeine,Complete Bed Rest,N/A - Prescription Required,Severity is high. Automatic recommendation disabled to ensure safety. Consult a doctor.,0,Coconut water for rehydration.,Putting onions in armpits to reduce fever.
61,Food Poisoning,Gastrointestinal,"Abdominal cramps, Diarrhea, Fever",1,General Physician,Papaya,Raw salads (if infectious),Anulom Vilom,Omeprazole,Standard OTC Omeprazole for symptomatic relief.,500,Jeera water for digestion.,Applying Colgate/toothpaste on burns (causes infection).
62,Influenza,Infectious,"Severe body ache, High fever, Dry cough, Chills",10,Specialist Doctor,Curd rice,Cold drinks,Anulom Vilom,N/A - Prescription Required,Severity is high. Automatic recommendation disabled to ensure safety. Consult a doctor.,0,Warm turmeric milk (Haldi Doodh) for immunity.,Rubbing heavy salt on rashes.
63,Heat Stroke,General,"No sweating, Body temp above 104F, Confusion",5,General Physician,Curd rice,Deep-fried pakoras,Brisk walking,ORS,Standard OTC ORS for symptomatic relief.,650,Jeera water for digestion.,Putting onions in armpits to reduce fever.
64,Sinusitis,Respiratory,"Headache, Stuffed nose, Thick yellow mucus, Facial pressure",7,Specialist Doctor,Pomegranate,Cold drinks,Yoga (Pranayama),N/A - Prescription Required,Severity is high. Automatic recommendation disabled to ensure safety. Consult a doctor.,0,Ginger and honey tea for sore throat.,Using battery acid for skin patches.
65,Fungal Infection,Skin,"Ring-shaped rash, Scaly skin, Itching between toes",2,General Physician,Boiled vegetables,Spicy street food,Brisk walking,Loperamide,Standard OTC Loperamide for symptomatic relief.,250,Ginger and honey tea for sore throat.,Using battery acid for skin patches.
66,Eczema,Skin,"Dry skin, Itchy patches, Red inflammation, Cracked skin",5,General Physician,Moong Dal Khichdi,Deep-fried pakoras,Brisk walking,Ibuprofen,Standard OTC Ibuprofen for symptomatic relief.,250,Coconut water for rehydration.,Using battery acid for skin patches.
67,Food Poisoning,Gastrointestinal,"Fever, Projectile vomiting, Diarrhea, Abdominal cramps",2,General Physician,Papaya,Spicy street food,Yoga (Pranayama),Cetirizine,Standard OTC Cetirizine for symptomatic relief.,650,Warm turmeric milk (Haldi Doodh) for immunity.,Applying Colgate/toothpaste on burns (causes infection).
68,Chickenpox,Infectious,"Fever, Loss of appetite, Fluid-filled blisters",10,Specialist Doctor,Papaya,Excessive caffeine,Yoga (Pranayama),N/A - Prescription Required,Severity is high. Automatic recommendation disabled to ensure safety. Consult a doctor.,0,Ginger and honey tea for sore throat.,Putting onions in armpits to reduce fever.
69,Heat Stroke,General,"Body temp above 104F, Rapid pulse, No sweating",5,General Physician,Moong Dal Khichdi,Cold drinks,Yoga (Pranayama),Cetirizine,Standard OTC Cetirizine for symptomatic relief.,250,Saltwater gargles for throat infection.,Rubbing heavy salt on rashes.
70,Gastritis,Gastrointestinal,"Indigestion, Nausea, Upper stomach pain",2,General Physician,Pomegranate,Cold drinks,Light stretching,Omeprazole,Standard OTC Omeprazole for symptomatic relief.,250,Saltwater gargles for throat infection.,Putting onions in armpits to reduce fever.
71,Influenza,Infectious,"High fever, Dry cough, Chills, Severe body ache",9,Specialist Doctor,Pomegranate,Deep-fried pakoras,Yoga (Pranayama),N/A - Prescription Required,Severity is high. Automatic recommendation disabled to ensure safety. Consult a doctor.,0,Ginger and honey tea for sore throat.,Putting onions in armpits to reduce fever.
72,Bronchitis,Respiratory,"Wheezing, Shortness of breath, Chest congestion, Persistent cough",8,Specialist Doctor,Pomegranate,Deep-fried pakoras,Complete Bed Rest,N/A - Prescription Required,Severity is high. Automatic recommendation disabled to ensure safety. Consult a doctor.,0,Warm turmeric milk (Haldi Doodh) for immunity.,Applying Colgate/toothpaste on burns (causes infection).
73,Dehydration,General,"Dry mouth, Dizziness, Dark urine",4,General Physician,Curd rice,Raw salads (if infectious),Complete Bed Rest,Omeprazole,Standard OTC Omeprazole for symptomatic relief.,650,Jeera water for digestion.,Putting oil or ghee on open wounds.
74,Sinusitis,Respiratory,"Thick yellow mucus, Headache, Stuffed nose, Facial pressure",6,Specialist Doctor,Curd rice,Excessive caffeine,Yoga (Pranayama),N/A - Prescription Required,Severity is high. Automatic recommendation disabled to ensure safety. Consult a doctor.,0,Coconut water for rehydration.,Applying Colgate/toothpaste on burns (causes infection).
75,Heat Stroke,General,"Body temp above 104F, Confusion, Rapid pulse",1,General Physician,Pomegranate,Deep-fried pakoras,Anulom Vilom,Cetirizine,Standard OTC Cetirizine for symptomatic relief.,650,Warm turmeric milk (Haldi Doodh) for immunity.,Putting oil or ghee on open wounds.
76,Anemia,General,"Pale skin, Cold hands, Brittle nails, Extreme fatigue",7,Specialist Doctor,Moong Dal Khichdi,Raw salads (if infectious),Yoga (Pranayama),N/A - Prescription Required,Severity is high. Automatic recommendation disabled to ensure safety. Consult a doctor.,0,Coconut water for rehydration.,Putting oil or ghee on open wounds.
77,Asthma,Respiratory,"Chest tightness, Wheezing sounds, Night cough, Difficulty breathing",7,Specialist Doctor,Moong Dal Khichdi,Deep-fried pakoras,Light stretching,N/A - Prescription Required,Severity is high. Automatic recommendation disabled to ensure safety. Consult a doctor.,0,Ginger and honey tea for sore throat.,Applying Colgate/toothpaste on burns (causes infection).
78,Acne,Skin,"Oily skin, Red bumps, Blackheads",3,General Physician,Pomegranate,Cold drinks,Light stretching,Omeprazole,Standard OTC Omeprazole for symptomatic relief.,250,Warm turmeric milk (Haldi Doodh) for immunity.,Rubbing heavy salt on rashes.
79,Heat Stroke,General,"Confusion, Body temp above 104F, Rapid pulse, No sweating",5,General Physician,Moong Dal Khichdi,Raw salads (if infectious),Complete Bed Rest,Cetirizine,Standard OTC Cetirizine for symptomatic relief.,250,Ginger and honey tea for sore throat.,Rubbing heavy salt on rashes.
80,Diarrhea,Gastrointestinal,"Loose stools, Dehydration, Abdominal cramps, Urgency",8,Specialist Doctor,Boiled vegetables,Excessive caffeine,Complete Bed Rest,N/A - Prescription Required,Severity is high. Automatic recommendation disabled to ensure safety. Consult a doctor.,0,Jeera water for digestion.,Rubbing heavy salt on rashes.
81,Eczema,Skin,"Itchy patches, Dry skin, Cracked skin, Red inflammation",2,General Physician,Boiled vegetables,Spicy street food,Brisk walking,Paracetamol,Standard OTC Paracetamol for symptomatic relief.,500,Saltwater gargles for throat infection.,Putting oil or ghee on open wounds.
82,Asthma,Respiratory,"Difficulty breathing, Wheezing sounds, Chest tightness, Night cough",6,Specialist Doctor,Moong Dal Khichdi,Deep-fried pakoras,Anulom Vilom,N/A - Prescription Required,Severity is high. Automatic recommendation disabled to ensure safety. Consult a doctor.,0,Saltwater gargles for throat infection.,Applying Colgate/toothpaste on burns (causes infection).
83,Sunburn,Skin,"Hot to touch, Peeling skin, Red painful skin, Blisters",4,General Physician,Boiled vegetables,Excessive caffeine,Brisk walking,Cetirizine,Standard OTC Cetirizine for symptomatic relief.,650,Coconut water for rehydration.,Putting oil or ghee on open wounds.
84,Sunburn,Skin,"Red painful skin, Peeling skin, Blisters",5,General Physician,Boiled vegetables,Cold drinks,Anulom Vilom,ORS,Standard OTC ORS for symptomatic relief.,250,Coconut water for rehydration.,Using battery acid for skin patches.
85,Typhoid,Infectious,"Stomach pain, Coated tongue, High fever, Rose spots",7,Specialist Doctor,Papaya,Excessive caffeine,Yoga (Pranayama),N/A - Prescription Required,Severity is high. Automatic recommendation disabled to ensure safety. Consult a doctor.,0,Jeera water for digestion.,Using battery acid for skin patches.
86,Malaria,Infectious,"Shivering chills, Cyclical fever, Splenomegaly",4,General Physician,Papaya,Spicy street food,Light stretching,Ibuprofen,Standard OTC Ibuprofen for symptomatic relief.,250,Saltwater gargles for throat infection.,Applying Colgate/toothpaste on burns (causes infection).
87,Amoebiasis,Gastrointestinal,"Tenesmus, Bloody stools, Stomach cramps",1,General Physician,Moong Dal Khichdi,Excessive caffeine,Complete Bed Rest,Cetirizine,Standard OTC Cetirizine for symptomatic relief.,250,Warm turmeric milk (Haldi Doodh) for immunity.,Applying Colgate/toothpaste on burns (causes infection).
88,Dehydration,General,"Dry mouth, Dizziness, Dark urine, Extreme thirst",8,Specialist Doctor,Papaya,Cold drinks,Brisk walking,N/A - Prescription Required,Severity is high. Automatic recommendation disabled to ensure safety. Consult a doctor.,0,Saltwater gargles for throat infection.,Applying Colgate/toothpaste on burns (causes infection).
89,Asthma,Respiratory,"Chest tightness, Wheezing sounds, Night cough, Difficulty breathing",4,General Physician,Pomegranate,Spicy street food,Brisk walking,Ibuprofen,Standard OTC Ibuprofen for symptomatic relief.,650,Ginger and honey tea for sore throat.,Rubbing heavy salt on rashes.
90,Fungal Infection,Skin,"Ring-shaped rash, Discolored nails, Scaly skin, Itching between toes",9,Specialist Doctor,Curd rice,Raw salads (if infectious),Light stretching,N/A - Prescription Required,Severity is high. Automatic recommendation disabled to ensure safety. Consult a doctor.,0,Ginger and honey tea for sore throat.,Rubbing heavy salt on rashes.
91,Common Cold,Infectious,"Mild fever, Sneezing, Sore throat, Runny nose",5,General Physician,Curd rice,Raw salads (if infectious),Yoga (Pranayama),Omeprazole,Standard OTC Omeprazole for symptomatic relief.,250,Jeera water for digestion.,Putting oil or ghee on open wounds.
92,Vitamin D Deficiency,General,"Mood changes, Hair loss, Muscle weakness, Bone pain",7,Specialist Doctor,Curd rice,Cold drinks,Brisk walking,N/A - Prescription Required,Severity is high. Automatic recommendation disabled to ensure safety. Consult a doctor.,0,Coconut water for rehydration.,Using battery acid for skin patches.
93,Food Poisoning,Gastrointestinal,"Projectile vomiting, Diarrhea, Fever",5,General Physician,Pomegranate,Excessive caffeine,Light stretching,Cetirizine,Standard OTC Cetirizine for symptomatic relief.,650,Saltwater gargles for throat infection.,Putting onions in armpits to reduce fever.
94,Acne,Skin,"Red bumps, Pimples, Blackheads",2,General Physician,Curd rice,Raw salads (if infectious),Anulom Vilom,ORS,Standard OTC ORS for symptomatic relief.,250,Ginger and honey tea for sore throat.,Rubbing heavy salt on rashes.
95,Eczema,Skin,"Dry skin, Red inflammation, Itchy patches",6,Specialist Doctor,Boiled vegetables,Deep-fried pakoras,Yoga (Pranayama),N/A - Prescription Required,Severity is high. Automatic recommendation disabled to ensure safety. Consult a doctor.,0,Warm turmeric milk (Haldi Doodh) for immunity.,Rubbing heavy salt on rashes.
96,Vitamin D Deficiency,General,"Bone pain, Mood changes, Muscle weakness",5,General Physician,Curd rice,Deep-fried pakoras,Brisk walking,ORS,Standard OTC ORS for symptomatic relief.,650,Ginger and honey tea for sore throat.,Rubbing heavy salt on rashes.
97,Eczema,Skin,"Dry skin, Itchy patches, Red inflammation, Cracked skin",2,General Physician,Papaya,Raw salads (if infectious),Brisk walking,Cetirizine,Standard OTC Cetirizine for symptomatic relief.,500,Saltwater gargles for throat infection.,Rubbing heavy salt on rashes.
98,Fungal Infection,Skin,"Ring-shaped rash, Scaly skin, Discolored nails, Itching between toes",4,General Physician,Moong Dal Khichdi,Spicy street food,Light stretching,Paracetamol,Standard OTC Paracetamol for symptomatic relief.,250,Coconut water for rehydration.,Using battery acid for skin patches.
99,Influenza,Infectious,"Chills, Severe body ache, High fever",5,General Physician,Curd rice,Deep-fried pakoras,Brisk walking,Cetirizine,Standard OTC Cetirizine for symptomatic relief.,250,Ginger and honey tea for sore throat.,Putting onions in armpits to reduce fever.
100,Gastritis,Gastrointestinal,"Nausea, Feeling full after small meal, Upper stomach pain, Indigestion",5,General Physician,Moong Dal Khichdi,Raw salads (if infectious),Brisk walking,Paracetamol,Standard OTC Paracetamol for symptomatic relief.,500,Jeera water for digestion.,Using battery acid for skin patches.
101,Acne,Skin,"Blackheads, Oily skin, Pimples, Red bumps",9,Specialist Doctor,Curd rice,Deep-fried pakoras,Yoga (Pranayama),N/A - Prescription Required,Severity is high. Automatic recommendation disabled to ensure safety. Consult a doctor.,0,Saltwater gargles for throat infection.,Rubbing heavy salt on rashes.
102,Allergic Rhinitis,Respiratory,"Watery eyes, Itchy nose, Puffy eyelids, Constant sneezing",2,General Physician,Moong Dal Khichdi,Spicy street food,Anulom Vilom,Cetirizine,Standard OTC Cetirizine for symptomatic relief.,650,Saltwater gargles for throat infection.,Putting oil or ghee on open wounds.
103,Gastritis,Gastrointestinal,"Indigestion, Nausea, Upper stomach pain",3,General Physician,Moong Dal Khichdi,Spicy street food,Anulom Vilom,Paracetamol,Standard OTC Paracetamol for symptomatic relief.,250,Ginger and honey tea for sore throat.,Rubbing heavy salt on rashes.
104,Sinusitis,Respiratory,"Facial pressure, Headache, Thick yellow mucus, Stuffed nose",10,Specialist Doctor,Papaya,Deep-fried pakoras,Yoga (Pranayama),N/A - Prescription Required,Severity is high. Automatic recommendation disabled to ensure safety. Consult a doctor.,0,Ginger and honey tea for sore throat.,Rubbing heavy salt on rashes.
105,Heat Rash,Skin,"Prickly heat, Small red bumps, Itching in sweat areas, Mild swelling",6,Specialist Doctor,Curd rice,Excessive caffeine,Yoga (Pranayama),N/A - Prescription Required,Severity is high. Automatic recommendation disabled to ensure safety. Consult a doctor.,0,Coconut water for rehydration.,Putting onions in armpits to reduce fever.
106,Heat Rash,Skin,"Prickly heat, Mild swelling, Small red bumps",1,General Physician,Moong Dal Khichdi,Spicy street food,Yoga (Pranayama),Ibuprofen,Standard OTC Ibuprofen for symptomatic relief.,250,Warm turmeric milk (Haldi Doodh) for immunity.,Using battery acid for skin patches.
107,Amoebiasis,Gastrointestinal,"Stomach cramps, Bloody stools, Weight loss, Tenesmus",10,Specialist Doctor,Pomegranate,Cold drinks,Anulom Vilom,N/A - Prescription Required,Severity is high. Automatic recommendation disabled to ensure safety. Consult a doctor.,0,Coconut water for rehydration.,Using battery acid for skin patches.
108,Common Cold,Infectious,"Mild fever, Sneezing, Runny nose, Sore throat",4,General Physician,Moong Dal Khichdi,Cold drinks,Yoga (Pranayama),Loperamide,Standard OTC Loperamide for symptomatic relief.,500,Ginger and honey tea for sore throat.,Using battery acid for skin patches.
109,Amoebiasis,Gastrointestinal,"Bloody stools, Tenesmus, Weight loss, Stomach cramps",7,Specialist Doctor,Moong Dal Khichdi,Spicy street food,Brisk walking,N/A - Prescription Required,Severity is high. Automatic recommendation disabled to ensure safety. Consult a doctor.,0,Coconut water for rehydration.,Using battery acid for skin patches.
110,Chickenpox,Infectious,"Fluid-filled blisters, Fever, Loss of appetite",10,Specialist Doctor,Curd rice,Deep-fried pakoras,Yoga (Pranayama),N/A - Prescription Required,Severity is high. Automatic recommendation disabled to ensure safety. Consult a doctor.,0,Saltwater gargles for throat infection.,Using battery acid for skin patches.
111,Influenza,Infectious,"Chills, Dry cough, High fever",10,Specialist Doctor,Moong Dal Khichdi,Excessive caffeine,Brisk walking,N/A - Prescription Required,Severity is high. Automatic recommendation disabled to ensure safety. Consult a doctor.,0,Ginger and honey tea for sore throat.,Rubbing heavy salt on rashes.
112,Anemia,General,"Extreme fatigue, Brittle nails, Cold hands",7,Specialist Doctor,Papaya,Raw salads (if infectious),Yoga (Pranayama),N/A - Prescription Required,Severity is high. Automatic recommendation disabled to ensure safety. Consult a doctor.,0,Warm turmeric milk (Haldi Doodh) for immunity.,Using battery acid for skin patches.
113,Sinusitis,Respiratory,"Thick yellow mucus, Facial pressure, Stuffed nose",4,General Physician,Boiled vegetables,Raw salads (if infectious),Anulom Vilom,Cetirizine,Standard OTC Cetirizine for symptomatic relief.,650,Ginger and honey tea for sore throat.,Rubbing heavy salt on rashes.
114,Sunburn,Skin,"Blisters, Red painful skin, Hot to touch, Peeling skin",8,Specialist Doctor,Curd rice,Excessive caffeine,Complete Bed Rest,N/A - Prescription Required,Severity is high. Automatic recommendation disabled to ensure safety. Consult a doctor.,0,Coconut water for rehydration.,Putting oil or ghee on open wounds.
115,Acidity,Gastrointestinal,"Bloating, Sour burps, Burning sensation in chest, Heartburn",1,General Physician,Curd rice,Cold drinks,Brisk walking,Loperamide,Standard OTC Loperamide for symptomatic relief.,250,Ginger and honey tea for sore throat.,Using battery acid for skin patches.
116,Typhoid,Infectious,"Coated tongue, High fever, Stomach pain, Rose spots",10,Specialist Doctor,Curd rice,Deep-fried pakoras,Light stretching,N/A - Prescription Required,Severity is high. Automatic recommendation disabled to ensure safety. Consult a doctor.,0,Jeera water for digestion.,Putting onions in armpits to reduce fever.
117,Heat Rash,Skin,"Itching in sweat areas, Prickly heat, Mild swelling",2,General Physician,Curd rice,Excessive caffeine,Anulom Vilom,Paracetamol,Standard OTC Paracetamol for symptomatic relief.,650,Coconut water for rehydration.,Using battery acid for skin patches.
118,Acidity,Gastrointestinal,"Heartburn, Sour burps, Bloating, Burning sensation in chest",4,General Physician,Moong Dal Khichdi,Excessive caffeine,Brisk walking,ORS,Standard OTC ORS for symptomatic relief.,500,Ginger and honey tea for sore throat.,Using battery acid for skin patches.
119,Eczema,Skin,"Red inflammation, Dry skin, Itchy patches",6,Specialist Doctor,Curd rice,Deep-fried pakoras,Brisk walking,N/A - Prescription Required,Severity is high. Automatic recommendation disabled to ensure safety. Consult a doctor.,0,Saltwater gargles for throat infection.,Using battery acid for skin patches.
120,Anemia,General,"Extreme fatigue, Cold hands, Brittle nails, Pale skin",2,General Physician,Papaya,Raw salads (if infectious),Complete Bed Rest,Omeprazole,Standard OTC Omeprazole for symptomatic relief.,500,Warm turmeric milk (Haldi Doodh) for immunity.,Rubbing heavy salt on rashes.
121,Heat Rash,Skin,"Itching in sweat areas, Prickly heat, Small red bumps",3,General Physician,Papaya,Deep-fried pakoras,Brisk walking,ORS,Standard OTC ORS for symptomatic relief.,500,Coconut water for rehydration.,Applying Colgate/toothpaste on burns (causes infection).
122,Sinusitis,Respiratory,"Thick yellow mucus, Facial pressure, Stuffed nose, Headache",9,Specialist Doctor,Pomegranate,Deep-fried pakoras,Light stretching,N/A - Prescription Required,Severity is high. Automatic recommendation disabled to ensure safety. Consult a doctor.,0,Jeera water for digestion.,Using battery acid for skin patches.
123,Acidity,Gastrointestinal,"Burning sensation in chest, Sour burps, Heartburn, Bloating",10,Specialist Doctor,Boiled vegetables,Excessive caffeine,Yoga (Pranayama),N/A - Prescription Required,Severity is high. Automatic recommendation disabled to ensure safety. Consult a doctor.,0,Jeera water for digestion.,Rubbing heavy salt on rashes.
124,Vitamin D Deficiency,General,"Bone pain, Hair loss, Muscle weakness, Mood changes",5,General Physician,Pomegranate,Excessive caffeine,Brisk walking,Omeprazole,Standard OTC Omeprazole for symptomatic relief.,650,Warm turmeric milk (Haldi Doodh) for immunity.,Rubbing heavy salt on rashes.
125,Asthma,Respiratory,"Wheezing sounds, Night cough, Difficulty breathing, Chest tightness",8,Specialist Doctor,Papaya,Raw salads (if infectious),Yoga (Pranayama),N/A - Prescription Required,Severity is high. Automatic recommendation disabled to ensure safety. Consult a doctor.,0,Coconut water for rehydration.,Applying Colgate/toothpaste on burns (causes infection).
126,Gastritis,Gastrointestinal,"Upper stomach pain, Indigestion, Nausea",10,Specialist Doctor,Moong Dal Khichdi,Excessive caffeine,Brisk walking,N/A - Prescription Required,Severity is high. Automatic recommendation disabled to ensure safety. Consult a doctor.,0,Saltwater gargles for throat infection.,Using battery acid for skin patches.
127,Fungal Infection,Skin,"Discolored nails, Ring-shaped rash, Scaly skin, Itching between toes",3,General Physician,Pomegranate,Excessive caffeine,Complete Bed Rest,Omeprazole,Standard OTC Omeprazole for symptomatic relief.,250,Ginger and honey tea for sore throat.,Putting onions in armpits to reduce fever.
128,Eczema,Skin,"Cracked skin, Red inflammation, Dry skin",2,General Physician,Papaya,Excessive caffeine,Light stretching,Cetirizine,Standard OTC Cetirizine for symptomatic relief.,500,Coconut water for rehydration.,Using battery acid for skin patches.
129,Anemia,General,"Pale skin, Cold hands, Brittle nails, Extreme fatigue",9,Specialist Doctor,Pomegranate,Spicy street food,Anulom Vilom,N/A - Prescription Required,Severity is high. Automatic recommendation disabled to ensure safety. Consult a doctor.,0,Ginger and honey tea for sore throat.,Putting oil or ghee on open wounds.
130,Vitamin D Deficiency,General,"Muscle weakness, Hair loss, Bone pain, Mood changes",9,Specialist Doctor,Boiled vegetables,Spicy street food,Brisk walking,N/A - Prescription Required,Severity is high. Automatic recommendation disabled to ensure safety. Consult a doctor.,0,Coconut water for rehydration.,Putting onions in armpits to reduce fever.
131,Heat Rash,Skin,"Prickly heat, Small red bumps, Itching in sweat areas, Mild swelling",3,General Physician,Curd rice,Raw salads (if infectious),Complete Bed Rest,Ibuprofen,Standard OTC Ibuprofen for symptomatic relief.,500,Ginger and honey tea for sore throat.,Applying Colgate/toothpaste on burns (causes infection).
132,Gastritis,Gastrointestinal,"Indigestion, Upper stomach pain, Feeling full after small meal",4,General Physician,Papaya,Deep-fried pakoras,Yoga (Pranayama),Omeprazole,Standard OTC Omeprazole for symptomatic relief.,500,Warm turmeric milk (Haldi Doodh) for immunity.,Using battery acid for skin patches.
133,Malaria,Infectious,"Shivering chills, Profuse sweating, Splenomegaly",2,General Physician,Moong Dal Khichdi,Cold drinks,Brisk walking,Cetirizine,Standard OTC Cetirizine for symptomatic relief.,650,Jeera water for digestion.,Putting onions in armpits to reduce fever.
134,Dengue,Infectious,"Joint pain, Bleeding gums, Retro-orbital pain, High fever",2,General Physician,Pomegranate,Spicy street food,Anulom Vilom,Cetirizine,Standard OTC Cetirizine for symptomatic relief.,500,Coconut water for rehydration.,Applying Colgate/toothpaste on burns (causes infection).
135,Fungal Infection,Skin,"Scaly skin, Ring-shaped rash, Discolored nails, Itching between toes",3,General Physician,Boiled vegetables,Excessive caffeine,Yoga (Pranayama),Omeprazole,Standard OTC Omeprazole for symptomatic relief.,250,Warm turmeric milk (Haldi Doodh) for immunity.,Putting oil or ghee on open wounds.
136,Anemia,General,"Pale skin, Extreme fatigue, Cold hands, Brittle nails",4,General Physician,Boiled vegetables,Deep-fried pakoras,Complete Bed Rest,Cetirizine,Standard OTC Cetirizine for symptomatic relief.,500,Warm turmeric milk (Haldi Doodh) for immunity.,Putting oil or ghee on open wounds.
137,Allergic Rhinitis,Respiratory,"Constant sneezing, Puffy eyelids, Itchy nose, Watery eyes",3,General Physician,Boiled vegetables,Deep-fried pakoras,Anulom Vilom,Loperamide,Standard OTC Loperamide for symptomatic relief.,500,Warm turmeric milk (Haldi Doodh) for immunity.,Using battery acid for skin patches.
138,Diarrhea,Gastrointestinal,"Loose stools, Urgency, Dehydration, Abdominal cramps",4,General Physician,Curd rice,Cold drinks,Brisk walking,Cetirizine,Standard OTC Cetirizine for symptomatic relief.,250,Warm turmeric milk (Haldi Doodh) for immunity.,Applying Colgate/toothpaste on burns (causes infection).
139,Sunburn,Skin,"Red painful skin, Hot to touch, Peeling skin",6,Specialist Doctor,Moong Dal Khichdi,Raw salads (if infectious),Yoga (Pranayama),N/A - Prescription Required,Severity is high. Automatic recommendation disabled to ensure safety. Consult a doctor.,0,Warm turmeric milk (Haldi Doodh) for immunity.,Rubbing heavy salt on rashes.
140,Gastritis,Gastrointestinal,"Upper stomach pain, Feeling full after small meal, Indigestion, Nausea",8,Specialist Doctor,Curd rice,Raw salads (if infectious),Complete Bed Rest,N/A - Prescription Required,Severity is high. Automatic recommendation disabled to ensure safety. Consult a doctor.,0,Coconut water for rehydration.,Putting onions in armpits to reduce fever.
141,Vitamin D Deficiency,General,"Hair loss, Mood changes, Muscle weakness",7,Specialist Doctor,Boiled vegetables,Cold drinks,Complete Bed Rest,N/A - Prescription Required,Severity is high. Automatic recommendation disabled to ensure safety. Consult a doctor.,0,Saltwater gargles for throat infection.,Rubbing heavy salt on rashes.
142,Heat Stroke,General,"No sweating, Confusion, Rapid pulse",3,General Physician,Papaya,Raw salads (if infectious),Complete Bed Rest,Ibuprofen,Standard OTC Ibuprofen for symptomatic relief.,250,Jeera water for digestion.,Applying Colgate/toothpaste on burns (causes infection).
143,Vitamin D Deficiency,General,"Mood changes, Muscle weakness, Bone pain",3,General Physician,Papaya,Deep-fried pakoras,Complete Bed Rest,Omeprazole,Standard OTC Omeprazole for symptomatic relief.,250,Coconut water for rehydration.,Rubbing heavy salt on rashes.
144,Eczema,Skin,"Cracked skin, Red inflammation, Itchy patches",9,Specialist Doctor,Papaya,Cold drinks,Yoga (Pranayama),N/A - Prescription Required,Severity is high. Automatic recommendation disabled to ensure safety. Consult a doctor.,0,Jeera water for digestion.,Putting oil or ghee on open wounds.
145,Sunburn,Skin,"Peeling skin, Blisters, Red painful skin, Hot to touch",4,General Physician,Pomegranate,Spicy street food,Brisk walking,Ibuprofen,Standard OTC Ibuprofen for symptomatic relief.,500,Warm turmeric milk (Haldi Doodh) for immunity.,Using battery acid for skin patches.
146,Dengue,Infectious,"High fever, Bleeding gums, Retro-orbital pain",8,Specialist Doctor,Pomegranate,Raw salads (if infectious),Light stretching,N/A - Prescription Required,Severity is high. Automatic recommendation disabled to ensure safety. Consult a doctor.,0,Ginger and honey tea for sore throat.,Using battery acid for skin patches.
147,Asthma,Respiratory,"Chest tightness, Difficulty breathing, Wheezing sounds",5,General Physician,Boiled vegetables,Raw salads (if infectious),Brisk walking,ORS,Standard OTC ORS for symptomatic relief.,650,Jeera water for digestion.,Applying Colgate/toothpaste on burns (causes infection).
148,Amoebiasis,Gastrointestinal,"Stomach cramps, Bloody stools, Tenesmus, Weight loss",3,General Physician,Curd rice,Cold drinks,Brisk walking,Cetirizine,Standard OTC Cetirizine for symptomatic relief.,250,Coconut water for rehydration.,Putting onions in armpits to reduce fever.
149,Heat Stroke,General,"Rapid pulse, Body temp above 104F, Confusion, No sweating",2,General Physician,Boiled vegetables,Spicy street food,Yoga (Pranayama),Ibuprofen,Standard OTC Ibuprofen for symptomatic relief.,250,Ginger and honey tea for sore throat.,Putting onions in armpits to reduce fever.
150,Sunburn,Skin,"Blisters, Peeling skin, Hot to touch",8,Specialist Doctor,Pomegranate,Spicy street food,Complete Bed Rest,N/A - Prescription Required,Severity is high. Automatic recommendation disabled to ensure safety. Consult a doctor.,0,Saltwater gargles for throat infection.,Putting oil or ghee on open wounds.
151,Heat Stroke,General,"No sweating, Rapid pulse, Confusion",6,Specialist Doctor,Boiled vegetables,Deep-fried pakoras,Complete Bed Rest,N/A - Prescription Required,Severity is high. Automatic recommendation disabled to ensure safety. Consult a doctor.,0,Jeera water for digestion.,Using battery acid for skin patches.
152,Sunburn,Skin,"Hot to touch, Red painful skin, Blisters",5,General Physician,Curd rice,Excessive caffeine,Light stretching,Paracetamol,Standard OTC Paracetamol for symptomatic relief.,650,Ginger and honey tea for sore throat.,Putting oil or ghee on open wounds.
153,Sunburn,Skin,"Red painful skin, Peeling skin, Hot to touch, Blisters",3,General Physician,Moong Dal Khichdi,Excessive caffeine,Anulom Vilom,Paracetamol,Standard OTC Paracetamol for symptomatic relief.,500,Warm turmeric milk (Haldi Doodh) for immunity.,Applying Colgate/toothpaste on burns (causes infection).
154,Bronchitis,Respiratory,"Chest congestion, Shortness of breath, Persistent cough, Wheezing",5,General Physician,Curd rice,Cold drinks,Complete Bed Rest,Omeprazole,Standard OTC Omeprazole for symptomatic relief.,650,Warm turmeric milk (Haldi Doodh) for immunity.,Using battery acid for skin patches.
155,Sinusitis,Respiratory,"Headache, Facial pressure, Thick yellow mucus, Stuffed nose",1,General Physician,Boiled vegetables,Raw salads (if infectious),Complete Bed Rest,Loperamide,Standard OTC Loperamide for symptomatic relief.,500,Jeera water for digestion.,Applying Colgate/toothpaste on burns (causes infection).
156,Food Poisoning,Gastrointestinal,"Fever, Abdominal cramps, Projectile vomiting",8,Specialist Doctor,Curd rice,Deep-fried pakoras,Brisk walking,N/A - Prescription Required,Severity is high. Automatic recommendation disabled to ensure safety. Consult a doctor.,0,Jeera water for digestion.,Applying Colgate/toothpaste on burns (causes infection).
157,Chickenpox,Infectious,"Fever, Intense itching, Fluid-filled blisters",1,General Physician,Curd rice,Cold drinks,Yoga (Pranayama),Loperamide,Standard OTC Loperamide for symptomatic relief.,250,Jeera water for digestion.,Putting oil or ghee on open wounds.
158,Diarrhea,Gastrointestinal,"Dehydration, Urgency, Loose stools",5,General Physician,Papaya,Spicy street food,Light stretching,Paracetamol,Standard OTC Paracetamol for symptomatic relief.,250,Saltwater gargles for throat infection.,Putting oil or ghee on open wounds.
159,Bronchitis,Respiratory,"Persistent cough, Shortness of breath, Chest congestion, Wheezing",6,Specialist Doctor,Boiled vegetables,Cold drinks,Brisk walking,N/A - Prescription Required,Severity is high. Automatic recommendation disabled to ensure safety. Consult a doctor.,0,Saltwater gargles for throat infection.,Rubbing heavy salt on rashes.
160,Sinusitis,Respiratory,"Stuffed nose, Headache, Thick yellow mucus, Facial pressure",4,General Physician,Papaya,Raw salads (if infectious),Complete Bed Rest,Paracetamol,Standard OTC Paracetamol for symptomatic relief.,500,Jeera water for digestion.,Using battery acid for skin patches.
161,Acidity,Gastrointestinal,"Sour burps, Burning sensation in chest, Bloating, Heartburn",5,General Physician,Pomegranate,Deep-fried pakoras,Anulom Vilom,Paracetamol,Standard OTC Paracetamol for symptomatic relief.,500,Jeera water for digestion.,Putting oil or ghee on open wounds.
162,Amoebiasis,Gastrointestinal,"Stomach cramps, Bloody stools, Tenesmus",6,Specialist Doctor,Papaya,Cold drinks,Complete Bed Rest,N/A - Prescription Required,Severity is high. Automatic recommendation disabled to ensure safety. Consult a doctor.,0,Coconut water for rehydration.,Rubbing heavy salt on rashes.
163,Sunburn,Skin,"Blisters, Red painful skin, Hot to touch, Peeling skin",3,General Physician,Moong Dal Khichdi,Spicy street food,Anulom Vilom,Paracetamol,Standard OTC Paracetamol for symptomatic relief.,250,Warm turmeric milk (Haldi Doodh) for immunity.,Putting oil or ghee on open wounds.
164,Influenza,Infectious,"High fever, Dry cough, Severe body ache, Chills",8,Specialist Doctor,Pomegranate,Raw salads (if infectious),Complete Bed Rest,N/A - Prescription Required,Severity is high. Automatic recommendation disabled to ensure safety. Consult a doctor.,0,Jeera water for digestion.,Putting oil or ghee on open wounds.
165,Dengue,Infectious,"Joint pain, High fever, Bleeding gums",2,General Physician,Moong Dal Khichdi,Raw salads (if infectious),Anulom Vilom,Loperamide,Standard OTC Loperamide for symptomatic relief.,250,Saltwater gargles for throat infection.,Using battery acid for skin patches.
166,Typhoid,Infectious,"Rose spots, High fever, Stomach pain, Coated tongue",9,Specialist Doctor,Papaya,Raw salads (if infectious),Light stretching,N/A - Prescription Required,Severity is high. Automatic recommendation disabled to ensure safety. Consult a doctor.,0,Coconut water for rehydration.,Applying Colgate/toothpaste on burns (causes infection).
167,Food Poisoning,Gastrointestinal,"Diarrhea, Fever, Projectile vomiting",3,General Physician,Moong Dal Khichdi,Excessive caffeine,Yoga (Pranayama),Omeprazole,Standard OTC Omeprazole for symptomatic relief.,500,Warm turmeric milk (Haldi Doodh) for immunity.,Putting onions in armpits to reduce fever.
168,Chickenpox,Infectious,"Intense itching, Loss of appetite, Fluid-filled blisters",8,Specialist Doctor,Pomegranate,Raw salads (if infectious),Light stretching,N/A - Prescription Required,Severity is high. Automatic recommendation disabled to ensure safety. Consult a doctor.,0,Warm turmeric milk (Haldi Doodh) for immunity.,Putting onions in armpits to reduce fever.
169,Amoebiasis,Gastrointestinal,"Tenesmus, Stomach cramps, Bloody stools",10,Specialist Doctor,Boiled vegetables,Deep-fried pakoras,Anulom Vilom,N/A - Prescription Required,Severity is high. Automatic recommendation disabled to ensure safety. Consult a doctor.,0,Jeera water for digestion.,Using battery acid for skin patches.
170,Dengue,Infectious,"Joint pain, Bleeding gums, Retro-orbital pain",9,Specialist Doctor,Boiled vegetables,Deep-fried pakoras,Yoga (Pranayama),N/A - Prescription Required,Severity is high. Automatic recommendation disabled to ensure safety. Consult a doctor.,0,Ginger and honey tea for sore throat.,Applying Colgate/toothpaste on burns (causes infection).
171,Diarrhea,Gastrointestinal,"Urgency, Abdominal cramps, Loose stools",7,Specialist Doctor,Pomegranate,Deep-fried pakoras,Brisk walking,N/A - Prescription Required,Severity is high. Automatic recommendation disabled to ensure safety. Consult a doctor.,0,Saltwater gargles for throat infection.,Applying Colgate/toothpaste on burns (causes infection).
172,Sunburn,Skin,"Hot to touch, Blisters, Red painful skin, Peeling skin",9,Specialist Doctor,Papaya,Raw salads (if infectious),Yoga (Pranayama),N/A - Prescription Required,Severity is high. Automatic recommendation disabled to ensure safety. Consult a doctor.,0,Coconut water for rehydration.,Using battery acid for skin patches.
173,Gastritis,Gastrointestinal,"Indigestion, Feeling full after small meal, Nausea",4,General Physician,Papaya,Excessive caffeine,Light stretching,Cetirizine,Standard OTC Cetirizine for symptomatic relief.,650,Jeera water for digestion.,Using battery acid for skin patches.
174,Eczema,Skin,"Dry skin, Red inflammation, Cracked skin, Itchy patches",5,General Physician,Papaya,Spicy street food,Brisk walking,Ibuprofen,Standard OTC Ibuprofen for symptomatic relief.,500,Ginger and honey tea for sore throat.,Putting onions in armpits to reduce fever.
175,Typhoid,Infectious,"Coated tongue, High fever, Rose spots, Stomach pain",6,Specialist Doctor,Moong Dal Khichdi,Spicy street food,Yoga (Pranayama),N/A - Prescription Required,Severity is high. Automatic recommendation disabled to ensure safety. Consult a doctor.,0,Ginger and honey tea for sore throat.,Rubbing heavy salt on rashes.
176,Gastritis,Gastrointestinal,"Indigestion, Nausea, Feeling full after small meal",10,Specialist Doctor,Moong Dal Khichdi,Deep-fried pakoras,Anulom Vilom,N/A - Prescription Required,Severity is high. Automatic recommendation disabled to ensure safety. Consult a doctor.,0,Jeera water for digestion.,Rubbing heavy salt on rashes.
177,Heat Stroke,General,"Body temp above 104F, Confusion, No sweating",6,Specialist Doctor,Papaya,Cold drinks,Anulom Vilom,N/A - Prescription Required,Severity is high. Automatic recommendation disabled to ensure safety. Consult a doctor.,0,Warm turmeric milk (Haldi Doodh) for immunity.,Putting oil or ghee on open wounds.
178,Asthma,Respiratory,"Difficulty breathing, Chest tightness, Night cough",2,General Physician,Moong Dal Khichdi,Deep-fried pakoras,Complete Bed Rest,Loperamide,Standard OTC Loperamide for symptomatic relief.,500,Coconut water for rehydration.,Applying Colgate/toothpaste on burns (causes infection).
179,Sunburn,Skin,"Peeling skin, Hot to touch, Red painful skin",9,Specialist Doctor,Pomegranate,Deep-fried pakoras,Light stretching,N/A - Prescription Required,Severity is high. Automatic recommendation disabled to ensure safety. Consult a doctor.,0,Ginger and honey tea for sore throat.,Applying Colgate/toothpaste on burns (causes infection).
180,Sinusitis,Respiratory,"Facial pressure, Headache, Thick yellow mucus, Stuffed nose",5,General Physician,Curd rice,Deep-fried pakoras,Anulom Vilom,ORS,Standard OTC ORS for symptomatic relief.,650,Jeera water for digestion.,Using battery acid for skin patches.
181,Vitamin D Deficiency,General,"Hair loss, Bone pain, Muscle weakness",9,Specialist Doctor,Moong Dal Khichdi,Spicy street food,Light stretching,N/A - Prescription Required,Severity is high. Automatic recommendation disabled to ensure safety. Consult a doctor.,0,Jeera water for digestion.,Using battery acid for skin patches.
182,Eczema,Skin,"Dry skin, Itchy patches, Red inflammation",5,General Physician,Papaya,Cold drinks,Complete Bed Rest,ORS,Standard OTC ORS for symptomatic relief.,250,Warm turmeric milk (Haldi Doodh) for immunity.,Rubbing heavy salt on rashes.
183,Dengue,Infectious,"Bleeding gums, Joint pain, High fever",8,Specialist Doctor,Boiled vegetables,Cold drinks,Anulom Vilom,N/A - Prescription Required,Severity is high. Automatic recommendation disabled to ensure safety. Consult a doctor.,0,Saltwater gargles for throat infection.,Using battery acid for skin patches.
184,Anemia,General,"Extreme fatigue, Pale skin, Cold hands",4,General Physician,Papaya,Deep-fried pakoras,Brisk walking,Ibuprofen,Standard OTC Ibuprofen for symptomatic relief.,650,Coconut water for rehydration.,Putting onions in armpits to reduce fever.
185,Acidity,Gastrointestinal,"Bloating, Burning sensation in chest, Heartburn",3,General Physician,Curd rice,Spicy street food,Yoga (Pranayama),Paracetamol,Standard OTC Paracetamol for symptomatic relief.,250,Ginger and honey tea for sore throat.,Using battery acid for skin patches.
186,Vitamin D Deficiency,General,"Mood changes, Muscle weakness, Hair loss",1,General Physician,Papaya,Cold drinks,Complete Bed Rest,Paracetamol,Standard OTC Paracetamol for symptomatic relief.,650,Saltwater gargles for throat infection.,Putting onions in armpits to reduce fever.
187,Acidity,Gastrointestinal,"Bloating, Heartburn, Sour burps, Burning sensation in chest",6,Specialist Doctor,Papaya,Deep-fried pakoras,Anulom Vilom,N/A - Prescription Required,Severity is high. Automatic recommendation disabled to ensure safety. Consult a doctor.,0,Saltwater gargles for throat infection.,Rubbing heavy salt on rashes.
188,Food Poisoning,Gastrointestinal,"Diarrhea, Abdominal cramps, Projectile vomiting",10,Specialist Doctor,Moong Dal Khichdi,Excessive caffeine,Brisk walking,N/A - Prescription Required,Severity is high. Automatic recommendation disabled to ensure safety. Consult a doctor.,0,Coconut water for rehydration.,Rubbing heavy salt on rashes.
189,Amoebiasis,Gastrointestinal,"Stomach cramps, Bloody stools, Weight loss",1,General Physician,Boiled vegetables,Cold drinks,Brisk walking,Cetirizine,Standard OTC Cetirizine for symptomatic relief.,650,Coconut water for rehydration.,Rubbing heavy salt on rashes.
190,Food Poisoning,Gastrointestinal,"Fever, Diarrhea, Abdominal cramps",10,Specialist Doctor,Papaya,Raw salads (if infectious),Light stretching,N/A - Prescription Required,Severity is high. Automatic recommendation disabled to ensure safety. Consult a doctor.,0,Coconut water for rehydration.,Putting onions in armpits to reduce fever.
191,Eczema,Skin,"Itchy patches, Cracked skin, Dry skin, Red inflammation",4,General Physician,Curd rice,Cold drinks,Yoga (Pranayama),Omeprazole,Standard OTC Omeprazole for symptomatic relief.,250,Ginger and honey tea for sore throat.,Rubbing heavy salt on rashes.
192,Asthma,Respiratory,"Chest tightness, Night cough, Difficulty breathing",1,General Physician,Boiled vegetables,Raw salads (if infectious),Light stretching,Cetirizine,Standard OTC Cetirizine for symptomatic relief.,650,Jeera water for digestion.,Using battery acid for skin patches.
193,Typhoid,Infectious,"Stomach pain, Coated tongue, High fever",4,General Physician,Pomegranate,Excessive caffeine,Yoga (Pranayama),Ibuprofen,Standard OTC Ibuprofen for symptomatic relief.,500,Coconut water for rehydration.,Using battery acid for skin patches.
194,Vitamin D Deficiency,General,"Muscle weakness, Bone pain, Hair loss",9,Specialist Doctor,Moong Dal Khichdi,Cold drinks,Complete Bed Rest,N/A - Prescription Required,Severity is high. Automatic recommendation disabled to ensure safety. Consult a doctor.,0,Jeera water for digestion.,Rubbing heavy salt on rashes.
195,Influenza,Infectious,"Chills, Severe body ache, Dry cough, High fever",8,Specialist Doctor,Pomegranate,Raw salads (if infectious),Complete Bed Rest,N/A - Prescription Required,Severity is high. Automatic recommendation disabled to ensure safety. Consult a doctor.,0,Ginger and honey tea for sore throat.,Putting onions in armpits to reduce fever.
196,Heat Stroke,General,"Body temp above 104F, Confusion, Rapid pulse",8,Specialist Doctor,Papaya,Raw salads (if infectious),Complete Bed Rest,N/A - Prescription Required,Severity is high. Automatic recommendation disabled to ensure safety. Consult a doctor.,0,Saltwater gargles for throat infection.,Putting onions in armpits to reduce fever.
197,Heat Rash,Skin,"Mild swelling, Small red bumps, Prickly heat",4,General Physician,Moong Dal Khichdi,Deep-fried pakoras,Complete Bed Rest,Loperamide,Standard OTC Loperamide for symptomatic relief.,650,Jeera water for digestion.,Using battery acid for skin patches.
198,Anemia,General,"Cold hands, Extreme fatigue, Pale skin",4,General Physician,Moong Dal Khichdi,Deep-fried pakoras,Anulom Vilom,Ibuprofen,Standard OTC Ibuprofen for symptomatic relief.,500,Jeera water for digestion.,Rubbing heavy salt on rashes.
199,Acne,Skin,"Oily skin, Blackheads, Pimples",1,General Physician,Moong Dal Khichdi,Cold drinks,Yoga (Pranayama),Loperamide,Standard OTC Loperamide for symptomatic relief.,250,Jeera water for digestion.,Putting onions in armpits to reduce fever.
200,Allergic Rhinitis,Respiratory,"Constant sneezing, Itchy nose, Watery eyes, Puffy eyelids",3,General Physician,Papaya,Spicy street food,Light stretching,Loperamide,Standard OTC Loperamide for symptomatic relief.,650,Warm turmeric milk (Haldi Doodh) for immunity.,Putting oil or ghee on open wounds.
201,Acne,Skin,"Oily skin, Blackheads, Pimples, Red bumps",6,Specialist Doctor,Pomegranate,Deep-fried pakoras,Anulom Vilom,N/A - Prescription Required,Severity is high. Automatic recommendation disabled to ensure safety. Consult a doctor.,0,Jeera water for digestion.,Putting oil or ghee on open wounds.
202,Common Cold,Infectious,"Runny nose, Mild fever, Sneezing",7,Specialist Doctor,Boiled vegetables,Raw salads (if infectious),Light stretching,N/A - Prescription Required,Severity is high. Automatic recommendation disabled to ensure safety. Consult a doctor.,0,Coconut water for rehydration.,Rubbing heavy salt on rashes.
203,Influenza,Infectious,"High fever, Dry cough, Severe body ache, Chills",5,General Physician,Curd rice,Raw salads (if infectious),Yoga (Pranayama),Omeprazole,Standard OTC Omeprazole for symptomatic relief.,500,Warm turmeric milk (Haldi Doodh) for immunity.,Rubbing heavy salt on rashes.
204,Typhoid,Infectious,"Rose spots, Stomach pain, High fever",6,Specialist Doctor,Moong Dal Khichdi,Cold drinks,Complete Bed Rest,N/A - Prescription Required,Severity is high. Automatic recommendation disabled to ensure safety. Consult a doctor.,0,Saltwater gargles for throat infection.,Putting oil or ghee on open wounds.
205,Acidity,Gastrointestinal,"Burning sensation in chest, Sour burps, Bloating",4,General Physician,Papaya,Raw salads (if infectious),Complete Bed Rest,Cetirizine,Standard OTC Cetirizine for symptomatic relief.,500,Jeera water for digestion.,Putting onions in armpits to reduce fever.
206,Dehydration,General,"Dark urine, Extreme thirst, Dry mouth",9,Specialist Doctor,Pomegranate,Spicy street food,Anulom Vilom,N/A - Prescription Required,Severity is high. Automatic recommendation disabled to ensure safety. Consult a doctor.,0,Ginger and honey tea for sore throat.,Rubbing heavy salt on rashes.
207,Dengue,Infectious,"Joint pain, Bleeding gums, Retro-orbital pain",10,Specialist Doctor,Boiled vegetables,Cold drinks,Anulom Vilom,N/A - Prescription Required,Severity is high. Automatic recommendation disabled to ensure safety. Consult a doctor.,0,Jeera water for digestion.,Rubbing heavy salt on rashes.
208,Acidity,Gastrointestinal,"Sour burps, Bloating, Heartburn",4,General Physician,Papaya,Spicy street food,Anulom Vilom,Loperamide,Standard OTC Loperamide for symptomatic relief.,500,Ginger and honey tea for sore throat.,Using battery acid for skin patches.
209,Anemia,General,"Extreme fatigue, Pale skin, Brittle nails",10,Specialist Doctor,Pomegranate,Cold drinks,Brisk walking,N/A - Prescription Required,Severity is high. Automatic recommendation disabled to ensure safety. Consult a doctor.,0,Saltwater gargles for throat infection.,Putting oil or ghee on open wounds.
210,Anemia,General,"Brittle nails, Extreme fatigue, Pale skin",2,General Physician,Pomegranate,Raw salads (if infectious),Anulom Vilom,Loperamide,Standard OTC Loperamide for symptomatic relief.,250,Warm turmeric milk (Haldi Doodh) for immunity.,Rubbing heavy salt on rashes.
211,Heat Stroke,General,"Body temp above 104F, Confusion, Rapid pulse",9,Specialist Doctor,Boiled vegetables,Deep-fried pakoras,Anulom Vilom,N/A - Prescription Required,Severity is high. Automatic recommendation disabled to ensure safety. Consult a doctor.,0,Warm turmeric milk (Haldi Doodh) for immunity.,Putting onions in armpits to reduce fever.
212,Dehydration,General,"Dizziness, Extreme thirst, Dry mouth, Dark urine",10,Specialist Doctor,Papaya,Raw salads (if infectious),Brisk walking,N/A - Prescription Required,Severity is high. Automatic recommendation disabled to ensure safety. Consult a doctor.,0,Saltwater gargles for throat infection.,Putting onions in armpits to reduce fever.
213,Gastritis,Gastrointestinal,"Nausea, Feeling full after small meal, Indigestion, Upper stomach pain",1,General Physician,Boiled vegetables,Deep-fried pakoras,Anulom Vilom,ORS,Standard OTC ORS for symptomatic relief.,250,Warm turmeric milk (Haldi Doodh) for immunity.,Using battery acid for skin patches.
214,Anemia,General,"Brittle nails, Cold hands, Pale skin, Extreme fatigue",8,Specialist Doctor,Moong Dal Khichdi,Raw salads (if infectious),Complete Bed Rest,N/A - Prescription Required,Severity is high. Automatic recommendation disabled to ensure safety. Consult a doctor.,0,Coconut water for rehydration.,Putting onions in armpits to reduce fever.
215,Fungal Infection,Skin,"Ring-shaped rash, Scaly skin, Itching between toes, Discolored nails",1,General Physician,Curd rice,Raw salads (if infectious),Brisk walking,Ibuprofen,Standard OTC Ibuprofen for symptomatic relief.,500,Saltwater gargles for throat infection.,Applying Colgate/toothpaste on burns (causes infection).
216,Sunburn,Skin,"Hot to touch, Blisters, Peeling skin",10,Specialist Doctor,Moong Dal Khichdi,Raw salads (if infectious),Light stretching,N/A - Prescription Required,Severity is high. Automatic recommendation disabled to ensure safety. Consult a doctor.,0,Saltwater gargles for throat infection.,Putting oil or ghee on open wounds.
217,Vitamin D Deficiency,General,"Hair loss, Muscle weakness, Bone pain",5,General Physician,Papaya,Spicy street food,Brisk walking,Ibuprofen,Standard OTC Ibuprofen for symptomatic relief.,250,Saltwater gargles for throat infection.,Putting oil or ghee on open wounds.
218,Dehydration,General,"Extreme thirst, Dizziness, Dark urine",2,General Physician,Moong Dal Khichdi,Raw salads (if infectious),Brisk walking,Ibuprofen,Standard OTC Ibuprofen for symptomatic relief.,650,Warm turmeric milk (Haldi Doodh) for immunity.,Rubbing heavy salt on rashes.
219,Dehydration,General,"Dry mouth, Dark urine, Extreme thirst",8,Specialist Doctor,Moong Dal Khichdi,Raw salads (if infectious),Brisk walking,N/A - Prescription Required,Severity is high. Automatic recommendation disabled to ensure safety. Consult a doctor.,0,Warm turmeric milk (Haldi Doodh) for immunity.,Putting oil or ghee on open wounds.
220,Gastritis,Gastrointestinal,"Upper stomach pain, Feeling full after small meal, Indigestion",4,General Physician,Papaya,Deep-fried pakoras,Light stretching,Loperamide,Standard OTC Loperamide for symptomatic relief.,650,Saltwater gargles for throat infection.,Putting onions in armpits to reduce fever.
221,Chickenpox,Infectious,"Fluid-filled blisters, Intense itching, Fever",5,General Physician,Pomegranate,Raw salads (if infectious),Brisk walking,Paracetamol,Standard OTC Paracetamol for symptomatic relief.,650,Saltwater gargles for throat infection.,Rubbing heavy salt on rashes.
222,Bronchitis,Respiratory,"Wheezing, Persistent cough, Chest congestion",7,Specialist Doctor,Pomegranate,Excessive caffeine,Brisk walking,N/A - Prescription Required,Severity is high. Automatic recommendation disabled to ensure safety. Consult a doctor.,0,Coconut water for rehydration.,Rubbing heavy salt on rashes.
223,Fungal Infection,Skin,"Itching between toes, Discolored nails, Scaly skin",7,Specialist Doctor,Pomegranate,Raw salads (if infectious),Light stretching,N/A - Prescription Required,Severity is high. Automatic recommendation disabled to ensure safety. Consult a doctor.,0,Coconut water for rehydration.,Rubbing heavy salt on rashes.
224,Acne,Skin,"Red bumps, Blackheads, Oily skin, Pimples",2,General Physician,Boiled vegetables,Cold drinks,Complete Bed Rest,Cetirizine,Standard OTC Cetirizine for symptomatic relief.,250,Warm turmeric milk (Haldi Doodh) for immunity.,Using battery acid for skin patches.
225,Anemia,General,"Brittle nails, Pale skin, Extreme fatigue, Cold hands",1,General Physician,Pomegranate,Excessive caffeine,Light stretching,Ibuprofen,Standard OTC Ibuprofen for symptomatic relief.,250,Jeera water for digestion.,Putting oil or ghee on open wounds.
226,Acidity,Gastrointestinal,"Burning sensation in chest, Heartburn, Sour burps, Bloating",9,Specialist Doctor,Boiled vegetables,Raw salads (if infectious),Anulom Vilom,N/A - Prescription Required,Severity is high. Automatic recommendation disabled to ensure safety. Consult a doctor.,0,Jeera water for digestion.,Putting oil or ghee on open wounds.
227,Eczema,Skin,"Dry skin, Cracked skin, Itchy patches",7,Specialist Doctor,Pomegranate,Cold drinks,Yoga (Pranayama),N/A - Prescription Required,Severity is high. Automatic recommendation disabled to ensure safety. Consult a doctor.,0,Warm turmeric milk (Haldi Doodh) for immunity.,Putting onions in armpits to reduce fever.
228,Heat Rash,Skin,"Small red bumps, Mild swelling, Itching in sweat areas, Prickly heat",6,Specialist Doctor,Boiled vegetables,Excessive caffeine,Complete Bed Rest,N/A - Prescription Required,Severity is high. Automatic recommendation disabled to ensure safety. Consult a doctor.,0,Warm turmeric milk (Haldi Doodh) for immunity.,Applying Colgate/toothpaste on burns (causes infection).
229,Malaria,Infectious,"Profuse sweating, Shivering chills, Splenomegaly",1,General Physician,Boiled vegetables,Raw salads (if infectious),Light stretching,Cetirizine,Standard OTC Cetirizine for symptomatic relief.,250,Coconut water for rehydration.,Putting oil or ghee on open wounds.
230,Dengue,Infectious,"High fever, Joint pain, Bleeding gums",10,Specialist Doctor,Boiled vegetables,Cold drinks,Brisk walking,N/A - Prescription Required,Severity is high. Automatic recommendation disabled to ensure safety. Consult a doctor.,0,Saltwater gargles for throat infection.,Using battery acid for skin patches.
231,Bronchitis,Respiratory,"Persistent cough, Chest congestion, Wheezing, Shortness of breath",7,Specialist Doctor,Papaya,Deep-fried pakoras,Yoga (Pranayama),N/A - Prescription Required,Severity is high. Automatic recommendation disabled to ensure safety. Consult a doctor.,0,Saltwater gargles for throat infection.,Putting oil or ghee on open wounds.
232,Sinusitis,Respiratory,"Facial pressure, Thick yellow mucus, Stuffed nose, Headache",3,General Physician,Pomegranate,Deep-fried pakoras,Anulom Vilom,Cetirizine,Standard OTC Cetirizine for symptomatic relief.,250,Ginger and honey tea for sore throat.,Putting oil or ghee on open wounds.
233,Bronchitis,Respiratory,"Wheezing, Persistent cough, Chest congestion",5,General Physician,Pomegranate,Spicy street food,Brisk walking,Paracetamol,Standard OTC Paracetamol for symptomatic relief.,250,Jeera water for digestion.,Using battery acid for skin patches.
234,Vitamin D Deficiency,General,"Muscle weakness, Mood changes, Bone pain",6,Specialist Doctor,Moong Dal Khichdi,Spicy street food,Complete Bed Rest,N/A - Prescription Required,Severity is high. Automatic recommendation disabled to ensure safety. Consult a doctor.,0,Jeera water for digestion.,Putting onions in armpits to reduce fever.
235,Allergic Rhinitis,Respiratory,"Watery eyes, Puffy eyelids, Constant sneezing",2,General Physician,Moong Dal Khichdi,Deep-fried pakoras,Light stretching,Cetirizine,Standard OTC Cetirizine for symptomatic relief.,250,Warm turmeric milk (Haldi Doodh) for immunity.,Putting oil or ghee on open wounds.
236,Bronchitis,Respiratory,"Wheezing, Chest congestion, Persistent cough",1,General Physician,Moong Dal Khichdi,Deep-fried pakoras,Complete Bed Rest,ORS,Standard OTC ORS for symptomatic relief.,650,Warm turmeric milk (Haldi Doodh) for immunity.,Putting oil or ghee on open wounds.
237,Fungal Infection,Skin,"Itching between toes, Discolored nails, Ring-shaped rash, Scaly skin",10,Specialist Doctor,Curd rice,Cold drinks,Anulom Vilom,N/A - Prescription Required,Severity is high. Automatic recommendation disabled to ensure safety. Consult a doctor.,0,Jeera water for digestion.,Putting onions in armpits to reduce fever.
238,Sinusitis,Respiratory,"Stuffed nose, Thick yellow mucus, Headache, Facial pressure",2,General Physician,Boiled vegetables,Cold drinks,Anulom Vilom,Paracetamol,Standard OTC Paracetamol for symptomatic relief.,500,Saltwater gargles for throat infection.,Putting oil or ghee on open wounds.
239,Sinusitis,Respiratory,"Facial pressure, Thick yellow mucus, Stuffed nose, Headache",10,Specialist Doctor,Moong Dal Khichdi,Spicy street food,Light stretching,N/A - Prescription Required,Severity is high. Automatic recommendation disabled to ensure safety. Consult a doctor.,0,Coconut water for rehydration.,Putting oil or ghee on open wounds.
240,Eczema,Skin,"Cracked skin, Itchy patches, Dry skin",3,General Physician,Pomegranate,Excessive caffeine,Anulom Vilom,Ibuprofen,Standard OTC Ibuprofen for symptomatic relief.,250,Coconut water for rehydration.,Using battery acid for skin patches.
241,Dehydration,General,"Dark urine, Dry mouth, Extreme thirst, Dizziness",8,Specialist Doctor,Curd rice,Spicy street food,Light stretching,N/A - Prescription Required,Severity is high. Automatic recommendation disabled to ensure safety. Consult a doctor.,0,Jeera water for digestion.,Applying Colgate/toothpaste on burns (causes infection).
242,Anemia,General,"Extreme fatigue, Pale skin, Brittle nails, Cold hands",5,General Physician,Boiled vegetables,Deep-fried pakoras,Brisk walking,ORS,Standard OTC ORS for symptomatic relief.,650,Saltwater gargles for throat infection.,Putting onions in armpits to reduce fever.
243,Sunburn,Skin,"Blisters, Red painful skin, Hot to touch",3,General Physician,Moong Dal Khichdi,Cold drinks,Light stretching,Ibuprofen,Standard OTC Ibuprofen for symptomatic relief.,250,Warm turmeric milk (Haldi Doodh) for immunity.,Putting onions in armpits to reduce fever.
244,Dengue,Infectious,"Retro-orbital pain, Bleeding gums, Joint pain, High fever",7,Specialist Doctor,Pomegranate,Excessive caffeine,Light stretching,N/A - Prescription Required,Severity is high. Automatic recommendation disabled to ensure safety. Consult a doctor.,0,Jeera water for digestion.,Putting onions in armpits to reduce fever.
245,Influenza,Infectious,"Severe body ache, Chills, Dry cough, High fever",2,General Physician,Boiled vegetables,Deep-fried pakoras,Light stretching,Ibuprofen,Standard OTC Ibuprofen for symptomatic relief.,500,Coconut water for rehydration.,Putting oil or ghee on open wounds.
246,Heat Stroke,General,"No sweating, Body temp above 104F, Confusion",5,General Physician,Curd rice,Spicy street food,Anulom Vilom,Omeprazole,Standard OTC Omeprazole for symptomatic relief.,250,Jeera water for digestion.,Rubbing heavy salt on rashes.
247,Malaria,Infectious,"Profuse sweating, Splenomegaly, Shivering chills, Cyclical fever",10,Specialist Doctor,Pomegranate,Excessive caffeine,Light stretching,N/A - Prescription Required,Severity is high. Automatic recommendation disabled to ensure safety. Consult a doctor.,0,Saltwater gargles for throat infection.,Using battery acid for skin patches.
248,Typhoid,Infectious,"High fever, Rose spots, Stomach pain, Coated tongue",7,Specialist Doctor,Boiled vegetables,Raw salads (if infectious),Complete Bed Rest,N/A - Prescription Required,Severity is high. Automatic recommendation disabled to ensure safety. Consult a doctor.,0,Jeera water for digestion.,Using battery acid for skin patches.
249,Gastritis,Gastrointestinal,"Upper stomach pain, Indigestion, Nausea, Feeling full after small meal",6,Specialist Doctor,Curd rice,Cold drinks,Brisk walking,N/A - Prescription Required,Severity is high. Automatic recommendation disabled to ensure safety. Consult a doctor.,0,Saltwater gargles for throat infection.,Putting oil or ghee on open wounds.
250,Diarrhea,Gastrointestinal,"Loose stools, Dehydration, Abdominal cramps, Urgency",10,Specialist Doctor,Papaya,Spicy street food,Light stretching,N/A - Prescription Required,Severity is high. Automatic recommendation disabled to ensure safety. Consult a doctor.,0,Warm turmeric milk (Haldi Doodh) for immunity.,Putting onions in armpits to reduce fever.
251,Common Cold,Infectious,"Mild fever, Runny nose, Sneezing",5,General Physician,Pomegranate,Raw salads (if infectious),Anulom Vilom,Paracetamol,Standard OTC Paracetamol for symptomatic relief.,500,Warm turmeric milk (Haldi Doodh) for immunity.,Putting onions in armpits to reduce fever.
252,Asthma,Respiratory,"Chest tightness, Difficulty breathing, Wheezing sounds, Night cough",4,General Physician,Boiled vegetables,Raw salads (if infectious),Anulom Vilom,Paracetamol,Standard OTC Paracetamol for symptomatic relief.,500,Warm turmeric milk (Haldi Doodh) for immunity.,Rubbing heavy salt on rashes.
253,Common Cold,Infectious,"Sore throat, Mild fever, Runny nose",1,General Physician,Moong Dal Khichdi,Excessive caffeine,Yoga (Pranayama),Ibuprofen,Standard OTC Ibuprofen for symptomatic relief.,250,Warm turmeric milk (Haldi Doodh) for immunity.,Putting onions in armpits to reduce fever.
254,Amoebiasis,Gastrointestinal,"Tenesmus, Weight loss, Stomach cramps",8,Specialist Doctor,Pomegranate,Spicy street food,Anulom Vilom,N/A - Prescription Required,Severity is high. Automatic recommendation disabled to ensure safety. Consult a doctor.,0,Jeera water for digestion.,Using battery acid for skin patches.
255,Food Poisoning,Gastrointestinal,"Abdominal cramps, Diarrhea, Fever, Projectile vomiting",3,General Physician,Pomegranate,Raw salads (if infectious),Anulom Vilom,Ibuprofen,Standard OTC Ibuprofen for symptomatic relief.,250,Jeera water for digestion.,Using battery acid for skin patches.
256,Bronchitis,Respiratory,"Shortness of breath, Wheezing, Chest congestion",3,General Physician,Moong Dal Khichdi,Excessive caffeine,Light stretching,Loperamide,Standard OTC Loperamide for symptomatic relief.,250,Coconut water for rehydration.,Using battery acid for skin patches.
257,Influenza,Infectious,"Severe body ache, High fever, Chills",9,Specialist Doctor,Curd rice,Cold drinks,Yoga (Pranayama),N/A - Prescription Required,Severity is high. Automatic recommendation disabled to ensure safety. Consult a doctor.,0,Jeera water for digestion.,Using battery acid for skin patches.
258,Common Cold,Infectious,"Sore throat, Runny nose, Sneezing, Mild fever",7,Specialist Doctor,Moong Dal Khichdi,Raw salads (if infectious),Brisk walking,N/A - Prescription Required,Severity is high. Automatic recommendation disabled to ensure safety. Consult a doctor.,0,Saltwater gargles for throat infection.,Rubbing heavy salt on rashes.
259,Dehydration,General,"Dark urine, Dry mouth, Extreme thirst",3,General Physician,Curd rice,Excessive caffeine,Complete Bed Rest,Paracetamol,Standard OTC Paracetamol for symptomatic relief.,650,Coconut water for rehydration.,Putting oil or ghee on open wounds.
260,Heat Stroke,General,"Body temp above 104F, Rapid pulse, No sweating, Confusion",7,Specialist Doctor,Papaya,Excessive caffeine,Anulom Vilom,N/A - Prescription Required,Severity is high. Automatic recommendation disabled to ensure safety. Consult a doctor.,0,Saltwater gargles for throat infection.,Applying Colgate/toothpaste on burns (causes infection).
261,Malaria,Infectious,"Cyclical fever, Shivering chills, Profuse sweating, Splenomegaly",10,Specialist Doctor,Papaya,Excessive caffeine,Complete Bed Rest,N/A - Prescription Required,Severity is high. Automatic recommendation disabled to ensure safety. Consult a doctor.,0,Coconut water for rehydration.,Rubbing heavy salt on rashes.
262,Dehydration,General,"Dark urine, Dry mouth, Dizziness",4,General Physician,Pomegranate,Spicy street food,Brisk walking,Ibuprofen,Standard OTC Ibuprofen for symptomatic relief.,500,Warm turmeric milk (Haldi Doodh) for immunity.,Putting onions in armpits to reduce fever.
263,Bronchitis,Respiratory,"Shortness of breath, Chest congestion, Wheezing, Persistent cough",4,General Physician,Papaya,Spicy street food,Brisk walking,Ibuprofen,Standard OTC Ibuprofen for symptomatic relief.,250,Saltwater gargles for throat infection.,Rubbing heavy salt on rashes.
264,Influenza,Infectious,"High fever, Chills, Severe body ache, Dry cough",1,General Physician,Pomegranate,Raw salads (if infectious),Yoga (Pranayama),ORS,Standard OTC ORS for symptomatic relief.,500,Jeera water for digestion.,Putting oil or ghee on open wounds.
265,Asthma,Respiratory,"Wheezing sounds, Difficulty breathing, Chest tightness, Night cough",1,General Physician,Papaya,Deep-fried pakoras,Complete Bed Rest,Cetirizine,Standard OTC Cetirizine for symptomatic relief.,500,Ginger and honey tea for sore throat.,Putting onions in armpits to reduce fever.
266,Bronchitis,Respiratory,"Persistent cough, Chest congestion, Shortness of breath, Wheezing",2,General Physician,Pomegranate,Cold drinks,Yoga (Pranayama),ORS,Standard OTC ORS for symptomatic relief.,500,Saltwater gargles for throat infection.,Putting oil or ghee on open wounds.
267,Acidity,Gastrointestinal,"Heartburn, Bloating, Sour burps, Burning sensation in chest",5,General Physician,Boiled vegetables,Raw salads (if infectious),Yoga (Pranayama),ORS,Standard OTC ORS for symptomatic relief.,250,Saltwater gargles for throat infection.,Rubbing heavy salt on rashes.
268,Gastritis,Gastrointestinal,"Nausea, Indigestion, Feeling full after small meal",5,General Physician,Boiled vegetables,Excessive caffeine,Light stretching,ORS,Standard OTC ORS for symptomatic relief.,500,Ginger and honey tea for sore throat.,Putting oil or ghee on open wounds.
269,Fungal Infection,Skin,"Ring-shaped rash, Itching between toes, Discolored nails",4,General Physician,Moong Dal Khichdi,Cold drinks,Complete Bed Rest,Cetirizine,Standard OTC Cetirizine for symptomatic relief.,650,Ginger and honey tea for sore throat.,Putting onions in armpits to reduce fever.
270,Anemia,General,"Brittle nails, Extreme fatigue, Cold hands, Pale skin",7,Specialist Doctor,Pomegranate,Raw salads (if infectious),Yoga (Pranayama),N/A - Prescription Required,Severity is high. Automatic recommendation disabled to ensure safety. Consult a doctor.,0,Coconut water for rehydration.,Rubbing heavy salt on rashes.
271,Typhoid,Infectious,"Stomach pain, Coated tongue, High fever, Rose spots",5,General Physician,Moong Dal Khichdi,Spicy street food,Complete Bed Rest,Cetirizine,Standard OTC Cetirizine for symptomatic relief.,500,Ginger and honey tea for sore throat.,Putting oil or ghee on open wounds.
272,Anemia,General,"Brittle nails, Cold hands, Pale skin, Extreme fatigue",6,Specialist Doctor,Pomegranate,Cold drinks,Complete Bed Rest,N/A - Prescription Required,Severity is high. Automatic recommendation disabled to ensure safety. Consult a doctor.,0,Ginger and honey tea for sore throat.,Using battery acid for skin patches.
273,Influenza,Infectious,"Chills, Severe body ache, High fever",4,General Physician,Boiled vegetables,Cold drinks,Complete Bed Rest,Omeprazole,Standard OTC Omeprazole for symptomatic relief.,500,Warm turmeric milk (Haldi Doodh) for immunity.,Using battery acid for skin patches.
274,Allergic Rhinitis,Respiratory,"Watery eyes, Constant sneezing, Itchy nose, Puffy eyelids",1,General Physician,Papaya,Raw salads (if infectious),Complete Bed Rest,Paracetamol,Standard OTC Paracetamol for symptomatic relief.,500,Ginger and honey tea for sore throat.,Rubbing heavy salt on rashes.
275,Sinusitis,Respiratory,"Thick yellow mucus, Stuffed nose, Facial pressure, Headache",6,Specialist Doctor,Papaya,Deep-fried pakoras,Complete Bed Rest,N/A - Prescription Required,Severity is high. Automatic recommendation disabled to ensure safety. Consult a doctor.,0,Ginger and honey tea for sore throat.,Putting oil or ghee on open wounds.
276,Sinusitis,Respiratory,"Stuffed nose, Thick yellow mucus, Headache, Facial pressure",6,Specialist Doctor,Curd rice,Deep-fried pakoras,Anulom Vilom,N/A - Prescription Required,Severity is high. Automatic recommendation disabled to ensure safety. Consult a doctor.,0,Coconut water for rehydration.,Applying Colgate/toothpaste on burns (causes infection).
277,Gastritis,Gastrointestinal,"Indigestion, Nausea, Upper stomach pain, Feeling full after small meal",7,Specialist Doctor,Moong Dal Khichdi,Spicy street food,Anulom Vilom,N/A - Prescription Required,Severity is high. Automatic recommendation disabled to ensure safety. Consult a doctor.,0,Jeera water for digestion.,Putting onions in armpits to reduce fever.
278,Gastritis,Gastrointestinal,"Nausea, Upper stomach pain, Feeling full after small meal",2,General Physician,Curd rice,Spicy street food,Complete Bed Rest,Omeprazole,Standard OTC Omeprazole for symptomatic relief.,650,Jeera water for digestion.,Applying Colgate/toothpaste on burns (causes infection).
279,Acidity,Gastrointestinal,"Burning sensation in chest, Bloating, Sour burps",2,General Physician,Pomegranate,Cold drinks,Yoga (Pranayama),Loperamide,Standard OTC Loperamide for symptomatic relief.,500,Coconut water for rehydration.,Applying Colgate/toothpaste on burns (causes infection).
280,Food Poisoning,Gastrointestinal,"Diarrhea, Projectile vomiting, Fever, Abdominal cramps",5,General Physician,Moong Dal Khichdi,Deep-fried pakoras,Complete Bed Rest,Cetirizine,Standard OTC Cetirizine for symptomatic relief.,250,Ginger and honey tea for sore throat.,Using battery acid for skin patches.
281,Asthma,Respiratory,"Wheezing sounds, Chest tightness, Night cough",4,General Physician,Moong Dal Khichdi,Raw salads (if infectious),Anulom Vilom,Paracetamol,Standard OTC Paracetamol for symptomatic relief.,650,Coconut water for rehydration.,Rubbing heavy salt on rashes.
282,Malaria,Infectious,"Splenomegaly, Profuse sweating, Shivering chills, Cyclical fever",7,Specialist Doctor,Moong Dal Khichdi,Deep-fried pakoras,Complete Bed Rest,N/A - Prescription Required,Severity is high. Automatic recommendation disabled to ensure safety. Consult a doctor.,0,Ginger and honey tea for sore throat.,Putting oil or ghee on open wounds.
283,Vitamin D Deficiency,General,"Muscle weakness, Mood changes, Hair loss, Bone pain",3,General Physician,Pomegranate,Spicy street food,Complete Bed Rest,Loperamide,Standard OTC Loperamide for symptomatic relief.,650,Ginger and honey tea for sore throat.,Using battery acid for skin patches.
284,Sunburn,Skin,"Red painful skin, Hot to touch, Blisters, Peeling skin",2,General Physician,Moong Dal Khichdi,Deep-fried pakoras,Complete Bed Rest,Loperamide,Standard OTC Loperamide for symptomatic relief.,500,Saltwater gargles for throat infection.,Putting onions in armpits to reduce fever.
285,Fungal Infection,Skin,"Ring-shaped rash, Itching between toes, Scaly skin",7,Specialist Doctor,Boiled vegetables,Spicy street food,Brisk walking,N/A - Prescription Required,Severity is high. Automatic recommendation disabled to ensure safety. Consult a doctor.,0,Saltwater gargles for throat infection.,Putting onions in armpits to reduce fever.
286,Diarrhea,Gastrointestinal,"Abdominal cramps, Urgency, Loose stools",6,Specialist Doctor,Moong Dal Khichdi,Raw salads (if infectious),Light stretching,N/A - Prescription Required,Severity is high. Automatic recommendation disabled to ensure safety. Consult a doctor.,0,Warm turmeric milk (Haldi Doodh) for immunity.,Rubbing heavy salt on rashes.
287,Malaria,Infectious,"Cyclical fever, Profuse sweating, Splenomegaly",8,Specialist Doctor,Papaya,Spicy street food,Anulom Vilom,N/A - Prescription Required,Severity is high. Automatic recommendation disabled to ensure safety. Consult a doctor.,0,Jeera water for digestion.,Applying Colgate/toothpaste on burns (causes infection).
288,Asthma,Respiratory,"Difficulty breathing, Wheezing sounds, Night cough, Chest tightness",6,Specialist Doctor,Papaya,Raw salads (if infectious),Light stretching,N/A - Prescription Required,Severity is high. Automatic recommendation disabled to ensure safety. Consult a doctor.,0,Ginger and honey tea for sore throat.,Using battery acid for skin patches.
289,Vitamin D Deficiency,General,"Muscle weakness, Bone pain, Mood changes",10,Specialist Doctor,Moong Dal Khichdi,Excessive caffeine,Yoga (Pranayama),N/A - Prescription Required,Severity is high. Automatic recommendation disabled to ensure safety. Consult a doctor.,0,Warm turmeric milk (Haldi Doodh) for immunity.,Putting onions in armpits to reduce fever.
290,Sinusitis,Respiratory,"Thick yellow mucus, Headache, Facial pressure, Stuffed nose",8,Specialist Doctor,Boiled vegetables,Deep-fried pakoras,Light stretching,N/A - Prescription Required,Severity is high. Automatic recommendation disabled to ensure safety. Consult a doctor.,0,Coconut water for rehydration.,Applying Colgate/toothpaste on burns (causes infection).
291,Sunburn,Skin,"Blisters, Peeling skin, Hot to touch",2,General Physician,Papaya,Deep-fried pakoras,Brisk walking,Paracetamol,Standard OTC Paracetamol for symptomatic relief.,500,Jeera water for digestion.,Putting onions in armpits to reduce fever.
292,Amoebiasis,Gastrointestinal,"Bloody stools, Weight loss, Stomach cramps",4,General Physician,Boiled vegetables,Deep-fried pakoras,Brisk walking,Loperamide,Standard OTC Loperamide for symptomatic relief.,250,Coconut water for rehydration.,Putting oil or ghee on open wounds.
293,Bronchitis,Respiratory,"Persistent cough, Wheezing, Chest congestion",4,General Physician,Moong Dal Khichdi,Raw salads (if infectious),Complete Bed Rest,Paracetamol,Standard OTC Paracetamol for symptomatic relief.,650,Coconut water for rehydration.,Rubbing heavy salt on rashes.
294,Gastritis,Gastrointestinal,"Indigestion, Nausea, Upper stomach pain, Feeling full after small meal",10,Specialist Doctor,Boiled vegetables,Spicy street food,Anulom Vilom,N/A - Prescription Required,Severity is high. Automatic recommendation disabled to ensure safety. Consult a doctor.,0,Saltwater gargles for throat infection.,Applying Colgate/toothpaste on burns (causes infection).
295,Heat Rash,Skin,"Itching in sweat areas, Mild swelling, Prickly heat",8,Specialist Doctor,Papaya,Excessive caffeine,Light stretching,N/A - Prescription Required,Severity is high. Automatic recommendation disabled to ensure safety. Consult a doctor.,0,Warm turmeric milk (Haldi Doodh) for immunity.,Rubbing heavy salt on rashes.
296,Vitamin D Deficiency,General,"Mood changes, Bone pain, Hair loss",10,Specialist Doctor,Papaya,Excessive caffeine,Complete Bed Rest,N/A - Prescription Required,Severity is high. Automatic recommendation disabled to ensure safety. Consult a doctor.,0,Coconut water for rehydration.,Using battery acid for skin patches.
297,Asthma,Respiratory,"Difficulty breathing, Night cough, Wheezing sounds, Chest tightness",9,Specialist Doctor,Pomegranate,Raw salads (if infectious),Light stretching,N/A - Prescription Required,Severity is high. Automatic recommendation disabled to ensure safety. Consult a doctor.,0,Jeera water for digestion.,Applying Colgate/toothpaste on burns (causes infection).
298,Eczema,Skin,"Cracked skin, Dry skin, Itchy patches, Red inflammation",8,Specialist Doctor,Moong Dal Khichdi,Spicy street food,Complete Bed Rest,N/A - Prescription Required,Severity is high. Automatic recommendation disabled to ensure safety. Consult a doctor.,0,Jeera water for digestion.,Rubbing heavy salt on rashes.
299,Food Poisoning,Gastrointestinal,"Abdominal cramps, Fever, Diarrhea",5,General Physician,Pomegranate,Spicy street food,Anulom Vilom,Loperamide,Standard OTC Loperamide for symptomatic relief.,250,Coconut water for rehydration.,Using battery acid for skin patches.
300,Dehydration,General,"Dizziness, Dark urine, Extreme thirst",7,Specialist Doctor,Boiled vegetables,Spicy street food,Brisk walking,N/A - Prescription Required,Severity is high. Automatic recommendation disabled to ensure safety. Consult a doctor.,0,Saltwater gargles for throat infection.,Using battery acid for skin patches.
301,Vitamin D Deficiency,General,"Hair loss, Muscle weakness, Bone pain, Mood changes",10,Specialist Doctor,Papaya,Deep-fried pakoras,Anulom Vilom,N/A - Prescription Required,Severity is high. Automatic recommendation disabled to ensure safety. Consult a doctor.,0,Warm turmeric milk (Haldi Doodh) for immunity.,Rubbing heavy salt on rashes.
302,Gastritis,Gastrointestinal,"Feeling full after small meal, Upper stomach pain, Indigestion, Nausea",6,Specialist Doctor,Curd rice,Raw salads (if infectious),Brisk walking,N/A - Prescription Required,Severity is high. Automatic recommendation disabled to ensure safety. Consult a doctor.,0,Warm turmeric milk (Haldi Doodh) for immunity.,Using battery acid for skin patches.
303,Fungal Infection,Skin,"Discolored nails, Ring-shaped rash, Itching between toes",1,General Physician,Papaya,Deep-fried pakoras,Light stretching,Ibuprofen,Standard OTC Ibuprofen for symptomatic relief.,650,Jeera water for digestion.,Using battery acid for skin patches.
304,Amoebiasis,Gastrointestinal,"Stomach cramps, Bloody stools, Weight loss",5,General Physician,Pomegranate,Raw salads (if infectious),Complete Bed Rest,Loperamide,Standard OTC Loperamide for symptomatic relief.,250,Coconut water for rehydration.,Putting onions in armpits to reduce fever.
305,Vitamin D Deficiency,General,"Mood changes, Muscle weakness, Hair loss, Bone pain",3,General Physician,Moong Dal Khichdi,Spicy street food,Anulom Vilom,Loperamide,Standard OTC Loperamide for symptomatic relief.,250,Saltwater gargles for throat infection.,Rubbing heavy salt on rashes.
306,Fungal Infection,Skin,"Itching between toes, Scaly skin, Ring-shaped rash",8,Specialist Doctor,Curd rice,Deep-fried pakoras,Complete Bed Rest,N/A - Prescription Required,Severity is high. Automatic recommendation disabled to ensure safety. Consult a doctor.,0,Saltwater gargles for throat infection.,Putting onions in armpits to reduce fever.
307,Dehydration,General,"Dark urine, Dry mouth, Dizziness, Extreme thirst",2,General Physician,Curd rice,Cold drinks,Anulom Vilom,Ibuprofen,Standard OTC Ibuprofen for symptomatic relief.,500,Ginger and honey tea for sore throat.,Using battery acid for skin patches.
308,Asthma,Respiratory,"Chest tightness, Night cough, Difficulty breathing, Wheezing sounds",7,Specialist Doctor,Moong Dal Khichdi,Raw salads (if infectious),Brisk walking,N/A - Prescription Required,Severity is high. Automatic recommendation disabled to ensure safety. Consult a doctor.,0,Saltwater gargles for throat infection.,Putting oil or ghee on open wounds.
309,Common Cold,Infectious,"Mild fever, Runny nose, Sore throat",1,General Physician,Moong Dal Khichdi,Deep-fried pakoras,Brisk walking,ORS,Standard OTC ORS for symptomatic relief.,500,Warm turmeric milk (Haldi Doodh) for immunity.,Using battery acid for skin patches.
310,Influenza,Infectious,"Severe body ache, Dry cough, High fever, Chills",1,General Physician,Moong Dal Khichdi,Excessive caffeine,Complete Bed Rest,Loperamide,Standard OTC Loperamide for symptomatic relief.,650,Coconut water for rehydration.,Rubbing heavy salt on rashes.
311,Acidity,Gastrointestinal,"Heartburn, Bloating, Burning sensation in chest, Sour burps",5,General Physician,Moong Dal Khichdi,Raw salads (if infectious),Complete Bed Rest,Paracetamol,Standard OTC Paracetamol for symptomatic relief.,650,Ginger and honey tea for sore throat.,Putting onions in armpits to reduce fever.
312,Malaria,Infectious,"Cyclical fever, Profuse sweating, Splenomegaly, Shivering chills",3,General Physician,Papaya,Spicy street food,Brisk walking,Loperamide,Standard OTC Loperamide for symptomatic relief.,500,Coconut water for rehydration.,Applying Colgate/toothpaste on burns (causes infection).
313,Asthma,Respiratory,"Night cough, Wheezing sounds, Difficulty breathing",6,Specialist Doctor,Papaya,Spicy street food,Light stretching,N/A - Prescription Required,Severity is high. Automatic recommendation disabled to ensure safety. Consult a doctor.,0,Saltwater gargles for throat infection.,Applying Colgate/toothpaste on burns (causes infection).
314,Dehydration,General,"Dark urine, Extreme thirst, Dry mouth, Dizziness",1,General Physician,Moong Dal Khichdi,Excessive caffeine,Light stretching,Ibuprofen,Standard OTC Ibuprofen for symptomatic relief.,650,Warm turmeric milk (Haldi Doodh) for immunity.,Putting oil or ghee on open wounds.
315,Amoebiasis,Gastrointestinal,"Bloody stools, Weight loss, Stomach cramps, Tenesmus",9,Specialist Doctor,Boiled vegetables,Raw salads (if infectious),Complete Bed Rest,N/A - Prescription Required,Severity is high. Automatic recommendation disabled to ensure safety. Consult a doctor.,0,Jeera water for digestion.,Rubbing heavy salt on rashes.
316,Acne,Skin,"Blackheads, Red bumps, Pimples, Oily skin",5,General Physician,Pomegranate,Raw salads (if infectious),Anulom Vilom,Cetirizine,Standard OTC Cetirizine for symptomatic relief.,500,Saltwater gargles for throat infection.,Putting oil or ghee on open wounds.
317,Dengue,Infectious,"Joint pain, High fever, Retro-orbital pain, Bleeding gums",5,General Physician,Pomegranate,Cold drinks,Brisk walking,Cetirizine,Standard OTC Cetirizine for symptomatic relief.,650,Warm turmeric milk (Haldi Doodh) for immunity.,Putting oil or ghee on open wounds.
318,Common Cold,Infectious,"Runny nose, Sneezing, Sore throat",2,General Physician,Papaya,Deep-fried pakoras,Yoga (Pranayama),Cetirizine,Standard OTC Cetirizine for symptomatic relief.,500,Coconut water for rehydration.,Rubbing heavy salt on rashes.
319,Food Poisoning,Gastrointestinal,"Fever, Diarrhea, Projectile vomiting",2,General Physician,Papaya,Excessive caffeine,Complete Bed Rest,Ibuprofen,Standard OTC Ibuprofen for symptomatic relief.,250,Saltwater gargles for throat infection.,Applying Colgate/toothpaste on burns (causes infection).
320,Dengue,Infectious,"Joint pain, Bleeding gums, High fever",3,General Physician,Boiled vegetables,Deep-fried pakoras,Yoga (Pranayama),ORS,Standard OTC ORS for symptomatic relief.,500,Jeera water for digestion.,Rubbing heavy salt on rashes.
321,Allergic Rhinitis,Respiratory,"Itchy nose, Puffy eyelids, Constant sneezing",7,Specialist Doctor,Pomegranate,Spicy street food,Complete Bed Rest,N/A - Prescription Required,Severity is high. Automatic recommendation disabled to ensure safety. Consult a doctor.,0,Jeera water for digestion.,Rubbing heavy salt on rashes.
322,Dengue,Infectious,"Bleeding gums, Retro-orbital pain, Joint pain, High fever",2,General Physician,Moong Dal Khichdi,Raw salads (if infectious),Light stretching,Ibuprofen,Standard OTC Ibuprofen for symptomatic relief.,250,Coconut water for rehydration.,Putting oil or ghee on open wounds.
323,Malaria,Infectious,"Shivering chills, Cyclical fever, Profuse sweating, Splenomegaly",9,Specialist Doctor,Pomegranate,Excessive caffeine,Brisk walking,N/A - Prescription Required,Severity is high. Automatic recommendation disabled to ensure safety. Consult a doctor.,0,Jeera water for digestion.,Putting oil or ghee on open wounds.
324,Allergic Rhinitis,Respiratory,"Watery eyes, Itchy nose, Constant sneezing",4,General Physician,Curd rice,Deep-fried pakoras,Anulom Vilom,Ibuprofen,Standard OTC Ibuprofen for symptomatic relief.,500,Coconut water for rehydration.,Putting onions in armpits to reduce fever.
325,Diarrhea,Gastrointestinal,"Abdominal cramps, Dehydration, Urgency, Loose stools",6,Specialist Doctor,Pomegranate,Deep-fried pakoras,Anulom Vilom,N/A - Prescription Required,Severity is high. Automatic recommendation disabled to ensure safety. Consult a doctor.,0,Saltwater gargles for throat infection.,Using battery acid for skin patches.
326,Amoebiasis,Gastrointestinal,"Tenesmus, Weight loss, Bloody stools",1,General Physician,Papaya,Deep-fried pakoras,Brisk walking,Paracetamol,Standard OTC Paracetamol for symptomatic relief.,500,Coconut water for rehydration.,Putting oil or ghee on open wounds.
327,Food Poisoning,Gastrointestinal,"Projectile vomiting, Fever, Abdominal cramps",4,General Physician,Curd rice,Deep-fried pakoras,Light stretching,Ibuprofen,Standard OTC Ibuprofen for symptomatic relief.,650,Jeera water for digestion.,Putting oil or ghee on open wounds.
328,Acidity,Gastrointestinal,"Heartburn, Burning sensation in chest, Sour burps",1,General Physician,Pomegranate,Excessive caffeine,Brisk walking,Loperamide,Standard OTC Loperamide for symptomatic relief.,250,Ginger and honey tea for sore throat.,Rubbing heavy salt on rashes.
329,Vitamin D Deficiency,General,"Muscle weakness, Mood changes, Bone pain",6,Specialist Doctor,Curd rice,Cold drinks,Light stretching,N/A - Prescription Required,Severity is high. Automatic recommendation disabled to ensure safety. Consult a doctor.,0,Saltwater gargles for throat infection.,Using battery acid for skin patches.
330,Dengue,Infectious,"Retro-orbital pain, High fever, Bleeding gums",5,General Physician,Moong Dal Khichdi,Spicy street food,Light stretching,ORS,Standard OTC ORS for symptomatic relief.,650,Ginger and honey tea for sore throat.,Putting onions in armpits to reduce fever.
331,Chickenpox,Infectious,"Fluid-filled blisters, Loss of appetite, Intense itching, Fever",6,Specialist Doctor,Papaya,Deep-fried pakoras,Anulom Vilom,N/A - Prescription Required,Severity is high. Automatic recommendation disabled to ensure safety. Consult a doctor.,0,Coconut water for rehydration.,Rubbing heavy salt on rashes.
332,Vitamin D Deficiency,General,"Hair loss, Muscle weakness, Mood changes",9,Specialist Doctor,Curd rice,Cold drinks,Complete Bed Rest,N/A - Prescription Required,Severity is high. Automatic recommendation disabled to ensure safety. Consult a doctor.,0,Saltwater gargles for throat infection.,Using battery acid for skin patches.
333,Malaria,Infectious,"Splenomegaly, Profuse sweating, Cyclical fever, Shivering chills",7,Specialist Doctor,Pomegranate,Excessive caffeine,Complete Bed Rest,N/A - Prescription Required,Severity is high. Automatic recommendation disabled to ensure safety. Consult a doctor.,0,Ginger and honey tea for sore throat.,Rubbing heavy salt on rashes.
334,Influenza,Infectious,"Chills, High fever, Severe body ache, Dry cough",2,General Physician,Pomegranate,Raw salads (if infectious),Complete Bed Rest,Loperamide,Standard OTC Loperamide for symptomatic relief.,500,Ginger and honey tea for sore throat.,Rubbing heavy salt on rashes.
335,Fungal Infection,Skin,"Ring-shaped rash, Itching between toes, Discolored nails",10,Specialist Doctor,Boiled vegetables,Raw salads (if infectious),Anulom Vilom,N/A - Prescription Required,Severity is high. Automatic recommendation disabled to ensure safety. Consult a doctor.,0,Saltwater gargles for throat infection.,Using battery acid for skin patches.
336,Heat Rash,Skin,"Prickly heat, Mild swelling, Itching in sweat areas",1,General Physician,Pomegranate,Deep-fried pakoras,Brisk walking,Paracetamol,Standard OTC Paracetamol for symptomatic relief.,500,Ginger and honey tea for sore throat.,Using battery acid for skin patches.
337,Sinusitis,Respiratory,"Stuffed nose, Thick yellow mucus, Headache, Facial pressure",3,General Physician,Moong Dal Khichdi,Deep-fried pakoras,Brisk walking,Paracetamol,Standard OTC Paracetamol for symptomatic relief.,250,Warm turmeric milk (Haldi Doodh) for immunity.,Putting oil or ghee on open wounds.
338,Allergic Rhinitis,Respiratory,"Constant sneezing, Puffy eyelids, Itchy nose, Watery eyes",5,General Physician,Papaya,Raw salads (if infectious),Complete Bed Rest,ORS,Standard OTC ORS for symptomatic relief.,500,Jeera water for digestion.,Applying Colgate/toothpaste on burns (causes infection).
339,Allergic Rhinitis,Respiratory,"Watery eyes, Puffy eyelids, Itchy nose, Constant sneezing",5,General Physician,Pomegranate,Deep-fried pakoras,Brisk walking,Ibuprofen,Standard OTC Ibuprofen for symptomatic relief.,650,Coconut water for rehydration.,Using battery acid for skin patches.
340,Fungal Infection,Skin,"Ring-shaped rash, Itching between toes, Discolored nails, Scaly skin",3,General Physician,Pomegranate,Excessive caffeine,Anulom Vilom,ORS,Standard OTC ORS for symptomatic relief.,250,Jeera water for digestion.,Rubbing heavy salt on rashes.
341,Diarrhea,Gastrointestinal,"Loose stools, Dehydration, Abdominal cramps, Urgency",10,Specialist Doctor,Pomegranate,Excessive caffeine,Anulom Vilom,N/A - Prescription Required,Severity is high. Automatic recommendation disabled to ensure safety. Consult a doctor.,0,Saltwater gargles for throat infection.,Putting onions in armpits to reduce fever.
342,Malaria,Infectious,"Cyclical fever, Shivering chills, Profuse sweating, Splenomegaly",2,General Physician,Boiled vegetables,Excessive caffeine,Light stretching,Ibuprofen,Standard OTC Ibuprofen for symptomatic relief.,250,Warm turmeric milk (Haldi Doodh) for immunity.,Using battery acid for skin patches.
343,Chickenpox,Infectious,"Intense itching, Fever, Loss of appetite, Fluid-filled blisters",4,General Physician,Curd rice,Cold drinks,Anulom Vilom,ORS,Standard OTC ORS for symptomatic relief.,650,Warm turmeric milk (Haldi Doodh) for immunity.,Putting onions in armpits to reduce fever.
344,Sunburn,Skin,"Hot to touch, Red painful skin, Peeling skin",1,General Physician,Papaya,Spicy street food,Complete Bed Rest,ORS,Standard OTC ORS for symptomatic relief.,500,Warm turmeric milk (Haldi Doodh) for immunity.,Putting oil or ghee on open wounds.
345,Heat Rash,Skin,"Mild swelling, Prickly heat, Small red bumps, Itching in sweat areas",8,Specialist Doctor,Boiled vegetables,Deep-fried pakoras,Yoga (Pranayama),N/A - Prescription Required,Severity is high. Automatic recommendation disabled to ensure safety. Consult a doctor.,0,Warm turmeric milk (Haldi Doodh) for immunity.,Applying Colgate/toothpaste on burns (causes infection).
346,Amoebiasis,Gastrointestinal,"Stomach cramps, Bloody stools, Tenesmus, Weight loss",7,Specialist Doctor,Moong Dal Khichdi,Cold drinks,Light stretching,N/A - Prescription Required,Severity is high. Automatic recommendation disabled to ensure safety. Consult a doctor.,0,Jeera water for digestion.,Using battery acid for skin patches.
347,Vitamin D Deficiency,General,"Muscle weakness, Mood changes, Hair loss",4,General Physician,Pomegranate,Deep-fried pakoras,Complete Bed Rest,Loperamide,Standard OTC Loperamide for symptomatic relief.,650,Coconut water for rehydration.,Putting onions in armpits to reduce fever.
348,Fungal Infection,Skin,"Itching between toes, Scaly skin, Discolored nails, Ring-shaped rash",1,General Physician,Moong Dal Khichdi,Raw salads (if infectious),Yoga (Pranayama),Loperamide,Standard OTC Loperamide for symptomatic relief.,500,Warm turmeric milk (Haldi Doodh) for immunity.,Rubbing heavy salt on rashes.
349,Sinusitis,Respiratory,"Stuffed nose, Facial pressure, Headache, Thick yellow mucus",6,Specialist Doctor,Curd rice,Excessive caffeine,Yoga (Pranayama),N/A - Prescription Required,Severity is high. Automatic recommendation disabled to ensure safety. Consult a doctor.,0,Saltwater gargles for throat infection.,Putting onions in armpits to reduce fever.
350,Vitamin D Deficiency,General,"Muscle weakness, Hair loss, Mood changes, Bone pain",5,General Physician,Curd rice,Cold drinks,Complete Bed Rest,Omeprazole,Standard OTC Omeprazole for symptomatic relief.,500,Ginger and honey tea for sore throat.,Applying Colgate/toothpaste on burns (causes infection).
351,Bronchitis,Respiratory,"Chest congestion, Wheezing, Shortness of breath, Persistent cough",10,Specialist Doctor,Boiled vegetables,Cold drinks,Yoga (Pranayama),N/A - Prescription Required,Severity is high. Automatic recommendation disabled to ensure safety. Consult a doctor.,0,Coconut water for rehydration.,Putting oil or ghee on open wounds.
352,Common Cold,Infectious,"Sore throat, Mild fever, Runny nose",9,Specialist Doctor,Papaya,Deep-fried pakoras,Light stretching,N/A - Prescription Required,Severity is high. Automatic recommendation disabled to ensure safety. Consult a doctor.,0,Coconut water for rehydration.,Putting oil or ghee on open wounds.
353,Chickenpox,Infectious,"Fever, Intense itching, Fluid-filled blisters, Loss of appetite",6,Specialist Doctor,Pomegranate,Deep-fried pakoras,Complete Bed Rest,N/A - Prescription Required,Severity is high. Automatic recommendation disabled to ensure safety. Consult a doctor.,0,Jeera water for digestion.,Rubbing heavy salt on rashes.
354,Acidity,Gastrointestinal,"Sour burps, Burning sensation in chest, Heartburn",3,General Physician,Curd rice,Raw salads (if infectious),Complete Bed Rest,Cetirizine,Standard OTC Cetirizine for symptomatic relief.,250,Saltwater gargles for throat infection.,Applying Colgate/toothpaste on burns (causes infection).
355,Heat Rash,Skin,"Mild swelling, Prickly heat, Itching in sweat areas",3,General Physician,Boiled vegetables,Raw salads (if infectious),Brisk walking,Cetirizine,Standard OTC Cetirizine for symptomatic relief.,650,Ginger and honey tea for sore throat.,Applying Colgate/toothpaste on burns (causes infection).
356,Asthma,Respiratory,"Chest tightness, Wheezing sounds, Night cough",2,General Physician,Curd rice,Excessive caffeine,Anulom Vilom,Cetirizine,Standard OTC Cetirizine for symptomatic relief.,500,Jeera water for digestion.,Putting oil or ghee on open wounds.
357,Sunburn,Skin,"Peeling skin, Red painful skin, Hot to touch",1,General Physician,Boiled vegetables,Deep-fried pakoras,Light stretching,Ibuprofen,Standard OTC Ibuprofen for symptomatic relief.,650,Coconut water for rehydration.,Applying Colgate/toothpaste on burns (causes infection).
358,Heat Stroke,General,"No sweating, Body temp above 104F, Rapid pulse, Confusion",5,General Physician,Pomegranate,Cold drinks,Light stretching,Ibuprofen,Standard OTC Ibuprofen for symptomatic relief.,650,Warm turmeric milk (Haldi Doodh) for immunity.,Using battery acid for skin patches.
359,Vitamin D Deficiency,General,"Hair loss, Bone pain, Muscle weakness",9,Specialist Doctor,Moong Dal Khichdi,Spicy street food,Yoga (Pranayama),N/A - Prescription Required,Severity is high. Automatic recommendation disabled to ensure safety. Consult a doctor.,0,Coconut water for rehydration.,Rubbing heavy salt on rashes.
360,Heat Stroke,General,"Confusion, No sweating, Body temp above 104F",10,Specialist Doctor,Pomegranate,Excessive caffeine,Brisk walking,N/A - Prescription Required,Severity is high. Automatic recommendation disabled to ensure safety. Consult a doctor.,0,Warm turmeric milk (Haldi Doodh) for immunity.,Rubbing heavy salt on rashes.
361,Acne,Skin,"Blackheads, Oily skin, Pimples",7,Specialist Doctor,Moong Dal Khichdi,Spicy street food,Anulom Vilom,N/A - Prescription Required,Severity is high. Automatic recommendation disabled to ensure safety. Consult a doctor.,0,Coconut water for rehydration.,Rubbing heavy salt on rashes.
362,Amoebiasis,Gastrointestinal,"Tenesmus, Weight loss, Bloody stools, Stomach cramps",6,Specialist Doctor,Papaya,Excessive caffeine,Complete Bed Rest,N/A - Prescription Required,Severity is high. Automatic recommendation disabled to ensure safety. Consult a doctor.,0,Jeera water for digestion.,Putting oil or ghee on open wounds.
363,Sinusitis,Respiratory,"Headache, Stuffed nose, Thick yellow mucus",10,Specialist Doctor,Papaya,Excessive caffeine,Anulom Vilom,N/A - Prescription Required,Severity is high. Automatic recommendation disabled to ensure safety. Consult a doctor.,0,Coconut water for rehydration.,Rubbing heavy salt on rashes.
364,Fungal Infection,Skin,"Discolored nails, Scaly skin, Itching between toes",2,General Physician,Papaya,Spicy street food,Complete Bed Rest,Paracetamol,Standard OTC Paracetamol for symptomatic relief.,500,Jeera water for digestion.,Applying Colgate/toothpaste on burns (causes infection).
365,Heat Rash,Skin,"Itching in sweat areas, Prickly heat, Small red bumps",9,Specialist Doctor,Curd rice,Spicy street food,Yoga (Pranayama),N/A - Prescription Required,Severity is high. Automatic recommendation disabled to ensure safety. Consult a doctor.,0,Saltwater gargles for throat infection.,Putting oil or ghee on open wounds.
366,Malaria,Infectious,"Splenomegaly, Shivering chills, Profuse sweating",9,Specialist Doctor,Pomegranate,Cold drinks,Complete Bed Rest,N/A - Prescription Required,Severity is high. Automatic recommendation disabled to ensure safety. Consult a doctor.,0,Warm turmeric milk (Haldi Doodh) for immunity.,Rubbing heavy salt on rashes.
367,Fungal Infection,Skin,"Discolored nails, Itching between toes, Ring-shaped rash",4,General Physician,Papaya,Raw salads (if infectious),Anulom Vilom,Ibuprofen,Standard OTC Ibuprofen for symptomatic relief.,500,Saltwater gargles for throat infection.,Rubbing heavy salt on rashes.
368,Heat Rash,Skin,"Prickly heat, Itching in sweat areas, Small red bumps, Mild swelling",6,Specialist Doctor,Moong Dal Khichdi,Cold drinks,Brisk walking,N/A - Prescription Required,Severity is high. Automatic recommendation disabled to ensure safety. Consult a doctor.,0,Saltwater gargles for throat infection.,Rubbing heavy salt on rashes.
369,Typhoid,Infectious,"Coated tongue, Stomach pain, High fever, Rose spots",8,Specialist Doctor,Papaya,Cold drinks,Brisk walking,N/A - Prescription Required,Severity is high. Automatic recommendation disabled to ensure safety. Consult a doctor.,0,Warm turmeric milk (Haldi Doodh) for immunity.,Applying Colgate/toothpaste on burns (causes infection).
370,Typhoid,Infectious,"Stomach pain, Coated tongue, Rose spots, High fever",10,Specialist Doctor,Moong Dal Khichdi,Cold drinks,Yoga (Pranayama),N/A - Prescription Required,Severity is high. Automatic recommendation disabled to ensure safety. Consult a doctor.,0,Saltwater gargles for throat infection.,Applying Colgate/toothpaste on burns (causes infection).
371,Vitamin D Deficiency,General,"Mood changes, Bone pain, Hair loss, Muscle weakness",1,General Physician,Boiled vegetables,Spicy street food,Complete Bed Rest,Paracetamol,Standard OTC Paracetamol for symptomatic relief.,500,Coconut water for rehydration.,Putting oil or ghee on open wounds.
372,Allergic Rhinitis,Respiratory,"Constant sneezing, Puffy eyelids, Itchy nose, Watery eyes",7,Specialist Doctor,Pomegranate,Cold drinks,Light stretching,N/A - Prescription Required,Severity is high. Automatic recommendation disabled to ensure safety. Consult a doctor.,0,Warm turmeric milk (Haldi Doodh) for immunity.,Putting oil or ghee on open wounds.
373,Eczema,Skin,"Itchy patches, Dry skin, Red inflammation",3,General Physician,Pomegranate,Excessive caffeine,Complete Bed Rest,Ibuprofen,Standard OTC Ibuprofen for symptomatic relief.,250,Ginger and honey tea for sore throat.,Putting oil or ghee on open wounds.
374,Bronchitis,Respiratory,"Wheezing, Chest congestion, Persistent cough, Shortness of breath",4,General Physician,Curd rice,Cold drinks,Brisk walking,Loperamide,Standard OTC Loperamide for symptomatic relief.,250,Ginger and honey tea for sore throat.,Applying Colgate/toothpaste on burns (causes infection).
375,Sinusitis,Respiratory,"Facial pressure, Stuffed nose, Thick yellow mucus",1,General Physician,Papaya,Deep-fried pakoras,Yoga (Pranayama),Loperamide,Standard OTC Loperamide for symptomatic relief.,500,Coconut water for rehydration.,Using battery acid for skin patches.
376,Malaria,Infectious,"Shivering chills, Profuse sweating, Cyclical fever",5,General Physician,Curd rice,Deep-fried pakoras,Yoga (Pranayama),Omeprazole,Standard OTC Omeprazole for symptomatic relief.,500,Saltwater gargles for throat infection.,Putting onions in armpits to reduce fever.
377,Heat Rash,Skin,"Prickly heat, Mild swelling, Small red bumps, Itching in sweat areas",10,Specialist Doctor,Moong Dal Khichdi,Deep-fried pakoras,Brisk walking,N/A - Prescription Required,Severity is high. Automatic recommendation disabled to ensure safety. Consult a doctor.,0,Jeera water for digestion.,Rubbing heavy salt on rashes.
378,Acidity,Gastrointestinal,"Bloating, Sour burps, Burning sensation in chest",2,General Physician,Pomegranate,Cold drinks,Light stretching,Cetirizine,Standard OTC Cetirizine for symptomatic relief.,650,Warm turmeric milk (Haldi Doodh) for immunity.,Rubbing heavy salt on rashes.
379,Allergic Rhinitis,Respiratory,"Itchy nose, Watery eyes, Constant sneezing, Puffy eyelids",9,Specialist Doctor,Pomegranate,Raw salads (if infectious),Yoga (Pranayama),N/A - Prescription Required,Severity is high. Automatic recommendation disabled to ensure safety. Consult a doctor.,0,Ginger and honey tea for sore throat.,Applying Colgate/toothpaste on burns (causes infection).
380,Bronchitis,Respiratory,"Chest congestion, Persistent cough, Shortness of breath, Wheezing",1,General Physician,Pomegranate,Spicy street food,Brisk walking,ORS,Standard OTC ORS for symptomatic relief.,650,Ginger and honey tea for sore throat.,Putting oil or ghee on open wounds.
381,Sunburn,Skin,"Hot to touch, Blisters, Peeling skin",1,General Physician,Boiled vegetables,Cold drinks,Complete Bed Rest,Ibuprofen,Standard OTC Ibuprofen for symptomatic relief.,500,Saltwater gargles for throat infection.,Putting onions in armpits to reduce fever.
382,Chickenpox,Infectious,"Fever, Intense itching, Loss of appetite",1,General Physician,Moong Dal Khichdi,Cold drinks,Light stretching,Paracetamol,Standard OTC Paracetamol for symptomatic relief.,250,Ginger and honey tea for sore throat.,Using battery acid for skin patches.
383,Influenza,Infectious,"Chills, High fever, Severe body ache, Dry cough",6,Specialist Doctor,Papaya,Cold drinks,Complete Bed Rest,N/A - Prescription Required,Severity is high. Automatic recommendation disabled to ensure safety. Consult a doctor.,0,Coconut water for rehydration.,Putting onions in armpits to reduce fever.
384,Amoebiasis,Gastrointestinal,"Stomach cramps, Bloody stools, Tenesmus, Weight loss",7,Specialist Doctor,Boiled vegetables,Cold drinks,Complete Bed Rest,N/A - Prescription Required,Severity is high. Automatic recommendation disabled to ensure safety. Consult a doctor.,0,Saltwater gargles for throat infection.,Using battery acid for skin patches.
385,Acidity,Gastrointestinal,"Burning sensation in chest, Bloating, Sour burps",4,General Physician,Pomegranate,Spicy street food,Brisk walking,Omeprazole,Standard OTC Omeprazole for symptomatic relief.,500,Saltwater gargles for throat infection.,Rubbing heavy salt on rashes.
386,Food Poisoning,Gastrointestinal,"Fever, Abdominal cramps, Projectile vomiting",7,Specialist Doctor,Papaya,Raw salads (if infectious),Complete Bed Rest,N/A - Prescription Required,Severity is high. Automatic recommendation disabled to ensure safety. Consult a doctor.,0,Warm turmeric milk (Haldi Doodh) for immunity.,Putting onions in armpits to reduce fever.
387,Dehydration,General,"Dark urine, Dizziness, Extreme thirst, Dry mouth",1,General Physician,Pomegranate,Excessive caffeine,Brisk walking,Loperamide,Standard OTC Loperamide for symptomatic relief.,250,Jeera water for digestion.,Putting oil or ghee on open wounds.
388,Amoebiasis,Gastrointestinal,"Tenesmus, Stomach cramps, Bloody stools, Weight loss",6,Specialist Doctor,Moong Dal Khichdi,Deep-fried pakoras,Complete Bed Rest,N/A - Prescription Required,Severity is high. Automatic recommendation disabled to ensure safety. Consult a doctor.,0,Coconut water for rehydration.,Applying Colgate/toothpaste on burns (causes infection).
389,Common Cold,Infectious,"Sore throat, Runny nose, Sneezing",7,Specialist Doctor,Moong Dal Khichdi,Cold drinks,Brisk walking,N/A - Prescription Required,Severity is high. Automatic recommendation disabled to ensure safety. Consult a doctor.,0,Saltwater gargles for throat infection.,Putting onions in armpits to reduce fever.
390,Bronchitis,Respiratory,"Shortness of breath, Chest congestion, Persistent cough",5,General Physician,Papaya,Spicy street food,Brisk walking,Paracetamol,Standard OTC Paracetamol for symptomatic relief.,250,Saltwater gargles for throat infection.,Using battery acid for skin patches.
391,Gastritis,Gastrointestinal,"Upper stomach pain, Nausea, Feeling full after small meal, Indigestion",6,Specialist Doctor,Boiled vegetables,Deep-fried pakoras,Light stretching,N/A - Prescription Required,Severity is high. Automatic recommendation disabled to ensure safety. Consult a doctor.,0,Warm turmeric milk (Haldi Doodh) for immunity.,Applying Colgate/toothpaste on burns (causes infection).
392,Anemia,General,"Brittle nails, Pale skin, Extreme fatigue",7,Specialist Doctor,Moong Dal Khichdi,Raw salads (if infectious),Brisk walking,N/A - Prescription Required,Severity is high. Automatic recommendation disabled to ensure safety. Consult a doctor.,0,Warm turmeric milk (Haldi Doodh) for immunity.,Rubbing heavy salt on rashes.
393,Bronchitis,Respiratory,"Persistent cough, Wheezing, Shortness of breath",8,Specialist Doctor,Curd rice,Raw salads (if infectious),Complete Bed Rest,N/A - Prescription Required,Severity is high. Automatic recommendation disabled to ensure safety. Consult a doctor.,0,Warm turmeric milk (Haldi Doodh) for immunity.,Applying Colgate/toothpaste on burns (causes infection).
394,Malaria,Infectious,"Shivering chills, Profuse sweating, Splenomegaly, Cyclical fever",2,General Physician,Curd rice,Raw salads (if infectious),Anulom Vilom,Ibuprofen,Standard OTC Ibuprofen for symptomatic relief.,500,Jeera water for digestion.,Rubbing heavy salt on rashes.
395,Acidity,Gastrointestinal,"Heartburn, Bloating, Sour burps, Burning sensation in chest",4,General Physician,Pomegranate,Excessive caffeine,Brisk walking,Omeprazole,Standard OTC Omeprazole for symptomatic relief.,500,Saltwater gargles for throat infection.,Putting onions in armpits to reduce fever.
396,Vitamin D Deficiency,General,"Muscle weakness, Bone pain, Mood changes, Hair loss",5,General Physician,Boiled vegetables,Deep-fried pakoras,Brisk walking,Omeprazole,Standard OTC Omeprazole for symptomatic relief.,250,Jeera water for digestion.,Applying Colgate/toothpaste on burns (causes infection).
397,Common Cold,Infectious,"Runny nose, Mild fever, Sore throat, Sneezing",1,General Physician,Curd rice,Excessive caffeine,Brisk walking,Ibuprofen,Standard OTC Ibuprofen for symptomatic relief.,250,Ginger and honey tea for sore throat.,Rubbing heavy salt on rashes.
398,Vitamin D Deficiency,General,"Mood changes, Muscle weakness, Hair loss",4,General Physician,Pomegranate,Raw salads (if infectious),Light stretching,ORS,Standard OTC ORS for symptomatic relief.,650,Jeera water for digestion.,Putting oil or ghee on open wounds.
399,Diarrhea,Gastrointestinal,"Abdominal cramps, Dehydration, Urgency, Loose stools",6,Specialist Doctor,Curd rice,Cold drinks,Brisk walking,N/A - Prescription Required,Severity is high. Automatic recommendation disabled to ensure safety. Consult a doctor.,0,Ginger and honey tea for sore throat.,Applying Colgate/toothpaste on burns (causes infection).
400,Acne,Skin,"Blackheads, Oily skin, Pimples, Red bumps",4,General Physician,Papaya,Spicy street food,Complete Bed Rest,Cetirizine,Standard OTC Cetirizine for symptomatic relief.,650,Ginger and honey tea for sore throat.,Rubbing heavy salt on rashes.
401,Sunburn,Skin,"Blisters, Peeling skin, Hot to touch",5,General Physician,Papaya,Cold drinks,Light stretching,Ibuprofen,Standard OTC Ibuprofen for symptomatic relief.,650,Warm turmeric milk (Haldi Doodh) for immunity.,Applying Colgate/toothpaste on burns (causes infection).
402,Allergic Rhinitis,Respiratory,"Puffy eyelids, Watery eyes, Constant sneezing",2,General Physician,Pomegranate,Excessive caffeine,Light stretching,Paracetamol,Standard OTC Paracetamol for symptomatic relief.,250,Ginger and honey tea for sore throat.,Putting onions in armpits to reduce fever.
403,Diarrhea,Gastrointestinal,"Dehydration, Urgency, Abdominal cramps, Loose stools",10,Specialist Doctor,Moong Dal Khichdi,Cold drinks,Complete Bed Rest,N/A - Prescription Required,Severity is high. Automatic recommendation disabled to ensure safety. Consult a doctor.,0,Ginger and honey tea for sore throat.,Rubbing heavy salt on rashes.
404,Gastritis,Gastrointestinal,"Upper stomach pain, Indigestion, Nausea",6,Specialist Doctor,Boiled vegetables,Excessive caffeine,Yoga (Pranayama),N/A - Prescription Required,Severity is high. Automatic recommendation disabled to ensure safety. Consult a doctor.,0,Coconut water for rehydration.,Rubbing heavy salt on rashes.
405,Allergic Rhinitis,Respiratory,"Constant sneezing, Puffy eyelids, Itchy nose",8,Specialist Doctor,Pomegranate,Deep-fried pakoras,Complete Bed Rest,N/A - Prescription Required,Severity is high. Automatic recommendation disabled to ensure safety. Consult a doctor.,0,Ginger and honey tea for sore throat.,Putting oil or ghee on open wounds.
406,Common Cold,Infectious,"Sneezing, Runny nose, Sore throat",4,General Physician,Curd rice,Spicy street food,Brisk walking,Loperamide,Standard OTC Loperamide for symptomatic relief.,250,Warm turmeric milk (Haldi Doodh) for immunity.,Putting oil or ghee on open wounds.
407,Gastritis,Gastrointestinal,"Indigestion, Nausea, Upper stomach pain, Feeling full after small meal",4,General Physician,Papaya,Raw salads (if infectious),Brisk walking,ORS,Standard OTC ORS for symptomatic relief.,650,Saltwater gargles for throat infection.,Rubbing heavy salt on rashes.
408,Vitamin D Deficiency,General,"Muscle weakness, Mood changes, Hair loss, Bone pain",3,General Physician,Moong Dal Khichdi,Raw salads (if infectious),Light stretching,Paracetamol,Standard OTC Paracetamol for symptomatic relief.,500,Jeera water for digestion.,Putting onions in armpits to reduce fever.
409,Diarrhea,Gastrointestinal,"Urgency, Dehydration, Abdominal cramps, Loose stools",3,General Physician,Curd rice,Raw salads (if infectious),Brisk walking,Loperamide,Standard OTC Loperamide for symptomatic relief.,500,Jeera water for digestion.,Putting oil or ghee on open wounds.
410,Sunburn,Skin,"Red painful skin, Blisters, Hot to touch",4,General Physician,Papaya,Deep-fried pakoras,Anulom Vilom,Loperamide,Standard OTC Loperamide for symptomatic relief.,650,Jeera water for digestion.,Putting oil or ghee on open wounds.
411,Sunburn,Skin,"Peeling skin, Blisters, Red painful skin, Hot to touch",10,Specialist Doctor,Papaya,Cold drinks,Complete Bed Rest,N/A - Prescription Required,Severity is high. Automatic recommendation disabled to ensure safety. Consult a doctor.,0,Ginger and honey tea for sore throat.,Putting oil or ghee on open wounds.
412,Anemia,General,"Extreme fatigue, Brittle nails, Pale skin, Cold hands",6,Specialist Doctor,Papaya,Spicy street food,Anulom Vilom,N/A - Prescription Required,Severity is high. Automatic recommendation disabled to ensure safety. Consult a doctor.,0,Warm turmeric milk (Haldi Doodh) for immunity.,Putting onions in armpits to reduce fever.
413,Typhoid,Infectious,"Rose spots, High fever, Coated tongue",6,Specialist Doctor,Moong Dal Khichdi,Deep-fried pakoras,Light stretching,N/A - Prescription Required,Severity is high. Automatic recommendation disabled to ensure safety. Consult a doctor.,0,Ginger and honey tea for sore throat.,Using battery acid for skin patches.
414,Amoebiasis,Gastrointestinal,"Stomach cramps, Tenesmus, Weight loss",3,General Physician,Papaya,Raw salads (if infectious),Light stretching,ORS,Standard OTC ORS for symptomatic relief.,250,Coconut water for rehydration.,Using battery acid for skin patches.
415,Acne,Skin,"Pimples, Oily skin, Blackheads",6,Specialist Doctor,Curd rice,Deep-fried pakoras,Yoga (Pranayama),N/A - Prescription Required,Severity is high. Automatic recommendation disabled to ensure safety. Consult a doctor.,0,Coconut water for rehydration.,Rubbing heavy salt on rashes.
416,Allergic Rhinitis,Respiratory,"Watery eyes, Constant sneezing, Itchy nose, Puffy eyelids",8,Specialist Doctor,Curd rice,Raw salads (if infectious),Complete Bed Rest,N/A - Prescription Required,Severity is high. Automatic recommendation disabled to ensure safety. Consult a doctor.,0,Saltwater gargles for throat infection.,Applying Colgate/toothpaste on burns (causes infection).
417,Anemia,General,"Cold hands, Extreme fatigue, Pale skin, Brittle nails",1,General Physician,Boiled vegetables,Deep-fried pakoras,Light stretching,Cetirizine,Standard OTC Cetirizine for symptomatic relief.,650,Coconut water for rehydration.,Putting oil or ghee on open wounds.
418,Bronchitis,Respiratory,"Chest congestion, Shortness of breath, Wheezing",3,General Physician,Boiled vegetables,Raw salads (if infectious),Brisk walking,ORS,Standard OTC ORS for symptomatic relief.,650,Coconut water for rehydration.,Using battery acid for skin patches.
419,Malaria,Infectious,"Shivering chills, Profuse sweating, Splenomegaly, Cyclical fever",8,Specialist Doctor,Papaya,Raw salads (if infectious),Complete Bed Rest,N/A - Prescription Required,Severity is high. Automatic recommendation disabled to ensure safety. Consult a doctor.,0,Warm turmeric milk (Haldi Doodh) for immunity.,Using battery acid for skin patches.
420,Sinusitis,Respiratory,"Headache, Facial pressure, Thick yellow mucus",10,Specialist Doctor,Boiled vegetables,Excessive caffeine,Light stretching,N/A - Prescription Required,Severity is high. Automatic recommendation disabled to ensure safety. Consult a doctor.,0,Saltwater gargles for throat infection.,Applying Colgate/toothpaste on burns (causes infection).
421,Vitamin D Deficiency,General,"Mood changes, Muscle weakness, Hair loss, Bone pain",9,Specialist Doctor,Pomegranate,Spicy street food,Anulom Vilom,N/A - Prescription Required,Severity is high. Automatic recommendation disabled to ensure safety. Consult a doctor.,0,Ginger and honey tea for sore throat.,Rubbing heavy salt on rashes.
422,Vitamin D Deficiency,General,"Hair loss, Bone pain, Mood changes",4,General Physician,Curd rice,Deep-fried pakoras,Light stretching,Paracetamol,Standard OTC Paracetamol for symptomatic relief.,650,Saltwater gargles for throat infection.,Applying Colgate/toothpaste on burns (causes infection).
423,Acidity,Gastrointestinal,"Sour burps, Heartburn, Bloating",7,Specialist Doctor,Papaya,Raw salads (if infectious),Yoga (Pranayama),N/A - Prescription Required,Severity is high. Automatic recommendation disabled to ensure safety. Consult a doctor.,0,Saltwater gargles for throat infection.,Putting onions in armpits to reduce fever.
424,Vitamin D Deficiency,General,"Mood changes, Bone pain, Hair loss, Muscle weakness",5,General Physician,Boiled vegetables,Excessive caffeine,Brisk walking,ORS,Standard OTC ORS for symptomatic relief.,500,Jeera water for digestion.,Applying Colgate/toothpaste on burns (causes infection).
425,Fungal Infection,Skin,"Discolored nails, Ring-shaped rash, Itching between toes, Scaly skin",4,General Physician,Curd rice,Raw salads (if infectious),Brisk walking,Loperamide,Standard OTC Loperamide for symptomatic relief.,650,Warm turmeric milk (Haldi Doodh) for immunity.,Using battery acid for skin patches.
426,Diarrhea,Gastrointestinal,"Dehydration, Abdominal cramps, Loose stools, Urgency",6,Specialist Doctor,Pomegranate,Raw salads (if infectious),Brisk walking,N/A - Prescription Required,Severity is high. Automatic recommendation disabled to ensure safety. Consult a doctor.,0,Ginger and honey tea for sore throat.,Putting onions in armpits to reduce fever.
427,Bronchitis,Respiratory,"Persistent cough, Wheezing, Shortness of breath",10,Specialist Doctor,Boiled vegetables,Cold drinks,Light stretching,N/A - Prescription Required,Severity is high. Automatic recommendation disabled to ensure safety. Consult a doctor.,0,Warm turmeric milk (Haldi Doodh) for immunity.,Putting onions in armpits to reduce fever.
428,Acne,Skin,"Blackheads, Red bumps, Pimples, Oily skin",9,Specialist Doctor,Pomegranate,Excessive caffeine,Light stretching,N/A - Prescription Required,Severity is high. Automatic recommendation disabled to ensure safety. Consult a doctor.,0,Coconut water for rehydration.,Rubbing heavy salt on rashes.
429,Diarrhea,Gastrointestinal,"Loose stools, Dehydration, Urgency, Abdominal cramps",6,Specialist Doctor,Curd rice,Raw salads (if infectious),Yoga (Pranayama),N/A - Prescription Required,Severity is high. Automatic recommendation disabled to ensure safety. Consult a doctor.,0,Ginger and honey tea for sore throat.,Putting oil or ghee on open wounds.
430,Acne,Skin,"Red bumps, Pimples, Oily skin, Blackheads",9,Specialist Doctor,Curd rice,Deep-fried pakoras,Yoga (Pranayama),N/A - Prescription Required,Severity is high. Automatic recommendation disabled to ensure safety. Consult a doctor.,0,Ginger and honey tea for sore throat.,Putting oil or ghee on open wounds.
431,Vitamin D Deficiency,General,"Mood changes, Bone pain, Hair loss, Muscle weakness",6,Specialist Doctor,Pomegranate,Cold drinks,Complete Bed Rest,N/A - Prescription Required,Severity is high. Automatic recommendation disabled to ensure safety. Consult a doctor.,0,Saltwater gargles for throat infection.,Rubbing heavy salt on rashes.
432,Dengue,Infectious,"Retro-orbital pain, High fever, Bleeding gums, Joint pain",4,General Physician,Papaya,Excessive caffeine,Complete Bed Rest,ORS,Standard OTC ORS for symptomatic relief.,250,Coconut water for rehydration.,Applying Colgate/toothpaste on burns (causes infection).
433,Allergic Rhinitis,Respiratory,"Puffy eyelids, Watery eyes, Constant sneezing",3,General Physician,Curd rice,Spicy street food,Light stretching,Omeprazole,Standard OTC Omeprazole for symptomatic relief.,650,Ginger and honey tea for sore throat.,Putting onions in armpits to reduce fever.
434,Acne,Skin,"Pimples, Oily skin, Red bumps, Blackheads",5,General Physician,Moong Dal Khichdi,Excessive caffeine,Light stretching,Cetirizine,Standard OTC Cetirizine for symptomatic relief.,650,Saltwater gargles for throat infection.,Putting oil or ghee on open wounds.
435,Bronchitis,Respiratory,"Wheezing, Shortness of breath, Chest congestion",5,General Physician,Pomegranate,Cold drinks,Brisk walking,Cetirizine,Standard OTC Cetirizine for symptomatic relief.,250,Saltwater gargles for throat infection.,Putting oil or ghee on open wounds.
436,Acne,Skin,"Pimples, Red bumps, Oily skin",6,Specialist Doctor,Pomegranate,Cold drinks,Light stretching,N/A - Prescription Required,Severity is high. Automatic recommendation disabled to ensure safety. Consult a doctor.,0,Coconut water for rehydration.,Putting oil or ghee on open wounds.
437,Asthma,Respiratory,"Wheezing sounds, Difficulty breathing, Night cough, Chest tightness",5,General Physician,Curd rice,Spicy street food,Complete Bed Rest,Loperamide,Standard OTC Loperamide for symptomatic relief.,250,Jeera water for digestion.,Using battery acid for skin patches.
438,Bronchitis,Respiratory,"Shortness of breath, Persistent cough, Chest congestion",8,Specialist Doctor,Papaya,Spicy street food,Complete Bed Rest,N/A - Prescription Required,Severity is high. Automatic recommendation disabled to ensure safety. Consult a doctor.,0,Saltwater gargles for throat infection.,Using battery acid for skin patches.
439,Chickenpox,Infectious,"Loss of appetite, Intense itching, Fluid-filled blisters",1,General Physician,Curd rice,Excessive caffeine,Light stretching,Omeprazole,Standard OTC Omeprazole for symptomatic relief.,650,Warm turmeric milk (Haldi Doodh) for immunity.,Using battery acid for skin patches.
440,Dehydration,General,"Dry mouth, Dizziness, Dark urine, Extreme thirst",5,General Physician,Curd rice,Excessive caffeine,Light stretching,Paracetamol,Standard OTC Paracetamol for symptomatic relief.,650,Warm turmeric milk (Haldi Doodh) for immunity.,Putting onions in armpits to reduce fever.
441,Sunburn,Skin,"Hot to touch, Peeling skin, Red painful skin, Blisters",1,General Physician,Pomegranate,Raw salads (if infectious),Anulom Vilom,Cetirizine,Standard OTC Cetirizine for symptomatic relief.,250,Coconut water for rehydration.,Using battery acid for skin patches.
442,Bronchitis,Respiratory,"Chest congestion, Wheezing, Persistent cough",2,General Physician,Moong Dal Khichdi,Cold drinks,Anulom Vilom,Paracetamol,Standard OTC Paracetamol for symptomatic relief.,650,Jeera water for digestion.,Applying Colgate/toothpaste on burns (causes infection).
443,Food Poisoning,Gastrointestinal,"Diarrhea, Projectile vomiting, Fever",2,General Physician,Curd rice,Raw salads (if infectious),Complete Bed Rest,Ibuprofen,Standard OTC Ibuprofen for symptomatic relief.,500,Ginger and honey tea for sore throat.,Using battery acid for skin patches.
444,Anemia,General,"Cold hands, Brittle nails, Pale skin, Extreme fatigue",6,Specialist Doctor,Moong Dal Khichdi,Deep-fried pakoras,Light stretching,N/A - Prescription Required,Severity is high. Automatic recommendation disabled to ensure safety. Consult a doctor.,0,Saltwater gargles for throat infection.,Putting oil or ghee on open wounds.
445,Asthma,Respiratory,"Difficulty breathing, Wheezing sounds, Chest tightness",2,General Physician,Boiled vegetables,Cold drinks,Brisk walking,Paracetamol,Standard OTC Paracetamol for symptomatic relief.,250,Jeera water for digestion.,Applying Colgate/toothpaste on burns (causes infection).
446,Common Cold,Infectious,"Sore throat, Sneezing, Runny nose",3,General Physician,Papaya,Spicy street food,Yoga (Pranayama),Ibuprofen,Standard OTC Ibuprofen for symptomatic relief.,500,Jeera water for digestion.,Putting oil or ghee on open wounds.
447,Dehydration,General,"Dry mouth, Extreme thirst, Dark urine",9,Specialist Doctor,Curd rice,Cold drinks,Complete Bed Rest,N/A - Prescription Required,Severity is high. Automatic recommendation disabled to ensure safety. Consult a doctor.,0,Saltwater gargles for throat infection.,Using battery acid for skin patches.
448,Chickenpox,Infectious,"Fluid-filled blisters, Fever, Loss of appetite",1,General Physician,Papaya,Cold drinks,Light stretching,Paracetamol,Standard OTC Paracetamol for symptomatic relief.,500,Ginger and honey tea for sore throat.,Putting onions in armpits to reduce fever.
449,Diarrhea,Gastrointestinal,"Loose stools, Urgency, Abdominal cramps, Dehydration",5,General Physician,Moong Dal Khichdi,Cold drinks,Light stretching,Omeprazole,Standard OTC Omeprazole for symptomatic relief.,500,Saltwater gargles for throat infection.,Putting onions in armpits to reduce fever.
450,Fungal Infection,Skin,"Scaly skin, Discolored nails, Itching between toes",5,General Physician,Curd rice,Spicy street food,Anulom Vilom,ORS,Standard OTC ORS for symptomatic relief.,650,Coconut water for rehydration.,Using battery acid for skin patches.
451,Asthma,Respiratory,"Difficulty breathing, Night cough, Chest tightness, Wheezing sounds",10,Specialist Doctor,Curd rice,Spicy street food,Brisk walking,N/A - Prescription Required,Severity is high. Automatic recommendation disabled to ensure safety. Consult a doctor.,0,Coconut water for rehydration.,Putting oil or ghee on open wounds.
452,Sinusitis,Respiratory,"Stuffed nose, Thick yellow mucus, Facial pressure",2,General Physician,Papaya,Spicy street food,Light stretching,Omeprazole,Standard OTC Omeprazole for symptomatic relief.,250,Coconut water for rehydration.,Putting onions in armpits to reduce fever.
453,Influenza,Infectious,"Dry cough, Chills, Severe body ache, High fever",6,Specialist Doctor,Moong Dal Khichdi,Excessive caffeine,Yoga (Pranayama),N/A - Prescription Required,Severity is high. Automatic recommendation disabled to ensure safety. Consult a doctor.,0,Saltwater gargles for throat infection.,Putting oil or ghee on open wounds.
454,Influenza,Infectious,"Severe body ache, High fever, Chills, Dry cough",9,Specialist Doctor,Moong Dal Khichdi,Cold drinks,Yoga (Pranayama),N/A - Prescription Required,Severity is high. Automatic recommendation disabled to ensure safety. Consult a doctor.,0,Jeera water for digestion.,Applying Colgate/toothpaste on burns (causes infection).
455,Bronchitis,Respiratory,"Persistent cough, Wheezing, Chest congestion, Shortness of breath",9,Specialist Doctor,Pomegranate,Excessive caffeine,Light stretching,N/A - Prescription Required,Severity is high. Automatic recommendation disabled to ensure safety. Consult a doctor.,0,Saltwater gargles for throat infection.,Rubbing heavy salt on rashes.
456,Dehydration,General,"Dark urine, Dry mouth, Extreme thirst",6,Specialist Doctor,Papaya,Spicy street food,Anulom Vilom,N/A - Prescription Required,Severity is high. Automatic recommendation disabled to ensure safety. Consult a doctor.,0,Ginger and honey tea for sore throat.,Putting onions in armpits to reduce fever.
457,Fungal Infection,Skin,"Scaly skin, Ring-shaped rash, Discolored nails",1,General Physician,Moong Dal Khichdi,Deep-fried pakoras,Yoga (Pranayama),Ibuprofen,Standard OTC Ibuprofen for symptomatic relief.,650,Coconut water for rehydration.,Using battery acid for skin patches.
458,Heat Stroke,General,"No sweating, Rapid pulse, Confusion",10,Specialist Doctor,Curd rice,Excessive caffeine,Yoga (Pranayama),N/A - Prescription Required,Severity is high. Automatic recommendation disabled to ensure safety. Consult a doctor.,0,Ginger and honey tea for sore throat.,Applying Colgate/toothpaste on burns (causes infection).
459,Eczema,Skin,"Itchy patches, Cracked skin, Dry skin, Red inflammation",6,Specialist Doctor,Papaya,Cold drinks,Yoga (Pranayama),N/A - Prescription Required,Severity is high. Automatic recommendation disabled to ensure safety. Consult a doctor.,0,Saltwater gargles for throat infection.,Putting oil or ghee on open wounds.
460,Gastritis,Gastrointestinal,"Feeling full after small meal, Nausea, Indigestion",4,General Physician,Papaya,Excessive caffeine,Anulom Vilom,Paracetamol,Standard OTC Paracetamol for symptomatic relief.,500,Ginger and honey tea for sore throat.,Applying Colgate/toothpaste on burns (causes infection).
461,Bronchitis,Respiratory,"Chest congestion, Persistent cough, Shortness of breath, Wheezing",5,General Physician,Papaya,Spicy street food,Complete Bed Rest,Paracetamol,Standard OTC Paracetamol for symptomatic relief.,250,Warm turmeric milk (Haldi Doodh) for immunity.,Using battery acid for skin patches.
462,Heat Stroke,General,"No sweating, Body temp above 104F, Confusion",4,General Physician,Moong Dal Khichdi,Cold drinks,Yoga (Pranayama),Ibuprofen,Standard OTC Ibuprofen for symptomatic relief.,500,Jeera water for digestion.,Rubbing heavy salt on rashes.
463,Sunburn,Skin,"Blisters, Peeling skin, Hot to touch, Red painful skin",7,Specialist Doctor,Boiled vegetables,Raw salads (if infectious),Anulom Vilom,N/A - Prescription Required,Severity is high. Automatic recommendation disabled to ensure safety. Consult a doctor.,0,Jeera water for digestion.,Putting onions in armpits to reduce fever.
464,Common Cold,Infectious,"Mild fever, Runny nose, Sore throat",3,General Physician,Moong Dal Khichdi,Spicy street food,Brisk walking,Ibuprofen,Standard OTC Ibuprofen for symptomatic relief.,250,Saltwater gargles for throat infection.,Putting oil or ghee on open wounds.
465,Acne,Skin,"Blackheads, Red bumps, Oily skin, Pimples",9,Specialist Doctor,Boiled vegetables,Raw salads (if infectious),Brisk walking,N/A - Prescription Required,Severity is high. Automatic recommendation disabled to ensure safety. Consult a doctor.,0,Coconut water for rehydration.,Putting oil or ghee on open wounds.
466,Heat Rash,Skin,"Small red bumps, Mild swelling, Itching in sweat areas",3,General Physician,Boiled vegetables,Deep-fried pakoras,Brisk walking,Paracetamol,Standard OTC Paracetamol for symptomatic relief.,250,Jeera water for digestion.,Putting oil or ghee on open wounds.
467,Vitamin D Deficiency,General,"Hair loss, Muscle weakness, Bone pain",10,Specialist Doctor,Papaya,Cold drinks,Complete Bed Rest,N/A - Prescription Required,Severity is high. Automatic recommendation disabled to ensure safety. Consult a doctor.,0,Saltwater gargles for throat infection.,Rubbing heavy salt on rashes.
468,Dengue,Infectious,"High fever, Joint pain, Bleeding gums, Retro-orbital pain",6,Specialist Doctor,Boiled vegetables,Deep-fried pakoras,Complete Bed Rest,N/A - Prescription Required,Severity is high. Automatic recommendation disabled to ensure safety. Consult a doctor.,0,Saltwater gargles for throat infection.,Putting onions in armpits to reduce fever.
469,Diarrhea,Gastrointestinal,"Abdominal cramps, Urgency, Loose stools, Dehydration",8,Specialist Doctor,Moong Dal Khichdi,Deep-fried pakoras,Anulom Vilom,N/A - Prescription Required,Severity is high. Automatic recommendation disabled to ensure safety. Consult a doctor.,0,Ginger and honey tea for sore throat.,Applying Colgate/toothpaste on burns (causes infection).
470,Vitamin D Deficiency,General,"Mood changes, Muscle weakness, Bone pain",1,General Physician,Curd rice,Excessive caffeine,Light stretching,Loperamide,Standard OTC Loperamide for symptomatic relief.,500,Warm turmeric milk (Haldi Doodh) for immunity.,Using battery acid for skin patches.
471,Sinusitis,Respiratory,"Facial pressure, Stuffed nose, Headache",4,General Physician,Pomegranate,Deep-fried pakoras,Complete Bed Rest,Omeprazole,Standard OTC Omeprazole for symptomatic relief.,250,Saltwater gargles for throat infection.,Putting oil or ghee on open wounds.
472,Sinusitis,Respiratory,"Facial pressure, Thick yellow mucus, Stuffed nose, Headache",3,General Physician,Moong Dal Khichdi,Raw salads (if infectious),Yoga (Pranayama),Cetirizine,Standard OTC Cetirizine for symptomatic relief.,650,Coconut water for rehydration.,Using battery acid for skin patches.
473,Diarrhea,Gastrointestinal,"Loose stools, Urgency, Dehydration, Abdominal cramps",3,General Physician,Curd rice,Raw salads (if infectious),Yoga (Pranayama),Loperamide,Standard OTC Loperamide for symptomatic relief.,250,Ginger and honey tea for sore throat.,Putting oil or ghee on open wounds.
474,Fungal Infection,Skin,"Scaly skin, Itching between toes, Discolored nails, Ring-shaped rash",5,General Physician,Moong Dal Khichdi,Cold drinks,Complete Bed Rest,Omeprazole,Standard OTC Omeprazole for symptomatic relief.,650,Warm turmeric milk (Haldi Doodh) for immunity.,Rubbing heavy salt on rashes.
475,Anemia,General,"Brittle nails, Pale skin, Cold hands, Extreme fatigue",9,Specialist Doctor,Boiled vegetables,Spicy street food,Brisk walking,N/A - Prescription Required,Severity is high. Automatic recommendation disabled to ensure safety. Consult a doctor.,0,Jeera water for digestion.,Putting onions in armpits to reduce fever.
476,Dehydration,General,"Dry mouth, Dizziness, Extreme thirst",9,Specialist Doctor,Pomegranate,Spicy street food,Brisk walking,N/A - Prescription Required,Severity is high. Automatic recommendation disabled to ensure safety. Consult a doctor.,0,Warm turmeric milk (Haldi Doodh) for immunity.,Putting oil or ghee on open wounds.
477,Dehydration,General,"Extreme thirst, Dizziness, Dry mouth, Dark urine",2,General Physician,Pomegranate,Spicy street food,Light stretching,Paracetamol,Standard OTC Paracetamol for symptomatic relief.,500,Coconut water for rehydration.,Rubbing heavy salt on rashes.
478,Amoebiasis,Gastrointestinal,"Tenesmus, Bloody stools, Weight loss",3,General Physician,Boiled vegetables,Raw salads (if infectious),Anulom Vilom,Paracetamol,Standard OTC Paracetamol for symptomatic relief.,500,Saltwater gargles for throat infection.,Rubbing heavy salt on rashes.
479,Sunburn,Skin,"Peeling skin, Blisters, Hot to touch",5,General Physician,Pomegranate,Excessive caffeine,Anulom Vilom,Omeprazole,Standard OTC Omeprazole for symptomatic relief.,250,Saltwater gargles for throat infection.,Rubbing heavy salt on rashes.
480,Malaria,Infectious,"Cyclical fever, Shivering chills, Splenomegaly, Profuse sweating",10,Specialist Doctor,Pomegranate,Cold drinks,Anulom Vilom,N/A - Prescription Required,Severity is high. Automatic recommendation disabled to ensure safety. Consult a doctor.,0,Warm turmeric milk (Haldi Doodh) for immunity.,Putting oil or ghee on open wounds.
481,Amoebiasis,Gastrointestinal,"Weight loss, Stomach cramps, Tenesmus",1,General Physician,Papaya,Raw salads (if infectious),Light stretching,Cetirizine,Standard OTC Cetirizine for symptomatic relief.,250,Ginger and honey tea for sore throat.,Applying Colgate/toothpaste on burns (causes infection).
482,Food Poisoning,Gastrointestinal,"Abdominal cramps, Diarrhea, Projectile vomiting, Fever",6,Specialist Doctor,Boiled vegetables,Cold drinks,Yoga (Pranayama),N/A - Prescription Required,Severity is high. Automatic recommendation disabled to ensure safety. Consult a doctor.,0,Ginger and honey tea for sore throat.,Using battery acid for skin patches.
483,Common Cold,Infectious,"Mild fever, Runny nose, Sneezing",9,Specialist Doctor,Curd rice,Excessive caffeine,Yoga (Pranayama),N/A - Prescription Required,Severity is high. Automatic recommendation disabled to ensure safety. Consult a doctor.,0,Warm turmeric milk (Haldi Doodh) for immunity.,Applying Colgate/toothpaste on burns (causes infection).
484,Diarrhea,Gastrointestinal,"Dehydration, Urgency, Loose stools",6,Specialist Doctor,Moong Dal Khichdi,Spicy street food,Light stretching,N/A - Prescription Required,Severity is high. Automatic recommendation disabled to ensure safety. Consult a doctor.,0,Ginger and honey tea for sore throat.,Putting oil or ghee on open wounds.
485,Dehydration,General,"Dizziness, Dark urine, Dry mouth",8,Specialist Doctor,Pomegranate,Raw salads (if infectious),Complete Bed Rest,N/A - Prescription Required,Severity is high. Automatic recommendation disabled to ensure safety. Consult a doctor.,0,Saltwater gargles for throat infection.,Applying Colgate/toothpaste on burns (causes infection).
486,Typhoid,Infectious,"Coated tongue, High fever, Stomach pain",2,General Physician,Moong Dal Khichdi,Spicy street food,Yoga (Pranayama),Paracetamol,Standard OTC Paracetamol for symptomatic relief.,250,Coconut water for rehydration.,Putting oil or ghee on open wounds.
487,Food Poisoning,Gastrointestinal,"Projectile vomiting, Fever, Abdominal cramps",4,General Physician,Moong Dal Khichdi,Raw salads (if infectious),Yoga (Pranayama),Omeprazole,Standard OTC Omeprazole for symptomatic relief.,500,Warm turmeric milk (Haldi Doodh) for immunity.,Applying Colgate/toothpaste on burns (causes infection).
488,Fungal Infection,Skin,"Scaly skin, Itching between toes, Ring-shaped rash, Discolored nails",2,General Physician,Boiled vegetables,Spicy street food,Complete Bed Rest,Omeprazole,Standard OTC Omeprazole for symptomatic relief.,650,Ginger and honey tea for sore throat.,Rubbing heavy salt on rashes.
489,Bronchitis,Respiratory,"Persistent cough, Wheezing, Shortness of breath, Chest congestion",8,Specialist Doctor,Papaya,Excessive caffeine,Anulom Vilom,N/A - Prescription Required,Severity is high. Automatic recommendation disabled to ensure safety. Consult a doctor.,0,Warm turmeric milk (Haldi Doodh) for immunity.,Applying Colgate/toothpaste on burns (causes infection).
490,Vitamin D Deficiency,General,"Mood changes, Bone pain, Hair loss",1,General Physician,Papaya,Excessive caffeine,Yoga (Pranayama),ORS,Standard OTC ORS for symptomatic relief.,650,Saltwater gargles for throat infection.,Rubbing heavy salt on rashes.
491,Typhoid,Infectious,"Coated tongue, High fever, Rose spots",5,General Physician,Moong Dal Khichdi,Deep-fried pakoras,Anulom Vilom,ORS,Standard OTC ORS for symptomatic relief.,650,Warm turmeric milk (Haldi Doodh) for immunity.,Using battery acid for skin patches.
492,Bronchitis,Respiratory,"Persistent cough, Chest congestion, Wheezing",1,General Physician,Papaya,Deep-fried pakoras,Light stretching,Ibuprofen,Standard OTC Ibuprofen for symptomatic relief.,500,Coconut water for rehydration.,Applying Colgate/toothpaste on burns (causes infection).
493,Acne,Skin,"Oily skin, Red bumps, Pimples",1,General Physician,Boiled vegetables,Deep-fried pakoras,Brisk walking,Ibuprofen,Standard OTC Ibuprofen for symptomatic relief.,650,Warm turmeric milk (Haldi Doodh) for immunity.,Putting onions in armpits to reduce fever.
494,Dengue,Infectious,"Retro-orbital pain, Joint pain, Bleeding gums",1,General Physician,Pomegranate,Deep-fried pakoras,Light stretching,Paracetamol,Standard OTC Paracetamol for symptomatic relief.,500,Coconut water for rehydration.,Applying Colgate/toothpaste on burns (causes infection).
495,Chickenpox,Infectious,"Fever, Intense itching, Fluid-filled blisters, Loss of appetite",9,Specialist Doctor,Papaya,Raw salads (if infectious),Light stretching,N/A - Prescription Required,Severity is high. Automatic recommendation disabled to ensure safety. Consult a doctor.,0,Warm turmeric milk (Haldi Doodh) for immunity.,Putting onions in armpits to reduce fever.
496,Allergic Rhinitis,Respiratory,"Itchy nose, Constant sneezing, Puffy eyelids",3,General Physician,Curd rice,Excessive caffeine,Light stretching,Ibuprofen,Standard OTC Ibuprofen for symptomatic relief.,250,Saltwater gargles for throat infection.,Using battery acid for skin patches.
497,Vitamin D Deficiency,General,"Hair loss, Bone pain, Muscle weakness, Mood changes",7,Specialist Doctor,Curd rice,Deep-fried pakoras,Anulom Vilom,N/A - Prescription Required,Severity is high. Automatic recommendation disabled to ensure safety. Consult a doctor.,0,Coconut water for rehydration.,Putting oil or ghee on open wounds.
498,Anemia,General,"Pale skin, Extreme fatigue, Brittle nails, Cold hands",9,Specialist Doctor,Pomegranate,Deep-fried pakoras,Complete Bed Rest,N/A - Prescription Required,Severity is high. Automatic recommendation disabled to ensure safety. Consult a doctor.,0,Jeera water for digestion.,Rubbing heavy salt on rashes.
499,Sunburn,Skin,"Red painful skin, Peeling skin, Hot to touch",1,General Physician,Boiled vegetables,Deep-fried pakoras,Light stretching,ORS,Standard OTC ORS for symptomatic relief.,500,Ginger and honey tea for sore throat.,Putting oil or ghee on open wounds.
500,Eczema,Skin,"Cracked skin, Dry skin, Red inflammation",2,General Physician,Boiled vegetables,Excessive caffeine,Brisk walking,Loperamide,Standard OTC Loperamide for symptomatic relief.,250,Coconut water for rehydration.,Putting onions in armpits to reduce fever.
501,Sunburn,Skin,"Red painful skin, Peeling skin, Blisters, Hot to touch",1,General Physician,Boiled vegetables,Spicy street food,Complete Bed Rest,Paracetamol,Standard OTC Paracetamol for symptomatic relief.,250,Ginger and honey tea for sore throat.,Putting onions in armpits to reduce fever.
502,Dehydration,General,"Dry mouth, Dark urine, Extreme thirst",8,Specialist Doctor,Moong Dal Khichdi,Excessive caffeine,Anulom Vilom,N/A - Prescription Required,Severity is high. Automatic recommendation disabled to ensure safety. Consult a doctor.,0,Jeera water for digestion.,Putting onions in armpits to reduce fever.
503,Fungal Infection,Skin,"Itching between toes, Ring-shaped rash, Discolored nails, Scaly skin",1,General Physician,Papaya,Raw salads (if infectious),Light stretching,Loperamide,Standard OTC Loperamide for symptomatic relief.,250,Coconut water for rehydration.,Putting oil or ghee on open wounds.
504,Allergic Rhinitis,Respiratory,"Puffy eyelids, Itchy nose, Constant sneezing, Watery eyes",1,General Physician,Boiled vegetables,Raw salads (if infectious),Anulom Vilom,ORS,Standard OTC ORS for symptomatic relief.,500,Ginger and honey tea for sore throat.,Putting onions in armpits to reduce fever.
505,Diarrhea,Gastrointestinal,"Loose stools, Urgency, Dehydration",10,Specialist Doctor,Boiled vegetables,Raw salads (if infectious),Complete Bed Rest,N/A - Prescription Required,Severity is high. Automatic recommendation disabled to ensure safety. Consult a doctor.,0,Warm turmeric milk (Haldi Doodh) for immunity.,Applying Colgate/toothpaste on burns (causes infection).
506,Allergic Rhinitis,Respiratory,"Puffy eyelids, Itchy nose, Constant sneezing, Watery eyes",5,General Physician,Boiled vegetables,Deep-fried pakoras,Brisk walking,ORS,Standard OTC ORS for symptomatic relief.,500,Coconut water for rehydration.,Putting onions in armpits to reduce fever.
507,Amoebiasis,Gastrointestinal,"Bloody stools, Stomach cramps, Weight loss",6,Specialist Doctor,Moong Dal Khichdi,Spicy street food,Anulom Vilom,N/A - Prescription Required,Severity is high. Automatic recommendation disabled to ensure safety. Consult a doctor.,0,Warm turmeric milk (Haldi Doodh) for immunity.,Rubbing heavy salt on rashes.
508,Heat Stroke,General,"No sweating, Confusion, Rapid pulse, Body temp above 104F",7,Specialist Doctor,Curd rice,Cold drinks,Light stretching,N/A - Prescription Required,Severity is high. Automatic recommendation disabled to ensure safety. Consult a doctor.,0,Ginger and honey tea for sore throat.,Applying Colgate/toothpaste on burns (causes infection).
509,Amoebiasis,Gastrointestinal,"Weight loss, Tenesmus, Bloody stools, Stomach cramps",5,General Physician,Pomegranate,Spicy street food,Complete Bed Rest,ORS,Standard OTC ORS for symptomatic relief.,500,Coconut water for rehydration.,Putting onions in armpits to reduce fever.
510,Acne,Skin,"Red bumps, Oily skin, Pimples, Blackheads",6,Specialist Doctor,Moong Dal Khichdi,Cold drinks,Brisk walking,N/A - Prescription Required,Severity is high. Automatic recommendation disabled to ensure safety. Consult a doctor.,0,Jeera water for digestion.,Using battery acid for skin patches.
511,Chickenpox,Infectious,"Fever, Intense itching, Fluid-filled blisters, Loss of appetite",10,Specialist Doctor,Papaya,Raw salads (if infectious),Light stretching,N/A - Prescription Required,Severity is high. Automatic recommendation disabled to ensure safety. Consult a doctor.,0,Saltwater gargles for throat infection.,Using battery acid for skin patches.
512,Sunburn,Skin,"Red painful skin, Peeling skin, Hot to touch",2,General Physician,Papaya,Raw salads (if infectious),Anulom Vilom,Cetirizine,Standard OTC Cetirizine for symptomatic relief.,650,Ginger and honey tea for sore throat.,Putting oil or ghee on open wounds.
513,Bronchitis,Respiratory,"Wheezing, Chest congestion, Shortness of breath",10,Specialist Doctor,Curd rice,Raw salads (if infectious),Light stretching,N/A - Prescription Required,Severity is high. Automatic recommendation disabled to ensure safety. Consult a doctor.,0,Ginger and honey tea for sore throat.,Rubbing heavy salt on rashes.
514,Common Cold,Infectious,"Sore throat, Mild fever, Runny nose, Sneezing",6,Specialist Doctor,Papaya,Cold drinks,Yoga (Pranayama),N/A - Prescription Required,Severity is high. Automatic recommendation disabled to ensure safety. Consult a doctor.,0,Saltwater gargles for throat infection.,Applying Colgate/toothpaste on burns (causes infection).
515,Acne,Skin,"Blackheads, Pimples, Red bumps, Oily skin",1,General Physician,Boiled vegetables,Raw salads (if infectious),Anulom Vilom,Omeprazole,Standard OTC Omeprazole for symptomatic relief.,650,Jeera water for digestion.,Putting oil or ghee on open wounds.
516,Heat Stroke,General,"Confusion, Rapid pulse, Body temp above 104F, No sweating",8,Specialist Doctor,Curd rice,Spicy street food,Brisk walking,N/A - Prescription Required,Severity is high. Automatic recommendation disabled to ensure safety. Consult a doctor.,0,Saltwater gargles for throat infection.,Putting onions in armpits to reduce fever.
517,Heat Rash,Skin,"Mild swelling, Prickly heat, Small red bumps",3,General Physician,Pomegranate,Excessive caffeine,Light stretching,ORS,Standard OTC ORS for symptomatic relief.,650,Saltwater gargles for throat infection.,Using battery acid for skin patches.
518,Bronchitis,Respiratory,"Shortness of breath, Wheezing, Persistent cough",2,General Physician,Moong Dal Khichdi,Deep-fried pakoras,Brisk walking,Ibuprofen,Standard OTC Ibuprofen for symptomatic relief.,250,Ginger and honey tea for sore throat.,Applying Colgate/toothpaste on burns (causes infection).
519,Common Cold,Infectious,"Sneezing, Sore throat, Mild fever, Runny nose",3,General Physician,Moong Dal Khichdi,Raw salads (if infectious),Light stretching,Loperamide,Standard OTC Loperamide for symptomatic relief.,250,Saltwater gargles for throat infection.,Using battery acid for skin patches.
520,Gastritis,Gastrointestinal,"Nausea, Indigestion, Upper stomach pain, Feeling full after small meal",3,General Physician,Papaya,Cold drinks,Light stretching,ORS,Standard OTC ORS for symptomatic relief.,250,Coconut water for rehydration.,Rubbing heavy salt on rashes.
521,Chickenpox,Infectious,"Fluid-filled blisters, Fever, Loss of appetite, Intense itching",2,General Physician,Moong Dal Khichdi,Spicy street food,Light stretching,Omeprazole,Standard OTC Omeprazole for symptomatic relief.,650,Saltwater gargles for throat infection.,Putting onions in armpits to reduce fever.
522,Vitamin D Deficiency,General,"Mood changes, Muscle weakness, Bone pain, Hair loss",1,General Physician,Papaya,Cold drinks,Yoga (Pranayama),Paracetamol,Standard OTC Paracetamol for symptomatic relief.,650,Jeera water for digestion.,Using battery acid for skin patches.
523,Typhoid,Infectious,"High fever, Rose spots, Coated tongue, Stomach pain",1,General Physician,Boiled vegetables,Spicy street food,Brisk walking,Omeprazole,Standard OTC Omeprazole for symptomatic relief.,500,Coconut water for rehydration.,Rubbing heavy salt on rashes.
524,Anemia,General,"Pale skin, Extreme fatigue, Brittle nails, Cold hands",2,General Physician,Pomegranate,Excessive caffeine,Anulom Vilom,Cetirizine,Standard OTC Cetirizine for symptomatic relief.,250,Ginger and honey tea for sore throat.,Putting oil or ghee on open wounds.
525,Asthma,Respiratory,"Wheezing sounds, Night cough, Chest tightness",9,Specialist Doctor,Curd rice,Excessive caffeine,Brisk walking,N/A - Prescription Required,Severity is high. Automatic recommendation disabled to ensure safety. Consult a doctor.,0,Saltwater gargles for throat infection.,Applying Colgate/toothpaste on burns (causes infection).
526,Fungal Infection,Skin,"Itching between toes, Ring-shaped rash, Discolored nails",5,General Physician,Pomegranate,Cold drinks,Brisk walking,Paracetamol,Standard OTC Paracetamol for symptomatic relief.,250,Saltwater gargles for throat infection.,Using battery acid for skin patches.
527,Eczema,Skin,"Cracked skin, Dry skin, Red inflammation, Itchy patches",7,Specialist Doctor,Moong Dal Khichdi,Raw salads (if infectious),Anulom Vilom,N/A - Prescription Required,Severity is high. Automatic recommendation disabled to ensure safety. Consult a doctor.,0,Jeera water for digestion.,Using battery acid for skin patches.
528,Asthma,Respiratory,"Difficulty breathing, Wheezing sounds, Night cough",9,Specialist Doctor,Boiled vegetables,Raw salads (if infectious),Brisk walking,N/A - Prescription Required,Severity is high. Automatic recommendation disabled to ensure safety. Consult a doctor.,0,Coconut water for rehydration.,Putting oil or ghee on open wounds.
529,Amoebiasis,Gastrointestinal,"Bloody stools, Stomach cramps, Tenesmus",9,Specialist Doctor,Pomegranate,Deep-fried pakoras,Complete Bed Rest,N/A - Prescription Required,Severity is high. Automatic recommendation disabled to ensure safety. Consult a doctor.,0,Warm turmeric milk (Haldi Doodh) for immunity.,Putting oil or ghee on open wounds.
530,Heat Rash,Skin,"Itching in sweat areas, Prickly heat, Small red bumps",10,Specialist Doctor,Moong Dal Khichdi,Spicy street food,Yoga (Pranayama),N/A - Prescription Required,Severity is high. Automatic recommendation disabled to ensure safety. Consult a doctor.,0,Coconut water for rehydration.,Using battery acid for skin patches.
531,Sunburn,Skin,"Peeling skin, Blisters, Red painful skin",4,General Physician,Moong Dal Khichdi,Spicy street food,Brisk walking,Ibuprofen,Standard OTC Ibuprofen for symptomatic relief.,650,Ginger and honey tea for sore throat.,Applying Colgate/toothpaste on burns (causes infection).
532,Fungal Infection,Skin,"Ring-shaped rash, Scaly skin, Discolored nails",5,General Physician,Pomegranate,Excessive caffeine,Anulom Vilom,Omeprazole,Standard OTC Omeprazole for symptomatic relief.,250,Ginger and honey tea for sore throat.,Rubbing heavy salt on rashes.
533,Vitamin D Deficiency,General,"Muscle weakness, Mood changes, Bone pain",1,General Physician,Curd rice,Excessive caffeine,Yoga (Pranayama),Ibuprofen,Standard OTC Ibuprofen for symptomatic relief.,250,Ginger and honey tea for sore throat.,Rubbing heavy salt on rashes.
534,Sinusitis,Respiratory,"Thick yellow mucus, Headache, Stuffed nose, Facial pressure",7,Specialist Doctor,Moong Dal Khichdi,Spicy street food,Light stretching,N/A - Prescription Required,Severity is high. Automatic recommendation disabled to ensure safety. Consult a doctor.,0,Jeera water for digestion.,Applying Colgate/toothpaste on burns (causes infection).
535,Malaria,Infectious,"Shivering chills, Cyclical fever, Splenomegaly",6,Specialist Doctor,Moong Dal Khichdi,Excessive caffeine,Yoga (Pranayama),N/A - Prescription Required,Severity is high. Automatic recommendation disabled to ensure safety. Consult a doctor.,0,Saltwater gargles for throat infection.,Applying Colgate/toothpaste on burns (causes infection).
536,Sinusitis,Respiratory,"Facial pressure, Headache, Thick yellow mucus, Stuffed nose",7,Specialist Doctor,Pomegranate,Excessive caffeine,Light stretching,N/A - Prescription Required,Severity is high. Automatic recommendation disabled to ensure safety. Consult a doctor.,0,Ginger and honey tea for sore throat.,Rubbing heavy salt on rashes.
537,Amoebiasis,Gastrointestinal,"Bloody stools, Tenesmus, Weight loss",9,Specialist Doctor,Moong Dal Khichdi,Cold drinks,Anulom Vilom,N/A - Prescription Required,Severity is high. Automatic recommendation disabled to ensure safety. Consult a doctor.,0,Saltwater gargles for throat infection.,Rubbing heavy salt on rashes.
538,Gastritis,Gastrointestinal,"Indigestion, Upper stomach pain, Nausea, Feeling full after small meal",1,General Physician,Curd rice,Excessive caffeine,Complete Bed Rest,Ibuprofen,Standard OTC Ibuprofen for symptomatic relief.,250,Ginger and honey tea for sore throat.,Putting onions in armpits to reduce fever.
539,Typhoid,Infectious,"Stomach pain, Coated tongue, Rose spots",5,General Physician,Curd rice,Spicy street food,Complete Bed Rest,Ibuprofen,Standard OTC Ibuprofen for symptomatic relief.,250,Ginger and honey tea for sore throat.,Putting onions in armpits to reduce fever.
540,Allergic Rhinitis,Respiratory,"Puffy eyelids, Constant sneezing, Watery eyes",7,Specialist Doctor,Pomegranate,Cold drinks,Anulom Vilom,N/A - Prescription Required,Severity is high. Automatic recommendation disabled to ensure safety. Consult a doctor.,0,Ginger and honey tea for sore throat.,Applying Colgate/toothpaste on burns (causes infection).
541,Eczema,Skin,"Dry skin, Itchy patches, Red inflammation",1,General Physician,Curd rice,Excessive caffeine,Anulom Vilom,Loperamide,Standard OTC Loperamide for symptomatic relief.,650,Jeera water for digestion.,Applying Colgate/toothpaste on burns (causes infection).
542,Influenza,Infectious,"Severe body ache, Chills, High fever",5,General Physician,Papaya,Deep-fried pakoras,Anulom Vilom,Loperamide,Standard OTC Loperamide for symptomatic relief.,650,Jeera water for digestion.,Putting oil or ghee on open wounds.
543,Common Cold,Infectious,"Runny nose, Sneezing, Mild fever",7,Specialist Doctor,Boiled vegetables,Raw salads (if infectious),Light stretching,N/A - Prescription Required,Severity is high. Automatic recommendation disabled to ensure safety. Consult a doctor.,0,Ginger and honey tea for sore throat.,Using battery acid for skin patches.
544,Acidity,Gastrointestinal,"Sour burps, Burning sensation in chest, Heartburn",9,Specialist Doctor,Moong Dal Khichdi,Excessive caffeine,Anulom Vilom,N/A - Prescription Required,Severity is high. Automatic recommendation disabled to ensure safety. Consult a doctor.,0,Jeera water for digestion.,Rubbing heavy salt on rashes.
545,Heat Rash,Skin,"Prickly heat, Mild swelling, Itching in sweat areas, Small red bumps",7,Specialist Doctor,Papaya,Cold drinks,Complete Bed Rest,N/A - Prescription Required,Severity is high. Automatic recommendation disabled to ensure safety. Consult a doctor.,0,Ginger and honey tea for sore throat.,Using battery acid for skin patches.
546,Allergic Rhinitis,Respiratory,"Itchy nose, Puffy eyelids, Watery eyes",7,Specialist Doctor,Curd rice,Raw salads (if infectious),Brisk walking,N/A - Prescription Required,Severity is high. Automatic recommendation disabled to ensure safety. Consult a doctor.,0,Ginger and honey tea for sore throat.,Putting oil or ghee on open wounds.
547,Sunburn,Skin,"Hot to touch, Blisters, Peeling skin",8,Specialist Doctor,Curd rice,Cold drinks,Anulom Vilom,N/A - Prescription Required,Severity is high. Automatic recommendation disabled to ensure safety. Consult a doctor.,0,Warm turmeric milk (Haldi Doodh) for immunity.,Putting oil or ghee on open wounds.
548,Heat Rash,Skin,"Small red bumps, Itching in sweat areas, Prickly heat",6,Specialist Doctor,Curd rice,Raw salads (if infectious),Light stretching,N/A - Prescription Required,Severity is high. Automatic recommendation disabled to ensure safety. Consult a doctor.,0,Jeera water for digestion.,Putting oil or ghee on open wounds.
549,Heat Stroke,General,"Body temp above 104F, Confusion, No sweating, Rapid pulse",10,Specialist Doctor,Pomegranate,Excessive caffeine,Yoga (Pranayama),N/A - Prescription Required,Severity is high. Automatic recommendation disabled to ensure safety. Consult a doctor.,0,Warm turmeric milk (Haldi Doodh) for immunity.,Using battery acid for skin patches.
550,Dehydration,General,"Extreme thirst, Dry mouth, Dizziness",10,Specialist Doctor,Boiled vegetables,Deep-fried pakoras,Anulom Vilom,N/A - Prescription Required,Severity is high. Automatic recommendation disabled to ensure safety. Consult a doctor.,0,Warm turmeric milk (Haldi Doodh) for immunity.,Using battery acid for skin patches.
551,Bronchitis,Respiratory,"Wheezing, Chest congestion, Shortness of breath, Persistent cough",7,Specialist Doctor,Moong Dal Khichdi,Excessive caffeine,Light stretching,N/A - Prescription Required,Severity is high. Automatic recommendation disabled to ensure safety. Consult a doctor.,0,Jeera water for digestion.,Putting onions in armpits to reduce fever.
552,Fungal Infection,Skin,"Ring-shaped rash, Discolored nails, Scaly skin, Itching between toes",4,General Physician,Curd rice,Excessive caffeine,Light stretching,Loperamide,Standard OTC Loperamide for symptomatic relief.,650,Ginger and honey tea for sore throat.,Applying Colgate/toothpaste on burns (causes infection).
553,Typhoid,Infectious,"Rose spots, Coated tongue, Stomach pain",7,Specialist Doctor,Boiled vegetables,Excessive caffeine,Complete Bed Rest,N/A - Prescription Required,Severity is high. Automatic recommendation disabled to ensure safety. Consult a doctor.,0,Saltwater gargles for throat infection.,Using battery acid for skin patches.
554,Allergic Rhinitis,Respiratory,"Puffy eyelids, Itchy nose, Constant sneezing",6,Specialist Doctor,Pomegranate,Raw salads (if infectious),Anulom Vilom,N/A - Prescription Required,Severity is high. Automatic recommendation disabled to ensure safety. Consult a doctor.,0,Saltwater gargles for throat infection.,Rubbing heavy salt on rashes.
555,Dehydration,General,"Dry mouth, Extreme thirst, Dizziness",5,General Physician,Papaya,Raw salads (if infectious),Complete Bed Rest,Paracetamol,Standard OTC Paracetamol for symptomatic relief.,250,Jeera water for digestion.,Rubbing heavy salt on rashes.
556,Typhoid,Infectious,"Coated tongue, Rose spots, High fever, Stomach pain",5,General Physician,Papaya,Excessive caffeine,Yoga (Pranayama),Ibuprofen,Standard OTC Ibuprofen for symptomatic relief.,650,Warm turmeric milk (Haldi Doodh) for immunity.,Putting oil or ghee on open wounds.
557,Sinusitis,Respiratory,"Stuffed nose, Headache, Thick yellow mucus, Facial pressure",6,Specialist Doctor,Moong Dal Khichdi,Raw salads (if infectious),Anulom Vilom,N/A - Prescription Required,Severity is high. Automatic recommendation disabled to ensure safety. Consult a doctor.,0,Saltwater gargles for throat infection.,Rubbing heavy salt on rashes.
558,Diarrhea,Gastrointestinal,"Loose stools, Urgency, Abdominal cramps, Dehydration",4,General Physician,Pomegranate,Deep-fried pakoras,Light stretching,Ibuprofen,Standard OTC Ibuprofen for symptomatic relief.,500,Saltwater gargles for throat infection.,Using battery acid for skin patches.
559,Amoebiasis,Gastrointestinal,"Stomach cramps, Weight loss, Tenesmus",2,General Physician,Pomegranate,Spicy street food,Light stretching,Ibuprofen,Standard OTC Ibuprofen for symptomatic relief.,500,Saltwater gargles for throat infection.,Using battery acid for skin patches.
560,Malaria,Infectious,"Splenomegaly, Cyclical fever, Profuse sweating",8,Specialist Doctor,Papaya,Excessive caffeine,Complete Bed Rest,N/A - Prescription Required,Severity is high. Automatic recommendation disabled to ensure safety. Consult a doctor.,0,Ginger and honey tea for sore throat.,Using battery acid for skin patches.
561,Vitamin D Deficiency,General,"Muscle weakness, Hair loss, Bone pain",6,Specialist Doctor,Pomegranate,Deep-fried pakoras,Anulom Vilom,N/A - Prescription Required,Severity is high. Automatic recommendation disabled to ensure safety. Consult a doctor.,0,Jeera water for digestion.,Putting oil or ghee on open wounds.
562,Sinusitis,Respiratory,"Facial pressure, Thick yellow mucus, Stuffed nose",4,General Physician,Moong Dal Khichdi,Cold drinks,Complete Bed Rest,Paracetamol,Standard OTC Paracetamol for symptomatic relief.,650,Jeera water for digestion.,Using battery acid for skin patches.
563,Asthma,Respiratory,"Chest tightness, Wheezing sounds, Night cough",2,General Physician,Moong Dal Khichdi,Deep-fried pakoras,Complete Bed Rest,ORS,Standard OTC ORS for symptomatic relief.,250,Saltwater gargles for throat infection.,Using battery acid for skin patches.
564,Diarrhea,Gastrointestinal,"Abdominal cramps, Urgency, Loose stools",1,General Physician,Curd rice,Cold drinks,Brisk walking,Paracetamol,Standard OTC Paracetamol for symptomatic relief.,650,Warm turmeric milk (Haldi Doodh) for immunity.,Rubbing heavy salt on rashes.
565,Sunburn,Skin,"Hot to touch, Peeling skin, Blisters",7,Specialist Doctor,Pomegranate,Cold drinks,Yoga (Pranayama),N/A - Prescription Required,Severity is high. Automatic recommendation disabled to ensure safety. Consult a doctor.,0,Jeera water for digestion.,Putting onions in armpits to reduce fever.
566,Diarrhea,Gastrointestinal,"Urgency, Dehydration, Abdominal cramps, Loose stools",9,Specialist Doctor,Curd rice,Deep-fried pakoras,Complete Bed Rest,N/A - Prescription Required,Severity is high. Automatic recommendation disabled to ensure safety. Consult a doctor.,0,Warm turmeric milk (Haldi Doodh) for immunity.,Applying Colgate/toothpaste on burns (causes infection).
567,Food Poisoning,Gastrointestinal,"Diarrhea, Projectile vomiting, Abdominal cramps, Fever",1,General Physician,Papaya,Deep-fried pakoras,Anulom Vilom,Ibuprofen,Standard OTC Ibuprofen for symptomatic relief.,500,Coconut water for rehydration.,Putting onions in armpits to reduce fever.
568,Allergic Rhinitis,Respiratory,"Constant sneezing, Itchy nose, Watery eyes",2,General Physician,Curd rice,Deep-fried pakoras,Brisk walking,Loperamide,Standard OTC Loperamide for symptomatic relief.,500,Coconut water for rehydration.,Applying Colgate/toothpaste on burns (causes infection).
569,Food Poisoning,Gastrointestinal,"Projectile vomiting, Fever, Diarrhea",4,General Physician,Moong Dal Khichdi,Spicy street food,Brisk walking,ORS,Standard OTC ORS for symptomatic relief.,500,Jeera water for digestion.,Rubbing heavy salt on rashes.
570,Allergic Rhinitis,Respiratory,"Watery eyes, Constant sneezing, Itchy nose, Puffy eyelids",2,General Physician,Boiled vegetables,Raw salads (if infectious),Light stretching,Paracetamol,Standard OTC Paracetamol for symptomatic relief.,500,Jeera water for digestion.,Putting oil or ghee on open wounds.
571,Allergic Rhinitis,Respiratory,"Puffy eyelids, Constant sneezing, Watery eyes",6,Specialist Doctor,Pomegranate,Spicy street food,Light stretching,N/A - Prescription Required,Severity is high. Automatic recommendation disabled to ensure safety. Consult a doctor.,0,Coconut water for rehydration.,Rubbing heavy salt on rashes.
572,Anemia,General,"Brittle nails, Extreme fatigue, Pale skin, Cold hands",9,Specialist Doctor,Moong Dal Khichdi,Cold drinks,Brisk walking,N/A - Prescription Required,Severity is high. Automatic recommendation disabled to ensure safety. Consult a doctor.,0,Warm turmeric milk (Haldi Doodh) for immunity.,Putting onions in armpits to reduce fever.
573,Acidity,Gastrointestinal,"Sour burps, Heartburn, Bloating",9,Specialist Doctor,Curd rice,Cold drinks,Yoga (Pranayama),N/A - Prescription Required,Severity is high. Automatic recommendation disabled to ensure safety. Consult a doctor.,0,Saltwater gargles for throat infection.,Applying Colgate/toothpaste on burns (causes infection).
574,Amoebiasis,Gastrointestinal,"Bloody stools, Stomach cramps, Weight loss, Tenesmus",6,Specialist Doctor,Boiled vegetables,Deep-fried pakoras,Complete Bed Rest,N/A - Prescription Required,Severity is high. Automatic recommendation disabled to ensure safety. Consult a doctor.,0,Coconut water for rehydration.,Putting oil or ghee on open wounds.
575,Dengue,Infectious,"High fever, Bleeding gums, Joint pain, Retro-orbital pain",7,Specialist Doctor,Papaya,Spicy street food,Light stretching,N/A - Prescription Required,Severity is high. Automatic recommendation disabled to ensure safety. Consult a doctor.,0,Jeera water for digestion.,Putting onions in armpits to reduce fever.
576,Chickenpox,Infectious,"Fluid-filled blisters, Fever, Loss of appetite",4,General Physician,Pomegranate,Spicy street food,Brisk walking,Omeprazole,Standard OTC Omeprazole for symptomatic relief.,650,Warm turmeric milk (Haldi Doodh) for immunity.,Rubbing heavy salt on rashes.
577,Gastritis,Gastrointestinal,"Indigestion, Upper stomach pain, Feeling full after small meal, Nausea",8,Specialist Doctor,Moong Dal Khichdi,Spicy street food,Brisk walking,N/A - Prescription Required,Severity is high. Automatic recommendation disabled to ensure safety. Consult a doctor.,0,Warm turmeric milk (Haldi Doodh) for immunity.,Using battery acid for skin patches.
578,Typhoid,Infectious,"Coated tongue, High fever, Stomach pain",10,Specialist Doctor,Boiled vegetables,Cold drinks,Light stretching,N/A - Prescription Required,Severity is high. Automatic recommendation disabled to ensure safety. Consult a doctor.,0,Ginger and honey tea for sore throat.,Rubbing heavy salt on rashes.
579,Heat Rash,Skin,"Itching in sweat areas, Mild swelling, Small red bumps",1,General Physician,Moong Dal Khichdi,Deep-fried pakoras,Complete Bed Rest,Ibuprofen,Standard OTC Ibuprofen for symptomatic relief.,500,Coconut water for rehydration.,Rubbing heavy salt on rashes.
580,Sunburn,Skin,"Red painful skin, Peeling skin, Blisters, Hot to touch",5,General Physician,Pomegranate,Raw salads (if infectious),Brisk walking,Loperamide,Standard OTC Loperamide for symptomatic relief.,500,Warm turmeric milk (Haldi Doodh) for immunity.,Applying Colgate/toothpaste on burns (causes infection).
581,Fungal Infection,Skin,"Ring-shaped rash, Itching between toes, Discolored nails",7,Specialist Doctor,Moong Dal Khichdi,Excessive caffeine,Brisk walking,N/A - Prescription Required,Severity is high. Automatic recommendation disabled to ensure safety. Consult a doctor.,0,Jeera water for digestion.,Putting oil or ghee on open wounds.
582,Dehydration,General,"Dry mouth, Extreme thirst, Dizziness, Dark urine",1,General Physician,Moong Dal Khichdi,Deep-fried pakoras,Yoga (Pranayama),Paracetamol,Standard OTC Paracetamol for symptomatic relief.,500,Ginger and honey tea for sore throat.,Putting oil or ghee on open wounds.
583,Allergic Rhinitis,Respiratory,"Watery eyes, Constant sneezing, Itchy nose",3,General Physician,Moong Dal Khichdi,Raw salads (if infectious),Light stretching,ORS,Standard OTC ORS for symptomatic relief.,650,Warm turmeric milk (Haldi Doodh) for immunity.,Putting oil or ghee on open wounds.
584,Acidity,Gastrointestinal,"Heartburn, Sour burps, Bloating, Burning sensation in chest",10,Specialist Doctor,Curd rice,Raw salads (if infectious),Complete Bed Rest,N/A - Prescription Required,Severity is high. Automatic recommendation disabled to ensure safety. Consult a doctor.,0,Jeera water for digestion.,Putting oil or ghee on open wounds.
585,Dehydration,General,"Dry mouth, Extreme thirst, Dark urine",8,Specialist Doctor,Pomegranate,Deep-fried pakoras,Light stretching,N/A - Prescription Required,Severity is high. Automatic recommendation disabled to ensure safety. Consult a doctor.,0,Warm turmeric milk (Haldi Doodh) for immunity.,Putting onions in armpits to reduce fever.
586,Asthma,Respiratory,"Wheezing sounds, Difficulty breathing, Night cough",8,Specialist Doctor,Pomegranate,Deep-fried pakoras,Light stretching,N/A - Prescription Required,Severity is high. Automatic recommendation disabled to ensure safety. Consult a doctor.,0,Jeera water for digestion.,Putting oil or ghee on open wounds.
587,Dehydration,General,"Extreme thirst, Dry mouth, Dizziness, Dark urine",1,General Physician,Moong Dal Khichdi,Spicy street food,Complete Bed Rest,Loperamide,Standard OTC Loperamide for symptomatic relief.,500,Jeera water for digestion.,Using battery acid for skin patches.
588,Bronchitis,Respiratory,"Wheezing, Persistent cough, Chest congestion, Shortness of breath",8,Specialist Doctor,Papaya,Cold drinks,Complete Bed Rest,N/A - Prescription Required,Severity is high. Automatic recommendation disabled to ensure safety. Consult a doctor.,0,Warm turmeric milk (Haldi Doodh) for immunity.,Rubbing heavy salt on rashes.
589,Diarrhea,Gastrointestinal,"Abdominal cramps, Dehydration, Urgency, Loose stools",3,General Physician,Boiled vegetables,Cold drinks,Anulom Vilom,Paracetamol,Standard OTC Paracetamol for symptomatic relief.,250,Saltwater gargles for throat infection.,Putting onions in armpits to reduce fever.
590,Dehydration,General,"Dry mouth, Extreme thirst, Dark urine",8,Specialist Doctor,Boiled vegetables,Cold drinks,Brisk walking,N/A - Prescription Required,Severity is high. Automatic recommendation disabled to ensure safety. Consult a doctor.,0,Jeera water for digestion.,Rubbing heavy salt on rashes.
591,Gastritis,Gastrointestinal,"Indigestion, Nausea, Feeling full after small meal",7,Specialist Doctor,Pomegranate,Raw salads (if infectious),Anulom Vilom,N/A - Prescription Required,Severity is high. Automatic recommendation disabled to ensure safety. Consult a doctor.,0,Saltwater gargles for throat infection.,Applying Colgate/toothpaste on burns (causes infection).
592,Anemia,General,"Brittle nails, Cold hands, Extreme fatigue, Pale skin",8,Specialist Doctor,Curd rice,Deep-fried pakoras,Light stretching,N/A - Prescription Required,Severity is high. Automatic recommendation disabled to ensure safety. Consult a doctor.,0,Ginger and honey tea for sore throat.,Putting oil or ghee on open wounds.
593,Typhoid,Infectious,"High fever, Stomach pain, Coated tongue, Rose spots",6,Specialist Doctor,Papaya,Excessive caffeine,Brisk walking,N/A - Prescription Required,Severity is high. Automatic recommendation disabled to ensure safety. Consult a doctor.,0,Saltwater gargles for throat infection.,Applying Colgate/toothpaste on burns (causes infection).
594,Diarrhea,Gastrointestinal,"Abdominal cramps, Loose stools, Dehydration",4,General Physician,Curd rice,Spicy street food,Anulom Vilom,Ibuprofen,Standard OTC Ibuprofen for symptomatic relief.,250,Coconut water for rehydration.,Putting onions in armpits to reduce fever.
595,Malaria,Infectious,"Splenomegaly, Cyclical fever, Shivering chills",4,General Physician,Curd rice,Raw salads (if infectious),Complete Bed Rest,Loperamide,Standard OTC Loperamide for symptomatic relief.,500,Ginger and honey tea for sore throat.,Using battery acid for skin patches.
596,Malaria,Infectious,"Splenomegaly, Shivering chills, Cyclical fever, Profuse sweating",6,Specialist Doctor,Papaya,Cold drinks,Yoga (Pranayama),N/A - Prescription Required,Severity is high. Automatic recommendation disabled to ensure safety. Consult a doctor.,0,Saltwater gargles for throat infection.,Rubbing heavy salt on rashes.
597,Anemia,General,"Pale skin, Extreme fatigue, Brittle nails, Cold hands",6,Specialist Doctor,Curd rice,Deep-fried pakoras,Light stretching,N/A - Prescription Required,Severity is high. Automatic recommendation disabled to ensure safety. Consult a doctor.,0,Warm turmeric milk (Haldi Doodh) for immunity.,Using battery acid for skin patches.
598,Food Poisoning,Gastrointestinal,"Abdominal cramps, Diarrhea, Fever",1,General Physician,Moong Dal Khichdi,Spicy street food,Light stretching,Loperamide,Standard OTC Loperamide for symptomatic relief.,650,Coconut water for rehydration.,Using battery acid for skin patches.
599,Fungal Infection,Skin,"Scaly skin, Discolored nails, Ring-shaped rash, Itching between toes",3,General Physician,Papaya,Spicy street food,Brisk walking,Ibuprofen,Standard OTC Ibuprofen for symptomatic relief.,500,Ginger and honey tea for sore throat.,Rubbing heavy salt on rashes.
600,Chickenpox,Infectious,"Fluid-filled blisters, Loss of appetite, Intense itching, Fever",1,General Physician,Boiled vegetables,Spicy street food,Brisk walking,Cetirizine,Standard OTC Cetirizine for symptomatic relief.,500,Warm turmeric milk (Haldi Doodh) for immunity.,Putting oil or ghee on open wounds.
601,Bronchitis,Respiratory,"Shortness of breath, Chest congestion, Wheezing",10,Specialist Doctor,Boiled vegetables,Deep-fried pakoras,Yoga (Pranayama),N/A - Prescription Required,Severity is high. Automatic recommendation disabled to ensure safety. Consult a doctor.,0,Jeera water for digestion.,Applying Colgate/toothpaste on burns (causes infection).
602,Influenza,Infectious,"Severe body ache, Chills, Dry cough",1,General Physician,Curd rice,Cold drinks,Brisk walking,Paracetamol,Standard OTC Paracetamol for symptomatic relief.,250,Jeera water for digestion.,Putting oil or ghee on open wounds.
603,Asthma,Respiratory,"Chest tightness, Wheezing sounds, Night cough",5,General Physician,Papaya,Deep-fried pakoras,Brisk walking,ORS,Standard OTC ORS for symptomatic relief.,250,Jeera water for digestion.,Putting onions in armpits to reduce fever.
604,Acne,Skin,"Red bumps, Blackheads, Oily skin, Pimples",4,General Physician,Boiled vegetables,Spicy street food,Light stretching,ORS,Standard OTC ORS for symptomatic relief.,650,Coconut water for rehydration.,Putting onions in armpits to reduce fever.
605,Sunburn,Skin,"Blisters, Red painful skin, Peeling skin, Hot to touch",8,Specialist Doctor,Curd rice,Cold drinks,Brisk walking,N/A - Prescription Required,Severity is high. Automatic recommendation disabled to ensure safety. Consult a doctor.,0,Saltwater gargles for throat infection.,Putting oil or ghee on open wounds.
606,Malaria,Infectious,"Splenomegaly, Profuse sweating, Shivering chills, Cyclical fever",8,Specialist Doctor,Curd rice,Raw salads (if infectious),Brisk walking,N/A - Prescription Required,Severity is high. Automatic recommendation disabled to ensure safety. Consult a doctor.,0,Saltwater gargles for throat infection.,Putting onions in armpits to reduce fever.
607,Diarrhea,Gastrointestinal,"Loose stools, Dehydration, Urgency",1,General Physician,Pomegranate,Deep-fried pakoras,Brisk walking,Ibuprofen,Standard OTC Ibuprofen for symptomatic relief.,650,Coconut water for rehydration.,Putting oil or ghee on open wounds.
608,Amoebiasis,Gastrointestinal,"Tenesmus, Bloody stools, Stomach cramps",9,Specialist Doctor,Papaya,Raw salads (if infectious),Brisk walking,N/A - Prescription Required,Severity is high. Automatic recommendation disabled to ensure safety. Consult a doctor.,0,Coconut water for rehydration.,Putting oil or ghee on open wounds.
609,Heat Rash,Skin,"Mild swelling, Small red bumps, Itching in sweat areas",6,Specialist Doctor,Boiled vegetables,Cold drinks,Anulom Vilom,N/A - Prescription Required,Severity is high. Automatic recommendation disabled to ensure safety. Consult a doctor.,0,Coconut water for rehydration.,Using battery acid for skin patches.
610,Dengue,Infectious,"Joint pain, Bleeding gums, High fever, Retro-orbital pain",7,Specialist Doctor,Boiled vegetables,Cold drinks,Brisk walking,N/A - Prescription Required,Severity is high. Automatic recommendation disabled to ensure safety. Consult a doctor.,0,Coconut water for rehydration.,Putting onions in armpits to reduce fever.
611,Chickenpox,Infectious,"Fluid-filled blisters, Intense itching, Fever",2,General Physician,Curd rice,Excessive caffeine,Anulom Vilom,Cetirizine,Standard OTC Cetirizine for symptomatic relief.,500,Ginger and honey tea for sore throat.,Putting onions in armpits to reduce fever.
612,Acidity,Gastrointestinal,"Sour burps, Bloating, Heartburn",1,General Physician,Boiled vegetables,Excessive caffeine,Complete Bed Rest,ORS,Standard OTC ORS for symptomatic relief.,500,Jeera water for digestion.,Putting onions in armpits to reduce fever.
613,Anemia,General,"Extreme fatigue, Brittle nails, Cold hands",4,General Physician,Papaya,Deep-fried pakoras,Complete Bed Rest,Loperamide,Standard OTC Loperamide for symptomatic relief.,250,Jeera water for digestion.,Applying Colgate/toothpaste on burns (causes infection).
614,Allergic Rhinitis,Respiratory,"Watery eyes, Itchy nose, Constant sneezing, Puffy eyelids",2,General Physician,Boiled vegetables,Cold drinks,Complete Bed Rest,Cetirizine,Standard OTC Cetirizine for symptomatic relief.,250,Saltwater gargles for throat infection.,Putting onions in armpits to reduce fever.
615,Asthma,Respiratory,"Wheezing sounds, Night cough, Difficulty breathing",6,Specialist Doctor,Curd rice,Raw salads (if infectious),Anulom Vilom,N/A - Prescription Required,Severity is high. Automatic recommendation disabled to ensure safety. Consult a doctor.,0,Saltwater gargles for throat infection.,Putting onions in armpits to reduce fever.
616,Dehydration,General,"Dark urine, Dry mouth, Extreme thirst, Dizziness",3,General Physician,Pomegranate,Excessive caffeine,Brisk walking,Ibuprofen,Standard OTC Ibuprofen for symptomatic relief.,650,Warm turmeric milk (Haldi Doodh) for immunity.,Putting onions in armpits to reduce fever.
617,Sinusitis,Respiratory,"Facial pressure, Stuffed nose, Headache",4,General Physician,Curd rice,Raw salads (if infectious),Brisk walking,Paracetamol,Standard OTC Paracetamol for symptomatic relief.,250,Saltwater gargles for throat infection.,Putting oil or ghee on open wounds.
618,Common Cold,Infectious,"Mild fever, Sore throat, Sneezing, Runny nose",9,Specialist Doctor,Papaya,Cold drinks,Yoga (Pranayama),N/A - Prescription Required,Severity is high. Automatic recommendation disabled to ensure safety. Consult a doctor.,0,Jeera water for digestion.,Applying Colgate/toothpaste on burns (causes infection).
619,Influenza,Infectious,"High fever, Severe body ache, Dry cough",10,Specialist Doctor,Boiled vegetables,Excessive caffeine,Light stretching,N/A - Prescription Required,Severity is high. Automatic recommendation disabled to ensure safety. Consult a doctor.,0,Coconut water for rehydration.,Putting onions in armpits to reduce fever.
620,Fungal Infection,Skin,"Discolored nails, Ring-shaped rash, Scaly skin",3,General Physician,Pomegranate,Raw salads (if infectious),Complete Bed Rest,Omeprazole,Standard OTC Omeprazole for symptomatic relief.,250,Coconut water for rehydration.,Putting onions in armpits to reduce fever.
621,Acidity,Gastrointestinal,"Bloating, Burning sensation in chest, Sour burps",8,Specialist Doctor,Moong Dal Khichdi,Deep-fried pakoras,Anulom Vilom,N/A - Prescription Required,Severity is high. Automatic recommendation disabled to ensure safety. Consult a doctor.,0,Ginger and honey tea for sore throat.,Applying Colgate/toothpaste on burns (causes infection).
622,Acne,Skin,"Oily skin, Pimples, Blackheads, Red bumps",6,Specialist Doctor,Curd rice,Raw salads (if infectious),Complete Bed Rest,N/A - Prescription Required,Severity is high. Automatic recommendation disabled to ensure safety. Consult a doctor.,0,Ginger and honey tea for sore throat.,Putting oil or ghee on open wounds.
623,Amoebiasis,Gastrointestinal,"Stomach cramps, Tenesmus, Weight loss",1,General Physician,Curd rice,Raw salads (if infectious),Anulom Vilom,Omeprazole,Standard OTC Omeprazole for symptomatic relief.,250,Jeera water for digestion.,Using battery acid for skin patches.
624,Amoebiasis,Gastrointestinal,"Weight loss, Stomach cramps, Tenesmus",7,Specialist Doctor,Papaya,Raw salads (if infectious),Anulom Vilom,N/A - Prescription Required,Severity is high. Automatic recommendation disabled to ensure safety. Consult a doctor.,0,Jeera water for digestion.,Applying Colgate/toothpaste on burns (causes infection).
625,Diarrhea,Gastrointestinal,"Urgency, Abdominal cramps, Loose stools, Dehydration",2,General Physician,Curd rice,Deep-fried pakoras,Complete Bed Rest,Loperamide,Standard OTC Loperamide for symptomatic relief.,500,Ginger and honey tea for sore throat.,Applying Colgate/toothpaste on burns (causes infection).
626,Bronchitis,Respiratory,"Shortness of breath, Wheezing, Persistent cough, Chest congestion",1,General Physician,Curd rice,Cold drinks,Anulom Vilom,Paracetamol,Standard OTC Paracetamol for symptomatic relief.,650,Coconut water for rehydration.,Putting onions in armpits to reduce fever.
627,Fungal Infection,Skin,"Scaly skin, Ring-shaped rash, Discolored nails",9,Specialist Doctor,Papaya,Cold drinks,Anulom Vilom,N/A - Prescription Required,Severity is high. Automatic recommendation disabled to ensure safety. Consult a doctor.,0,Saltwater gargles for throat infection.,Using battery acid for skin patches.
628,Amoebiasis,Gastrointestinal,"Tenesmus, Weight loss, Bloody stools",7,Specialist Doctor,Boiled vegetables,Spicy street food,Complete Bed Rest,N/A - Prescription Required,Severity is high. Automatic recommendation disabled to ensure safety. Consult a doctor.,0,Jeera water for digestion.,Rubbing heavy salt on rashes.
629,Acidity,Gastrointestinal,"Heartburn, Sour burps, Burning sensation in chest, Bloating",2,General Physician,Moong Dal Khichdi,Spicy street food,Light stretching,Omeprazole,Standard OTC Omeprazole for symptomatic relief.,250,Saltwater gargles for throat infection.,Using battery acid for skin patches.
630,Heat Rash,Skin,"Mild swelling, Small red bumps, Itching in sweat areas",2,General Physician,Moong Dal Khichdi,Cold drinks,Light stretching,Ibuprofen,Standard OTC Ibuprofen for symptomatic relief.,500,Warm turmeric milk (Haldi Doodh) for immunity.,Applying Colgate/toothpaste on burns (causes infection).
631,Chickenpox,Infectious,"Fever, Fluid-filled blisters, Intense itching, Loss of appetite",6,Specialist Doctor,Curd rice,Cold drinks,Yoga (Pranayama),N/A - Prescription Required,Severity is high. Automatic recommendation disabled to ensure safety. Consult a doctor.,0,Coconut water for rehydration.,Putting oil or ghee on open wounds.
632,Dehydration,General,"Extreme thirst, Dry mouth, Dizziness, Dark urine",6,Specialist Doctor,Papaya,Cold drinks,Light stretching,N/A - Prescription Required,Severity is high. Automatic recommendation disabled to ensure safety. Consult a doctor.,0,Ginger and honey tea for sore throat.,Using battery acid for skin patches.
633,Fungal Infection,Skin,"Discolored nails, Ring-shaped rash, Itching between toes, Scaly skin",6,Specialist Doctor,Moong Dal Khichdi,Raw salads (if infectious),Light stretching,N/A - Prescription Required,Severity is high. Automatic recommendation disabled to ensure safety. Consult a doctor.,0,Coconut water for rehydration.,Putting oil or ghee on open wounds.
634,Gastritis,Gastrointestinal,"Feeling full after small meal, Nausea, Indigestion",2,General Physician,Papaya,Deep-fried pakoras,Brisk walking,Omeprazole,Standard OTC Omeprazole for symptomatic relief.,250,Saltwater gargles for throat infection.,Putting onions in armpits to reduce fever.
635,Anemia,General,"Extreme fatigue, Brittle nails, Pale skin, Cold hands",7,Specialist Doctor,Boiled vegetables,Cold drinks,Anulom Vilom,N/A - Prescription Required,Severity is high. Automatic recommendation disabled to ensure safety. Consult a doctor.,0,Coconut water for rehydration.,Applying Colgate/toothpaste on burns (causes infection).
636,Food Poisoning,Gastrointestinal,"Diarrhea, Abdominal cramps, Fever, Projectile vomiting",1,General Physician,Curd rice,Spicy street food,Brisk walking,Cetirizine,Standard OTC Cetirizine for symptomatic relief.,500,Warm turmeric milk (Haldi Doodh) for immunity.,Putting onions in armpits to reduce fever.
637,Anemia,General,"Pale skin, Cold hands, Brittle nails, Extreme fatigue",1,General Physician,Boiled vegetables,Raw salads (if infectious),Brisk walking,Ibuprofen,Standard OTC Ibuprofen for symptomatic relief.,250,Saltwater gargles for throat infection.,Applying Colgate/toothpaste on burns (causes infection).
638,Amoebiasis,Gastrointestinal,"Stomach cramps, Bloody stools, Tenesmus",7,Specialist Doctor,Curd rice,Cold drinks,Complete Bed Rest,N/A - Prescription Required,Severity is high. Automatic recommendation disabled to ensure safety. Consult a doctor.,0,Warm turmeric milk (Haldi Doodh) for immunity.,Putting onions in armpits to reduce fever.
639,Diarrhea,Gastrointestinal,"Urgency, Loose stools, Dehydration",6,Specialist Doctor,Curd rice,Deep-fried pakoras,Brisk walking,N/A - Prescription Required,Severity is high. Automatic recommendation disabled to ensure safety. Consult a doctor.,0,Ginger and honey tea for sore throat.,Using battery acid for skin patches.
640,Asthma,Respiratory,"Wheezing sounds, Night cough, Difficulty breathing, Chest tightness",8,Specialist Doctor,Papaya,Cold drinks,Complete Bed Rest,N/A - Prescription Required,Severity is high. Automatic recommendation disabled to ensure safety. Consult a doctor.,0,Ginger and honey tea for sore throat.,Applying Colgate/toothpaste on burns (causes infection).
641,Food Poisoning,Gastrointestinal,"Abdominal cramps, Projectile vomiting, Fever, Diarrhea",9,Specialist Doctor,Boiled vegetables,Cold drinks,Brisk walking,N/A - Prescription Required,Severity is high. Automatic recommendation disabled to ensure safety. Consult a doctor.,0,Coconut water for rehydration.,Rubbing heavy salt on rashes.
642,Heat Stroke,General,"Confusion, No sweating, Rapid pulse",6,Specialist Doctor,Curd rice,Excessive caffeine,Complete Bed Rest,N/A - Prescription Required,Severity is high. Automatic recommendation disabled to ensure safety. Consult a doctor.,0,Jeera water for digestion.,Rubbing heavy salt on rashes.
643,Allergic Rhinitis,Respiratory,"Puffy eyelids, Watery eyes, Itchy nose",4,General Physician,Papaya,Raw salads (if infectious),Light stretching,Ibuprofen,Standard OTC Ibuprofen for symptomatic relief.,500,Jeera water for digestion.,Applying Colgate/toothpaste on burns (causes infection).
644,Typhoid,Infectious,"High fever, Stomach pain, Coated tongue, Rose spots",8,Specialist Doctor,Papaya,Deep-fried pakoras,Complete Bed Rest,N/A - Prescription Required,Severity is high. Automatic recommendation disabled to ensure safety. Consult a doctor.,0,Warm turmeric milk (Haldi Doodh) for immunity.,Putting oil or ghee on open wounds.
645,Diarrhea,Gastrointestinal,"Abdominal cramps, Dehydration, Loose stools",9,Specialist Doctor,Pomegranate,Raw salads (if infectious),Anulom Vilom,N/A - Prescription Required,Severity is high. Automatic recommendation disabled to ensure safety. Consult a doctor.,0,Ginger and honey tea for sore throat.,Putting onions in armpits to reduce fever.
646,Dehydration,General,"Extreme thirst, Dark urine, Dry mouth, Dizziness",9,Specialist Doctor,Boiled vegetables,Deep-fried pakoras,Light stretching,N/A - Prescription Required,Severity is high. Automatic recommendation disabled to ensure safety. Consult a doctor.,0,Warm turmeric milk (Haldi Doodh) for immunity.,Using battery acid for skin patches.
647,Chickenpox,Infectious,"Fluid-filled blisters, Loss of appetite, Fever, Intense itching",8,Specialist Doctor,Papaya,Deep-fried pakoras,Brisk walking,N/A - Prescription Required,Severity is high. Automatic recommendation disabled to ensure safety. Consult a doctor.,0,Warm turmeric milk (Haldi Doodh) for immunity.,Rubbing heavy salt on rashes.
648,Heat Stroke,General,"Body temp above 104F, No sweating, Rapid pulse",1,General Physician,Boiled vegetables,Cold drinks,Light stretching,Paracetamol,Standard OTC Paracetamol for symptomatic relief.,500,Coconut water for rehydration.,Applying Colgate/toothpaste on burns (causes infection).
649,Heat Rash,Skin,"Mild swelling, Prickly heat, Small red bumps",4,General Physician,Curd rice,Deep-fried pakoras,Yoga (Pranayama),Omeprazole,Standard OTC Omeprazole for symptomatic relief.,250,Coconut water for rehydration.,Putting oil or ghee on open wounds.
650,Sinusitis,Respiratory,"Stuffed nose, Headache, Facial pressure, Thick yellow mucus",8,Specialist Doctor,Pomegranate,Excessive caffeine,Brisk walking,N/A - Prescription Required,Severity is high. Automatic recommendation disabled to ensure safety. Consult a doctor.,0,Warm turmeric milk (Haldi Doodh) for immunity.,Using battery acid for skin patches.
651,Dengue,Infectious,"Joint pain, High fever, Retro-orbital pain",4,General Physician,Papaya,Raw salads (if infectious),Light stretching,Omeprazole,Standard OTC Omeprazole for symptomatic relief.,500,Warm turmeric milk (Haldi Doodh) for immunity.,Using battery acid for skin patches.
652,Acne,Skin,"Oily skin, Blackheads, Pimples",4,General Physician,Pomegranate,Deep-fried pakoras,Light stretching,Omeprazole,Standard OTC Omeprazole for symptomatic relief.,500,Warm turmeric milk (Haldi Doodh) for immunity.,Applying Colgate/toothpaste on burns (causes infection).
653,Acne,Skin,"Blackheads, Pimples, Red bumps",10,Specialist Doctor,Curd rice,Spicy street food,Light stretching,N/A - Prescription Required,Severity is high. Automatic recommendation disabled to ensure safety. Consult a doctor.,0,Coconut water for rehydration.,Applying Colgate/toothpaste on burns (causes infection).
654,Acne,Skin,"Pimples, Oily skin, Red bumps",8,Specialist Doctor,Pomegranate,Spicy street food,Light stretching,N/A - Prescription Required,Severity is high. Automatic recommendation disabled to ensure safety. Consult a doctor.,0,Saltwater gargles for throat infection.,Rubbing heavy salt on rashes.
655,Allergic Rhinitis,Respiratory,"Puffy eyelids, Constant sneezing, Watery eyes, Itchy nose",9,Specialist Doctor,Curd rice,Raw salads (if infectious),Brisk walking,N/A - Prescription Required,Severity is high. Automatic recommendation disabled to ensure safety. Consult a doctor.,0,Jeera water for digestion.,Applying Colgate/toothpaste on burns (causes infection).
656,Dehydration,General,"Extreme thirst, Dry mouth, Dark urine",6,Specialist Doctor,Boiled vegetables,Excessive caffeine,Yoga (Pranayama),N/A - Prescription Required,Severity is high. Automatic recommendation disabled to ensure safety. Consult a doctor.,0,Jeera water for digestion.,Applying Colgate/toothpaste on burns (causes infection).
657,Vitamin D Deficiency,General,"Muscle weakness, Bone pain, Hair loss, Mood changes",8,Specialist Doctor,Moong Dal Khichdi,Spicy street food,Light stretching,N/A - Prescription Required,Severity is high. Automatic recommendation disabled to ensure safety. Consult a doctor.,0,Jeera water for digestion.,Using battery acid for skin patches.
658,Allergic Rhinitis,Respiratory,"Watery eyes, Constant sneezing, Itchy nose",3,General Physician,Pomegranate,Deep-fried pakoras,Brisk walking,Loperamide,Standard OTC Loperamide for symptomatic relief.,500,Ginger and honey tea for sore throat.,Applying Colgate/toothpaste on burns (causes infection).
659,Chickenpox,Infectious,"Fever, Intense itching, Fluid-filled blisters",9,Specialist Doctor,Boiled vegetables,Raw salads (if infectious),Yoga (Pranayama),N/A - Prescription Required,Severity is high. Automatic recommendation disabled to ensure safety. Consult a doctor.,0,Saltwater gargles for throat infection.,Putting oil or ghee on open wounds.
660,Dengue,Infectious,"High fever, Bleeding gums, Joint pain, Retro-orbital pain",8,Specialist Doctor,Curd rice,Cold drinks,Yoga (Pranayama),N/A - Prescription Required,Severity is high. Automatic recommendation disabled to ensure safety. Consult a doctor.,0,Warm turmeric milk (Haldi Doodh) for immunity.,Rubbing heavy salt on rashes.
661,Dehydration,General,"Extreme thirst, Dark urine, Dry mouth",10,Specialist Doctor,Pomegranate,Spicy street food,Complete Bed Rest,N/A - Prescription Required,Severity is high. Automatic recommendation disabled to ensure safety. Consult a doctor.,0,Ginger and honey tea for sore throat.,Putting onions in armpits to reduce fever.
662,Typhoid,Infectious,"Stomach pain, Rose spots, High fever, Coated tongue",9,Specialist Doctor,Pomegranate,Cold drinks,Complete Bed Rest,N/A - Prescription Required,Severity is high. Automatic recommendation disabled to ensure safety. Consult a doctor.,0,Saltwater gargles for throat infection.,Putting oil or ghee on open wounds.
663,Amoebiasis,Gastrointestinal,"Stomach cramps, Tenesmus, Bloody stools",4,General Physician,Moong Dal Khichdi,Spicy street food,Complete Bed Rest,ORS,Standard OTC ORS for symptomatic relief.,650,Ginger and honey tea for sore throat.,Rubbing heavy salt on rashes.
664,Common Cold,Infectious,"Runny nose, Mild fever, Sore throat, Sneezing",6,Specialist Doctor,Curd rice,Raw salads (if infectious),Brisk walking,N/A - Prescription Required,Severity is high. Automatic recommendation disabled to ensure safety. Consult a doctor.,0,Ginger and honey tea for sore throat.,Putting oil or ghee on open wounds.
665,Sunburn,Skin,"Peeling skin, Hot to touch, Red painful skin",5,General Physician,Boiled vegetables,Deep-fried pakoras,Complete Bed Rest,Cetirizine,Standard OTC Cetirizine for symptomatic relief.,500,Coconut water for rehydration.,Using battery acid for skin patches.
666,Amoebiasis,Gastrointestinal,"Bloody stools, Tenesmus, Weight loss",8,Specialist Doctor,Papaya,Spicy street food,Yoga (Pranayama),N/A - Prescription Required,Severity is high. Automatic recommendation disabled to ensure safety. Consult a doctor.,0,Ginger and honey tea for sore throat.,Rubbing heavy salt on rashes.
667,Influenza,Infectious,"High fever, Chills, Severe body ache",5,General Physician,Moong Dal Khichdi,Excessive caffeine,Complete Bed Rest,Cetirizine,Standard OTC Cetirizine for symptomatic relief.,500,Warm turmeric milk (Haldi Doodh) for immunity.,Rubbing heavy salt on rashes.
668,Eczema,Skin,"Itchy patches, Cracked skin, Red inflammation",1,General Physician,Curd rice,Cold drinks,Brisk walking,Loperamide,Standard OTC Loperamide for symptomatic relief.,250,Warm turmeric milk (Haldi Doodh) for immunity.,Putting oil or ghee on open wounds.
669,Amoebiasis,Gastrointestinal,"Stomach cramps, Weight loss, Tenesmus, Bloody stools",7,Specialist Doctor,Curd rice,Cold drinks,Brisk walking,N/A - Prescription Required,Severity is high. Automatic recommendation disabled to ensure safety. Consult a doctor.,0,Jeera water for digestion.,Putting oil or ghee on open wounds.
670,Sunburn,Skin,"Red painful skin, Hot to touch, Peeling skin",4,General Physician,Moong Dal Khichdi,Excessive caffeine,Anulom Vilom,Loperamide,Standard OTC Loperamide for symptomatic relief.,250,Saltwater gargles for throat infection.,Putting oil or ghee on open wounds.
671,Heat Rash,Skin,"Prickly heat, Itching in sweat areas, Mild swelling, Small red bumps",5,General Physician,Pomegranate,Deep-fried pakoras,Yoga (Pranayama),Loperamide,Standard OTC Loperamide for symptomatic relief.,500,Jeera water for digestion.,Rubbing heavy salt on rashes.
672,Bronchitis,Respiratory,"Persistent cough, Wheezing, Shortness of breath",3,General Physician,Pomegranate,Raw salads (if infectious),Yoga (Pranayama),Ibuprofen,Standard OTC Ibuprofen for symptomatic relief.,650,Saltwater gargles for throat infection.,Putting onions in armpits to reduce fever.
673,Asthma,Respiratory,"Difficulty breathing, Chest tightness, Night cough",2,General Physician,Curd rice,Raw salads (if infectious),Complete Bed Rest,Omeprazole,Standard OTC Omeprazole for symptomatic relief.,250,Coconut water for rehydration.,Rubbing heavy salt on rashes.
674,Anemia,General,"Brittle nails, Extreme fatigue, Pale skin, Cold hands",3,General Physician,Moong Dal Khichdi,Raw salads (if infectious),Complete Bed Rest,Cetirizine,Standard OTC Cetirizine for symptomatic relief.,650,Warm turmeric milk (Haldi Doodh) for immunity.,Putting onions in armpits to reduce fever.
675,Gastritis,Gastrointestinal,"Feeling full after small meal, Nausea, Indigestion",1,General Physician,Pomegranate,Spicy street food,Light stretching,Cetirizine,Standard OTC Cetirizine for symptomatic relief.,650,Saltwater gargles for throat infection.,Using battery acid for skin patches.
676,Asthma,Respiratory,"Night cough, Difficulty breathing, Wheezing sounds, Chest tightness",10,Specialist Doctor,Boiled vegetables,Raw salads (if infectious),Brisk walking,N/A - Prescription Required,Severity is high. Automatic recommendation disabled to ensure safety. Consult a doctor.,0,Jeera water for digestion.,Putting oil or ghee on open wounds.
677,Anemia,General,"Pale skin, Extreme fatigue, Cold hands",8,Specialist Doctor,Boiled vegetables,Raw salads (if infectious),Light stretching,N/A - Prescription Required,Severity is high. Automatic recommendation disabled to ensure safety. Consult a doctor.,0,Ginger and honey tea for sore throat.,Rubbing heavy salt on rashes.
678,Acidity,Gastrointestinal,"Sour burps, Heartburn, Bloating, Burning sensation in chest",10,Specialist Doctor,Papaya,Spicy street food,Brisk walking,N/A - Prescription Required,Severity is high. Automatic recommendation disabled to ensure safety. Consult a doctor.,0,Ginger and honey tea for sore throat.,Putting oil or ghee on open wounds.
679,Vitamin D Deficiency,General,"Muscle weakness, Bone pain, Mood changes, Hair loss",5,General Physician,Curd rice,Deep-fried pakoras,Yoga (Pranayama),Ibuprofen,Standard OTC Ibuprofen for symptomatic relief.,500,Saltwater gargles for throat infection.,Applying Colgate/toothpaste on burns (causes infection).
680,Diarrhea,Gastrointestinal,"Dehydration, Urgency, Abdominal cramps, Loose stools",6,Specialist Doctor,Papaya,Deep-fried pakoras,Anulom Vilom,N/A - Prescription Required,Severity is high. Automatic recommendation disabled to ensure safety. Consult a doctor.,0,Saltwater gargles for throat infection.,Putting oil or ghee on open wounds.
681,Amoebiasis,Gastrointestinal,"Bloody stools, Stomach cramps, Tenesmus",1,General Physician,Boiled vegetables,Raw salads (if infectious),Brisk walking,Paracetamol,Standard OTC Paracetamol for symptomatic relief.,250,Coconut water for rehydration.,Rubbing heavy salt on rashes.
682,Amoebiasis,Gastrointestinal,"Weight loss, Tenesmus, Stomach cramps, Bloody stools",3,General Physician,Pomegranate,Excessive caffeine,Anulom Vilom,ORS,Standard OTC ORS for symptomatic relief.,250,Jeera water for digestion.,Putting onions in armpits to reduce fever.
683,Heat Rash,Skin,"Prickly heat, Itching in sweat areas, Mild swelling, Small red bumps",2,General Physician,Boiled vegetables,Cold drinks,Light stretching,Ibuprofen,Standard OTC Ibuprofen for symptomatic relief.,650,Warm turmeric milk (Haldi Doodh) for immunity.,Using battery acid for skin patches.
684,Acne,Skin,"Red bumps, Oily skin, Pimples, Blackheads",3,General Physician,Moong Dal Khichdi,Spicy street food,Anulom Vilom,Paracetamol,Standard OTC Paracetamol for symptomatic relief.,650,Saltwater gargles for throat infection.,Rubbing heavy salt on rashes.
685,Gastritis,Gastrointestinal,"Upper stomach pain, Indigestion, Nausea",9,Specialist Doctor,Curd rice,Spicy street food,Brisk walking,N/A - Prescription Required,Severity is high. Automatic recommendation disabled to ensure safety. Consult a doctor.,0,Saltwater gargles for throat infection.,Applying Colgate/toothpaste on burns (causes infection).
686,Heat Stroke,General,"Rapid pulse, Confusion, No sweating, Body temp above 104F",2,General Physician,Boiled vegetables,Cold drinks,Anulom Vilom,Omeprazole,Standard OTC Omeprazole for symptomatic relief.,500,Saltwater gargles for throat infection.,Putting oil or ghee on open wounds.
687,Vitamin D Deficiency,General,"Bone pain, Hair loss, Muscle weakness, Mood changes",2,General Physician,Moong Dal Khichdi,Spicy street food,Yoga (Pranayama),ORS,Standard OTC ORS for symptomatic relief.,650,Coconut water for rehydration.,Putting oil or ghee on open wounds.
688,Dehydration,General,"Extreme thirst, Dry mouth, Dark urine, Dizziness",9,Specialist Doctor,Boiled vegetables,Raw salads (if infectious),Complete Bed Rest,N/A - Prescription Required,Severity is high. Automatic recommendation disabled to ensure safety. Consult a doctor.,0,Saltwater gargles for throat infection.,Putting oil or ghee on open wounds.
689,Typhoid,Infectious,"Coated tongue, Stomach pain, Rose spots, High fever",10,Specialist Doctor,Boiled vegetables,Excessive caffeine,Light stretching,N/A - Prescription Required,Severity is high. Automatic recommendation disabled to ensure safety. Consult a doctor.,0,Coconut water for rehydration.,Putting onions in armpits to reduce fever.
690,Food Poisoning,Gastrointestinal,"Fever, Diarrhea, Projectile vomiting",7,Specialist Doctor,Curd rice,Excessive caffeine,Light stretching,N/A - Prescription Required,Severity is high. Automatic recommendation disabled to ensure safety. Consult a doctor.,0,Saltwater gargles for throat infection.,Putting oil or ghee on open wounds.
691,Food Poisoning,Gastrointestinal,"Projectile vomiting, Diarrhea, Abdominal cramps",7,Specialist Doctor,Papaya,Excessive caffeine,Complete Bed Rest,N/A - Prescription Required,Severity is high. Automatic recommendation disabled to ensure safety. Consult a doctor.,0,Jeera water for digestion.,Rubbing heavy salt on rashes.
692,Anemia,General,"Pale skin, Cold hands, Extreme fatigue, Brittle nails",8,Specialist Doctor,Curd rice,Excessive caffeine,Yoga (Pranayama),N/A - Prescription Required,Severity is high. Automatic recommendation disabled to ensure safety. Consult a doctor.,0,Warm turmeric milk (Haldi Doodh) for immunity.,Putting oil or ghee on open wounds.
693,Eczema,Skin,"Itchy patches, Red inflammation, Dry skin, Cracked skin",1,General Physician,Boiled vegetables,Cold drinks,Yoga (Pranayama),Cetirizine,Standard OTC Cetirizine for symptomatic relief.,500,Jeera water for digestion.,Applying Colgate/toothpaste on burns (causes infection).
694,Sunburn,Skin,"Peeling skin, Hot to touch, Red painful skin",2,General Physician,Moong Dal Khichdi,Spicy street food,Complete Bed Rest,Ibuprofen,Standard OTC Ibuprofen for symptomatic relief.,250,Coconut water for rehydration.,Using battery acid for skin patches.
695,Vitamin D Deficiency,General,"Bone pain, Muscle weakness, Hair loss, Mood changes",4,General Physician,Moong Dal Khichdi,Spicy street food,Brisk walking,ORS,Standard OTC ORS for symptomatic relief.,500,Coconut water for rehydration.,Using battery acid for skin patches.
696,Acne,Skin,"Blackheads, Pimples, Oily skin",8,Specialist Doctor,Pomegranate,Cold drinks,Brisk walking,N/A - Prescription Required,Severity is high. Automatic recommendation disabled to ensure safety. Consult a doctor.,0,Jeera water for digestion.,Applying Colgate/toothpaste on burns (causes infection).
697,Asthma,Respiratory,"Difficulty breathing, Chest tightness, Night cough",10,Specialist Doctor,Moong Dal Khichdi,Raw salads (if infectious),Light stretching,N/A - Prescription Required,Severity is high. Automatic recommendation disabled to ensure safety. Consult a doctor.,0,Jeera water for digestion.,Putting onions in armpits to reduce fever.
698,Sinusitis,Respiratory,"Thick yellow mucus, Facial pressure, Headache, Stuffed nose",10,Specialist Doctor,Boiled vegetables,Cold drinks,Yoga (Pranayama),N/A - Prescription Required,Severity is high. Automatic recommendation disabled to ensure safety. Consult a doctor.,0,Coconut water for rehydration.,Putting oil or ghee on open wounds.
699,Sunburn,Skin,"Peeling skin, Red painful skin, Hot to touch",5,General Physician,Curd rice,Spicy street food,Complete Bed Rest,Omeprazole,Standard OTC Omeprazole for symptomatic relief.,250,Jeera water for digestion.,Putting oil or ghee on open wounds.
700,Anemia,General,"Pale skin, Brittle nails, Cold hands, Extreme fatigue",10,Specialist Doctor,Papaya,Raw salads (if infectious),Yoga (Pranayama),N/A - Prescription Required,Severity is high. Automatic recommendation disabled to ensure safety. Consult a doctor.,0,Warm turmeric milk (Haldi Doodh) for immunity.,Putting oil or ghee on open wounds.
701,Sinusitis,Respiratory,"Thick yellow mucus, Stuffed nose, Headache",2,General Physician,Papaya,Deep-fried pakoras,Yoga (Pranayama),Cetirizine,Standard OTC Cetirizine for symptomatic relief.,250,Saltwater gargles for throat infection.,Putting onions in armpits to reduce fever.
702,Diarrhea,Gastrointestinal,"Abdominal cramps, Dehydration, Urgency",6,Specialist Doctor,Curd rice,Deep-fried pakoras,Yoga (Pranayama),N/A - Prescription Required,Severity is high. Automatic recommendation disabled to ensure safety. Consult a doctor.,0,Ginger and honey tea for sore throat.,Applying Colgate/toothpaste on burns (causes infection).
703,Allergic Rhinitis,Respiratory,"Constant sneezing, Itchy nose, Watery eyes, Puffy eyelids",9,Specialist Doctor,Curd rice,Raw salads (if infectious),Light stretching,N/A - Prescription Required,Severity is high. Automatic recommendation disabled to ensure safety. Consult a doctor.,0,Jeera water for digestion.,Rubbing heavy salt on rashes.
704,Dehydration,General,"Dizziness, Dark urine, Dry mouth",4,General Physician,Moong Dal Khichdi,Spicy street food,Brisk walking,Ibuprofen,Standard OTC Ibuprofen for symptomatic relief.,500,Ginger and honey tea for sore throat.,Using battery acid for skin patches.
705,Dengue,Infectious,"Retro-orbital pain, High fever, Joint pain",9,Specialist Doctor,Curd rice,Cold drinks,Brisk walking,N/A - Prescription Required,Severity is high. Automatic recommendation disabled to ensure safety. Consult a doctor.,0,Jeera water for digestion.,Putting onions in armpits to reduce fever.
706,Bronchitis,Respiratory,"Chest congestion, Wheezing, Persistent cough",3,General Physician,Boiled vegetables,Cold drinks,Anulom Vilom,Paracetamol,Standard OTC Paracetamol for symptomatic relief.,250,Ginger and honey tea for sore throat.,Rubbing heavy salt on rashes.
707,Anemia,General,"Pale skin, Cold hands, Extreme fatigue",3,General Physician,Curd rice,Deep-fried pakoras,Brisk walking,Paracetamol,Standard OTC Paracetamol for symptomatic relief.,250,Warm turmeric milk (Haldi Doodh) for immunity.,Rubbing heavy salt on rashes.
708,Sinusitis,Respiratory,"Thick yellow mucus, Stuffed nose, Headache, Facial pressure",3,General Physician,Moong Dal Khichdi,Excessive caffeine,Light stretching,Ibuprofen,Standard OTC Ibuprofen for symptomatic relief.,250,Saltwater gargles for throat infection.,Applying Colgate/toothpaste on burns (causes infection).
709,Dehydration,General,"Extreme thirst, Dry mouth, Dark urine",6,Specialist Doctor,Boiled vegetables,Deep-fried pakoras,Light stretching,N/A - Prescription Required,Severity is high. Automatic recommendation disabled to ensure safety. Consult a doctor.,0,Coconut water for rehydration.,Rubbing heavy salt on rashes.
710,Bronchitis,Respiratory,"Chest congestion, Shortness of breath, Wheezing, Persistent cough",3,General Physician,Moong Dal Khichdi,Spicy street food,Anulom Vilom,Ibuprofen,Standard OTC Ibuprofen for symptomatic relief.,650,Warm turmeric milk (Haldi Doodh) for immunity.,Rubbing heavy salt on rashes.
711,Food Poisoning,Gastrointestinal,"Diarrhea, Abdominal cramps, Projectile vomiting, Fever",8,Specialist Doctor,Papaya,Raw salads (if infectious),Complete Bed Rest,N/A - Prescription Required,Severity is high. Automatic recommendation disabled to ensure safety. Consult a doctor.,0,Ginger and honey tea for sore throat.,Putting onions in armpits to reduce fever.
712,Heat Stroke,General,"Confusion, No sweating, Rapid pulse, Body temp above 104F",8,Specialist Doctor,Curd rice,Cold drinks,Brisk walking,N/A - Prescription Required,Severity is high. Automatic recommendation disabled to ensure safety. Consult a doctor.,0,Saltwater gargles for throat infection.,Using battery acid for skin patches.
713,Sinusitis,Respiratory,"Thick yellow mucus, Facial pressure, Headache, Stuffed nose",3,General Physician,Curd rice,Raw salads (if infectious),Anulom Vilom,Paracetamol,Standard OTC Paracetamol for symptomatic relief.,250,Ginger and honey tea for sore throat.,Putting oil or ghee on open wounds.
714,Heat Stroke,General,"No sweating, Confusion, Rapid pulse, Body temp above 104F",5,General Physician,Moong Dal Khichdi,Excessive caffeine,Anulom Vilom,Paracetamol,Standard OTC Paracetamol for symptomatic relief.,250,Ginger and honey tea for sore throat.,Putting oil or ghee on open wounds.
715,Bronchitis,Respiratory,"Chest congestion, Persistent cough, Shortness of breath",4,General Physician,Pomegranate,Cold drinks,Light stretching,Paracetamol,Standard OTC Paracetamol for symptomatic relief.,500,Coconut water for rehydration.,Applying Colgate/toothpaste on burns (causes infection).
716,Bronchitis,Respiratory,"Chest congestion, Persistent cough, Shortness of breath, Wheezing",1,General Physician,Curd rice,Deep-fried pakoras,Light stretching,ORS,Standard OTC ORS for symptomatic relief.,250,Jeera water for digestion.,Using battery acid for skin patches.
717,Sinusitis,Respiratory,"Thick yellow mucus, Headache, Facial pressure, Stuffed nose",1,General Physician,Curd rice,Deep-fried pakoras,Light stretching,Paracetamol,Standard OTC Paracetamol for symptomatic relief.,500,Coconut water for rehydration.,Applying Colgate/toothpaste on burns (causes infection).
718,Amoebiasis,Gastrointestinal,"Stomach cramps, Bloody stools, Tenesmus, Weight loss",6,Specialist Doctor,Moong Dal Khichdi,Excessive caffeine,Anulom Vilom,N/A - Prescription Required,Severity is high. Automatic recommendation disabled to ensure safety. Consult a doctor.,0,Warm turmeric milk (Haldi Doodh) for immunity.,Using battery acid for skin patches.
719,Sunburn,Skin,"Blisters, Peeling skin, Hot to touch, Red painful skin",8,Specialist Doctor,Moong Dal Khichdi,Cold drinks,Yoga (Pranayama),N/A - Prescription Required,Severity is high. Automatic recommendation disabled to ensure safety. Consult a doctor.,0,Warm turmeric milk (Haldi Doodh) for immunity.,Rubbing heavy salt on rashes.
720,Common Cold,Infectious,"Sore throat, Mild fever, Sneezing, Runny nose",6,Specialist Doctor,Curd rice,Spicy street food,Anulom Vilom,N/A - Prescription Required,Severity is high. Automatic recommendation disabled to ensure safety. Consult a doctor.,0,Warm turmeric milk (Haldi Doodh) for immunity.,Rubbing heavy salt on rashes.
721,Acne,Skin,"Red bumps, Pimples, Blackheads",1,General Physician,Boiled vegetables,Cold drinks,Light stretching,Omeprazole,Standard OTC Omeprazole for symptomatic relief.,250,Jeera water for digestion.,Rubbing heavy salt on rashes.
722,Gastritis,Gastrointestinal,"Indigestion, Nausea, Upper stomach pain, Feeling full after small meal",1,General Physician,Boiled vegetables,Raw salads (if infectious),Light stretching,Loperamide,Standard OTC Loperamide for symptomatic relief.,500,Jeera water for digestion.,Rubbing heavy salt on rashes.
723,Influenza,Infectious,"High fever, Dry cough, Chills, Severe body ache",2,General Physician,Papaya,Cold drinks,Brisk walking,Omeprazole,Standard OTC Omeprazole for symptomatic relief.,500,Jeera water for digestion.,Putting oil or ghee on open wounds.
724,Sinusitis,Respiratory,"Facial pressure, Headache, Stuffed nose",2,General Physician,Boiled vegetables,Cold drinks,Complete Bed Rest,Cetirizine,Standard OTC Cetirizine for symptomatic relief.,650,Warm turmeric milk (Haldi Doodh) for immunity.,Using battery acid for skin patches.
725,Heat Rash,Skin,"Prickly heat, Mild swelling, Small red bumps, Itching in sweat areas",1,General Physician,Pomegranate,Spicy street food,Yoga (Pranayama),Paracetamol,Standard OTC Paracetamol for symptomatic relief.,250,Saltwater gargles for throat infection.,Putting oil or ghee on open wounds.
726,Dengue,Infectious,"Bleeding gums, High fever, Retro-orbital pain",5,General Physician,Papaya,Spicy street food,Light stretching,ORS,Standard OTC ORS for symptomatic relief.,500,Coconut water for rehydration.,Rubbing heavy salt on rashes.
727,Anemia,General,"Extreme fatigue, Cold hands, Pale skin",5,General Physician,Moong Dal Khichdi,Excessive caffeine,Brisk walking,Ibuprofen,Standard OTC Ibuprofen for symptomatic relief.,250,Coconut water for rehydration.,Putting onions in armpits to reduce fever.
728,Sinusitis,Respiratory,"Facial pressure, Stuffed nose, Thick yellow mucus",5,General Physician,Pomegranate,Excessive caffeine,Complete Bed Rest,Cetirizine,Standard OTC Cetirizine for symptomatic relief.,650,Saltwater gargles for throat infection.,Rubbing heavy salt on rashes.
729,Eczema,Skin,"Dry skin, Cracked skin, Itchy patches, Red inflammation",9,Specialist Doctor,Pomegranate,Cold drinks,Light stretching,N/A - Prescription Required,Severity is high. Automatic recommendation disabled to ensure safety. Consult a doctor.,0,Ginger and honey tea for sore throat.,Rubbing heavy salt on rashes.
730,Allergic Rhinitis,Respiratory,"Watery eyes, Itchy nose, Puffy eyelids",6,Specialist Doctor,Boiled vegetables,Excessive caffeine,Anulom Vilom,N/A - Prescription Required,Severity is high. Automatic recommendation disabled to ensure safety. Consult a doctor.,0,Saltwater gargles for throat infection.,Applying Colgate/toothpaste on burns (causes infection).
731,Asthma,Respiratory,"Night cough, Chest tightness, Difficulty breathing",6,Specialist Doctor,Boiled vegetables,Spicy street food,Anulom Vilom,N/A - Prescription Required,Severity is high. Automatic recommendation disabled to ensure safety. Consult a doctor.,0,Warm turmeric milk (Haldi Doodh) for immunity.,Applying Colgate/toothpaste on burns (causes infection).
732,Eczema,Skin,"Dry skin, Red inflammation, Itchy patches, Cracked skin",5,General Physician,Papaya,Excessive caffeine,Anulom Vilom,Loperamide,Standard OTC Loperamide for symptomatic relief.,650,Saltwater gargles for throat infection.,Putting oil or ghee on open wounds.
733,Vitamin D Deficiency,General,"Bone pain, Hair loss, Mood changes",6,Specialist Doctor,Curd rice,Deep-fried pakoras,Anulom Vilom,N/A - Prescription Required,Severity is high. Automatic recommendation disabled to ensure safety. Consult a doctor.,0,Saltwater gargles for throat infection.,Rubbing heavy salt on rashes.
734,Influenza,Infectious,"High fever, Severe body ache, Dry cough",8,Specialist Doctor,Moong Dal Khichdi,Raw salads (if infectious),Anulom Vilom,N/A - Prescription Required,Severity is high. Automatic recommendation disabled to ensure safety. Consult a doctor.,0,Warm turmeric milk (Haldi Doodh) for immunity.,Putting oil or ghee on open wounds.
735,Asthma,Respiratory,"Chest tightness, Wheezing sounds, Night cough, Difficulty breathing",3,General Physician,Boiled vegetables,Raw salads (if infectious),Complete Bed Rest,Omeprazole,Standard OTC Omeprazole for symptomatic relief.,500,Saltwater gargles for throat infection.,Putting oil or ghee on open wounds.
736,Allergic Rhinitis,Respiratory,"Constant sneezing, Itchy nose, Puffy eyelids",3,General Physician,Moong Dal Khichdi,Spicy street food,Complete Bed Rest,Ibuprofen,Standard OTC Ibuprofen for symptomatic relief.,250,Saltwater gargles for throat infection.,Putting onions in armpits to reduce fever.
737,Malaria,Infectious,"Splenomegaly, Profuse sweating, Shivering chills",8,Specialist Doctor,Moong Dal Khichdi,Raw salads (if infectious),Brisk walking,N/A - Prescription Required,Severity is high. Automatic recommendation disabled to ensure safety. Consult a doctor.,0,Coconut water for rehydration.,Putting onions in armpits to reduce fever.
738,Bronchitis,Respiratory,"Wheezing, Shortness of breath, Chest congestion, Persistent cough",5,General Physician,Papaya,Raw salads (if infectious),Yoga (Pranayama),Loperamide,Standard OTC Loperamide for symptomatic relief.,500,Ginger and honey tea for sore throat.,Using battery acid for skin patches.
739,Acne,Skin,"Oily skin, Pimples, Blackheads",2,General Physician,Pomegranate,Deep-fried pakoras,Light stretching,ORS,Standard OTC ORS for symptomatic relief.,500,Warm turmeric milk (Haldi Doodh) for immunity.,Putting onions in armpits to reduce fever.
740,Eczema,Skin,"Red inflammation, Itchy patches, Cracked skin",7,Specialist Doctor,Curd rice,Raw salads (if infectious),Anulom Vilom,N/A - Prescription Required,Severity is high. Automatic recommendation disabled to ensure safety. Consult a doctor.,0,Warm turmeric milk (Haldi Doodh) for immunity.,Using battery acid for skin patches.
741,Heat Rash,Skin,"Itching in sweat areas, Small red bumps, Mild swelling, Prickly heat",5,General Physician,Moong Dal Khichdi,Deep-fried pakoras,Anulom Vilom,Paracetamol,Standard OTC Paracetamol for symptomatic relief.,250,Coconut water for rehydration.,Using battery acid for skin patches.
742,Allergic Rhinitis,Respiratory,"Puffy eyelids, Itchy nose, Constant sneezing, Watery eyes",2,General Physician,Boiled vegetables,Deep-fried pakoras,Anulom Vilom,Cetirizine,Standard OTC Cetirizine for symptomatic relief.,500,Warm turmeric milk (Haldi Doodh) for immunity.,Putting onions in armpits to reduce fever.
743,Sunburn,Skin,"Peeling skin, Red painful skin, Blisters",8,Specialist Doctor,Curd rice,Excessive caffeine,Yoga (Pranayama),N/A - Prescription Required,Severity is high. Automatic recommendation disabled to ensure safety. Consult a doctor.,0,Saltwater gargles for throat infection.,Rubbing heavy salt on rashes.
744,Vitamin D Deficiency,General,"Mood changes, Bone pain, Muscle weakness",5,General Physician,Pomegranate,Raw salads (if infectious),Yoga (Pranayama),Omeprazole,Standard OTC Omeprazole for symptomatic relief.,250,Coconut water for rehydration.,Applying Colgate/toothpaste on burns (causes infection).
745,Anemia,General,"Pale skin, Extreme fatigue, Brittle nails",7,Specialist Doctor,Papaya,Cold drinks,Complete Bed Rest,N/A - Prescription Required,Severity is high. Automatic recommendation disabled to ensure safety. Consult a doctor.,0,Ginger and honey tea for sore throat.,Using battery acid for skin patches.
746,Dehydration,General,"Dizziness, Dark urine, Extreme thirst, Dry mouth",1,General Physician,Curd rice,Cold drinks,Brisk walking,Omeprazole,Standard OTC Omeprazole for symptomatic relief.,250,Ginger and honey tea for sore throat.,Using battery acid for skin patches.
747,Sinusitis,Respiratory,"Facial pressure, Thick yellow mucus, Headache, Stuffed nose",7,Specialist Doctor,Moong Dal Khichdi,Spicy street food,Light stretching,N/A - Prescription Required,Severity is high. Automatic recommendation disabled to ensure safety. Consult a doctor.,0,Jeera water for digestion.,Using battery acid for skin patches.
748,Heat Stroke,General,"Confusion, Body temp above 104F, Rapid pulse",10,Specialist Doctor,Boiled vegetables,Deep-fried pakoras,Yoga (Pranayama),N/A - Prescription Required,Severity is high. Automatic recommendation disabled to ensure safety. Consult a doctor.,0,Saltwater gargles for throat infection.,Using battery acid for skin patches.
749,Dengue,Infectious,"Bleeding gums, Retro-orbital pain, Joint pain, High fever",6,Specialist Doctor,Papaya,Deep-fried pakoras,Brisk walking,N/A - Prescription Required,Severity is high. Automatic recommendation disabled to ensure safety. Consult a doctor.,0,Ginger and honey tea for sore throat.,Putting oil or ghee on open wounds.
750,Dengue,Infectious,"Joint pain, Retro-orbital pain, Bleeding gums",8,Specialist Doctor,Papaya,Cold drinks,Complete Bed Rest,N/A - Prescription Required,Severity is high. Automatic recommendation disabled to ensure safety. Consult a doctor.,0,Jeera water for digestion.,Putting oil or ghee on open wounds.
751,Sinusitis,Respiratory,"Thick yellow mucus, Stuffed nose, Headache, Facial pressure",1,General Physician,Pomegranate,Deep-fried pakoras,Yoga (Pranayama),Ibuprofen,Standard OTC Ibuprofen for symptomatic relief.,650,Coconut water for rehydration.,Applying Colgate/toothpaste on burns (causes infection).
752,Common Cold,Infectious,"Sneezing, Sore throat, Mild fever",1,General Physician,Pomegranate,Raw salads (if infectious),Complete Bed Rest,Paracetamol,Standard OTC Paracetamol for symptomatic relief.,250,Ginger and honey tea for sore throat.,Applying Colgate/toothpaste on burns (causes infection).
753,Allergic Rhinitis,Respiratory,"Constant sneezing, Itchy nose, Puffy eyelids, Watery eyes",8,Specialist Doctor,Boiled vegetables,Raw salads (if infectious),Anulom Vilom,N/A - Prescription Required,Severity is high. Automatic recommendation disabled to ensure safety. Consult a doctor.,0,Coconut water for rehydration.,Rubbing heavy salt on rashes.
754,Asthma,Respiratory,"Difficulty breathing, Night cough, Chest tightness, Wheezing sounds",4,General Physician,Moong Dal Khichdi,Spicy street food,Anulom Vilom,ORS,Standard OTC ORS for symptomatic relief.,650,Coconut water for rehydration.,Using battery acid for skin patches.
755,Amoebiasis,Gastrointestinal,"Bloody stools, Tenesmus, Weight loss, Stomach cramps",5,General Physician,Pomegranate,Spicy street food,Brisk walking,ORS,Standard OTC ORS for symptomatic relief.,650,Saltwater gargles for throat infection.,Rubbing heavy salt on rashes.
756,Eczema,Skin,"Dry skin, Itchy patches, Cracked skin, Red inflammation",2,General Physician,Pomegranate,Spicy street food,Brisk walking,Cetirizine,Standard OTC Cetirizine for symptomatic relief.,500,Ginger and honey tea for sore throat.,Using battery acid for skin patches.
757,Heat Stroke,General,"Confusion, No sweating, Rapid pulse",9,Specialist Doctor,Curd rice,Cold drinks,Complete Bed Rest,N/A - Prescription Required,Severity is high. Automatic recommendation disabled to ensure safety. Consult a doctor.,0,Warm turmeric milk (Haldi Doodh) for immunity.,Using battery acid for skin patches.
758,Acidity,Gastrointestinal,"Burning sensation in chest, Bloating, Heartburn",9,Specialist Doctor,Boiled vegetables,Deep-fried pakoras,Light stretching,N/A - Prescription Required,Severity is high. Automatic recommendation disabled to ensure safety. Consult a doctor.,0,Jeera water for digestion.,Putting oil or ghee on open wounds.
759,Common Cold,Infectious,"Sore throat, Mild fever, Runny nose",2,General Physician,Pomegranate,Excessive caffeine,Yoga (Pranayama),Omeprazole,Standard OTC Omeprazole for symptomatic relief.,250,Warm turmeric milk (Haldi Doodh) for immunity.,Putting onions in armpits to reduce fever.
760,Fungal Infection,Skin,"Itching between toes, Scaly skin, Ring-shaped rash",8,Specialist Doctor,Papaya,Deep-fried pakoras,Brisk walking,N/A - Prescription Required,Severity is high. Automatic recommendation disabled to ensure safety. Consult a doctor.,0,Jeera water for digestion.,Rubbing heavy salt on rashes.
761,Fungal Infection,Skin,"Discolored nails, Scaly skin, Itching between toes, Ring-shaped rash",8,Specialist Doctor,Papaya,Raw salads (if infectious),Brisk walking,N/A - Prescription Required,Severity is high. Automatic recommendation disabled to ensure safety. Consult a doctor.,0,Warm turmeric milk (Haldi Doodh) for immunity.,Putting oil or ghee on open wounds.
762,Eczema,Skin,"Red inflammation, Cracked skin, Itchy patches, Dry skin",9,Specialist Doctor,Papaya,Excessive caffeine,Brisk walking,N/A - Prescription Required,Severity is high. Automatic recommendation disabled to ensure safety. Consult a doctor.,0,Warm turmeric milk (Haldi Doodh) for immunity.,Applying Colgate/toothpaste on burns (causes infection).
763,Sunburn,Skin,"Blisters, Hot to touch, Peeling skin",5,General Physician,Curd rice,Spicy street food,Anulom Vilom,Cetirizine,Standard OTC Cetirizine for symptomatic relief.,500,Saltwater gargles for throat infection.,Putting oil or ghee on open wounds.
764,Asthma,Respiratory,"Wheezing sounds, Night cough, Chest tightness, Difficulty breathing",2,General Physician,Pomegranate,Deep-fried pakoras,Light stretching,Omeprazole,Standard OTC Omeprazole for symptomatic relief.,650,Warm turmeric milk (Haldi Doodh) for immunity.,Using battery acid for skin patches.
765,Heat Stroke,General,"Rapid pulse, No sweating, Body temp above 104F",2,General Physician,Papaya,Raw salads (if infectious),Brisk walking,Cetirizine,Standard OTC Cetirizine for symptomatic relief.,250,Coconut water for rehydration.,Applying Colgate/toothpaste on burns (causes infection).
766,Allergic Rhinitis,Respiratory,"Watery eyes, Itchy nose, Puffy eyelids",10,Specialist Doctor,Papaya,Raw salads (if infectious),Complete Bed Rest,N/A - Prescription Required,Severity is high. Automatic recommendation disabled to ensure safety. Consult a doctor.,0,Warm turmeric milk (Haldi Doodh) for immunity.,Putting oil or ghee on open wounds.
767,Influenza,Infectious,"Chills, High fever, Dry cough, Severe body ache",7,Specialist Doctor,Papaya,Raw salads (if infectious),Yoga (Pranayama),N/A - Prescription Required,Severity is high. Automatic recommendation disabled to ensure safety. Consult a doctor.,0,Jeera water for digestion.,Rubbing heavy salt on rashes.
768,Anemia,General,"Brittle nails, Pale skin, Extreme fatigue, Cold hands",4,General Physician,Boiled vegetables,Excessive caffeine,Yoga (Pranayama),Cetirizine,Standard OTC Cetirizine for symptomatic relief.,500,Warm turmeric milk (Haldi Doodh) for immunity.,Rubbing heavy salt on rashes.
769,Dehydration,General,"Extreme thirst, Dizziness, Dry mouth, Dark urine",8,Specialist Doctor,Curd rice,Raw salads (if infectious),Anulom Vilom,N/A - Prescription Required,Severity is high. Automatic recommendation disabled to ensure safety. Consult a doctor.,0,Saltwater gargles for throat infection.,Putting oil or ghee on open wounds.
770,Gastritis,Gastrointestinal,"Upper stomach pain, Feeling full after small meal, Nausea",6,Specialist Doctor,Papaya,Excessive caffeine,Yoga (Pranayama),N/A - Prescription Required,Severity is high. Automatic recommendation disabled to ensure safety. Consult a doctor.,0,Ginger and honey tea for sore throat.,Using battery acid for skin patches.
771,Heat Rash,Skin,"Prickly heat, Mild swelling, Small red bumps",4,General Physician,Papaya,Raw salads (if infectious),Light stretching,Ibuprofen,Standard OTC Ibuprofen for symptomatic relief.,650,Warm turmeric milk (Haldi Doodh) for immunity.,Applying Colgate/toothpaste on burns (causes infection).
772,Common Cold,Infectious,"Mild fever, Sore throat, Sneezing",7,Specialist Doctor,Papaya,Raw salads (if infectious),Brisk walking,N/A - Prescription Required,Severity is high. Automatic recommendation disabled to ensure safety. Consult a doctor.,0,Jeera water for digestion.,Putting oil or ghee on open wounds.
773,Dengue,Infectious,"Retro-orbital pain, High fever, Bleeding gums, Joint pain",2,General Physician,Curd rice,Spicy street food,Yoga (Pranayama),Cetirizine,Standard OTC Cetirizine for symptomatic relief.,650,Coconut water for rehydration.,Using battery acid for skin patches.
774,Amoebiasis,Gastrointestinal,"Bloody stools, Weight loss, Tenesmus, Stomach cramps",8,Specialist Doctor,Moong Dal Khichdi,Spicy street food,Anulom Vilom,N/A - Prescription Required,Severity is high. Automatic recommendation disabled to ensure safety. Consult a doctor.,0,Jeera water for digestion.,Using battery acid for skin patches.
775,Allergic Rhinitis,Respiratory,"Constant sneezing, Itchy nose, Watery eyes, Puffy eyelids",1,General Physician,Papaya,Cold drinks,Anulom Vilom,Ibuprofen,Standard OTC Ibuprofen for symptomatic relief.,500,Coconut water for rehydration.,Rubbing heavy salt on rashes.
776,Allergic Rhinitis,Respiratory,"Constant sneezing, Puffy eyelids, Watery eyes, Itchy nose",10,Specialist Doctor,Curd rice,Excessive caffeine,Complete Bed Rest,N/A - Prescription Required,Severity is high. Automatic recommendation disabled to ensure safety. Consult a doctor.,0,Saltwater gargles for throat infection.,Applying Colgate/toothpaste on burns (causes infection).
777,Dehydration,General,"Dark urine, Extreme thirst, Dry mouth, Dizziness",1,General Physician,Pomegranate,Deep-fried pakoras,Complete Bed Rest,Cetirizine,Standard OTC Cetirizine for symptomatic relief.,650,Coconut water for rehydration.,Rubbing heavy salt on rashes.
778,Influenza,Infectious,"Dry cough, High fever, Severe body ache, Chills",6,Specialist Doctor,Curd rice,Excessive caffeine,Brisk walking,N/A - Prescription Required,Severity is high. Automatic recommendation disabled to ensure safety. Consult a doctor.,0,Saltwater gargles for throat infection.,Putting oil or ghee on open wounds.
779,Fungal Infection,Skin,"Ring-shaped rash, Discolored nails, Scaly skin",8,Specialist Doctor,Papaya,Raw salads (if infectious),Complete Bed Rest,N/A - Prescription Required,Severity is high. Automatic recommendation disabled to ensure safety. Consult a doctor.,0,Coconut water for rehydration.,Using battery acid for skin patches.
780,Acidity,Gastrointestinal,"Sour burps, Burning sensation in chest, Heartburn, Bloating",6,Specialist Doctor,Papaya,Raw salads (if infectious),Brisk walking,N/A - Prescription Required,Severity is high. Automatic recommendation disabled to ensure safety. Consult a doctor.,0,Warm turmeric milk (Haldi Doodh) for immunity.,Rubbing heavy salt on rashes.
781,Asthma,Respiratory,"Chest tightness, Night cough, Wheezing sounds",2,General Physician,Pomegranate,Deep-fried pakoras,Complete Bed Rest,Cetirizine,Standard OTC Cetirizine for symptomatic relief.,250,Jeera water for digestion.,Putting oil or ghee on open wounds.
782,Chickenpox,Infectious,"Loss of appetite, Fluid-filled blisters, Intense itching",2,General Physician,Boiled vegetables,Raw salads (if infectious),Brisk walking,Loperamide,Standard OTC Loperamide for symptomatic relief.,500,Coconut water for rehydration.,Putting oil or ghee on open wounds.
783,Sinusitis,Respiratory,"Thick yellow mucus, Headache, Facial pressure",3,General Physician,Boiled vegetables,Deep-fried pakoras,Complete Bed Rest,Cetirizine,Standard OTC Cetirizine for symptomatic relief.,650,Coconut water for rehydration.,Rubbing heavy salt on rashes.
784,Dengue,Infectious,"Joint pain, Retro-orbital pain, Bleeding gums",9,Specialist Doctor,Moong Dal Khichdi,Raw salads (if infectious),Light stretching,N/A - Prescription Required,Severity is high. Automatic recommendation disabled to ensure safety. Consult a doctor.,0,Coconut water for rehydration.,Using battery acid for skin patches.
785,Heat Rash,Skin,"Prickly heat, Small red bumps, Mild swelling, Itching in sweat areas",3,General Physician,Papaya,Spicy street food,Brisk walking,ORS,Standard OTC ORS for symptomatic relief.,650,Saltwater gargles for throat infection.,Putting oil or ghee on open wounds.
786,Diarrhea,Gastrointestinal,"Loose stools, Urgency, Abdominal cramps",7,Specialist Doctor,Moong Dal Khichdi,Spicy street food,Complete Bed Rest,N/A - Prescription Required,Severity is high. Automatic recommendation disabled to ensure safety. Consult a doctor.,0,Jeera water for digestion.,Rubbing heavy salt on rashes.
787,Acne,Skin,"Blackheads, Pimples, Oily skin, Red bumps",6,Specialist Doctor,Boiled vegetables,Cold drinks,Brisk walking,N/A - Prescription Required,Severity is high. Automatic recommendation disabled to ensure safety. Consult a doctor.,0,Saltwater gargles for throat infection.,Applying Colgate/toothpaste on burns (causes infection).
788,Asthma,Respiratory,"Wheezing sounds, Chest tightness, Night cough, Difficulty breathing",3,General Physician,Curd rice,Excessive caffeine,Anulom Vilom,ORS,Standard OTC ORS for symptomatic relief.,500,Warm turmeric milk (Haldi Doodh) for immunity.,Putting oil or ghee on open wounds.
789,Heat Rash,Skin,"Prickly heat, Itching in sweat areas, Small red bumps, Mild swelling",9,Specialist Doctor,Pomegranate,Spicy street food,Yoga (Pranayama),N/A - Prescription Required,Severity is high. Automatic recommendation disabled to ensure safety. Consult a doctor.,0,Coconut water for rehydration.,Using battery acid for skin patches.
790,Gastritis,Gastrointestinal,"Indigestion, Nausea, Upper stomach pain",6,Specialist Doctor,Boiled vegetables,Cold drinks,Yoga (Pranayama),N/A - Prescription Required,Severity is high. Automatic recommendation disabled to ensure safety. Consult a doctor.,0,Warm turmeric milk (Haldi Doodh) for immunity.,Putting oil or ghee on open wounds.
791,Asthma,Respiratory,"Wheezing sounds, Difficulty breathing, Chest tightness, Night cough",3,General Physician,Papaya,Cold drinks,Brisk walking,Paracetamol,Standard OTC Paracetamol for symptomatic relief.,250,Saltwater gargles for throat infection.,Applying Colgate/toothpaste on burns (causes infection).
792,Food Poisoning,Gastrointestinal,"Fever, Projectile vomiting, Diarrhea",6,Specialist Doctor,Moong Dal Khichdi,Deep-fried pakoras,Complete Bed Rest,N/A - Prescription Required,Severity is high. Automatic recommendation disabled to ensure safety. Consult a doctor.,0,Jeera water for digestion.,Putting onions in armpits to reduce fever.
793,Sinusitis,Respiratory,"Facial pressure, Stuffed nose, Headache",7,Specialist Doctor,Moong Dal Khichdi,Excessive caffeine,Complete Bed Rest,N/A - Prescription Required,Severity is high. Automatic recommendation disabled to ensure safety. Consult a doctor.,0,Saltwater gargles for throat infection.,Using battery acid for skin patches.
794,Asthma,Respiratory,"Chest tightness, Wheezing sounds, Night cough",4,General Physician,Papaya,Spicy street food,Anulom Vilom,Cetirizine,Standard OTC Cetirizine for symptomatic relief.,250,Saltwater gargles for throat infection.,Putting onions in armpits to reduce fever.
795,Acidity,Gastrointestinal,"Bloating, Heartburn, Burning sensation in chest",8,Specialist Doctor,Curd rice,Excessive caffeine,Brisk walking,N/A - Prescription Required,Severity is high. Automatic recommendation disabled to ensure safety. Consult a doctor.,0,Ginger and honey tea for sore throat.,Rubbing heavy salt on rashes.
796,Sinusitis,Respiratory,"Facial pressure, Thick yellow mucus, Headache, Stuffed nose",8,Specialist Doctor,Curd rice,Spicy street food,Complete Bed Rest,N/A - Prescription Required,Severity is high. Automatic recommendation disabled to ensure safety. Consult a doctor.,0,Coconut water for rehydration.,Applying Colgate/toothpaste on burns (causes infection).
797,Heat Stroke,General,"Confusion, No sweating, Rapid pulse",5,General Physician,Curd rice,Raw salads (if infectious),Yoga (Pranayama),ORS,Standard OTC ORS for symptomatic relief.,500,Jeera water for digestion.,Applying Colgate/toothpaste on burns (causes infection).
798,Sunburn,Skin,"Hot to touch, Red painful skin, Blisters, Peeling skin",4,General Physician,Moong Dal Khichdi,Excessive caffeine,Yoga (Pranayama),Cetirizine,Standard OTC Cetirizine for symptomatic relief.,250,Saltwater gargles for throat infection.,Rubbing heavy salt on rashes.
799,Amoebiasis,Gastrointestinal,"Tenesmus, Stomach cramps, Bloody stools",8,Specialist Doctor,Curd rice,Raw salads (if infectious),Light stretching,N/A - Prescription Required,Severity is high. Automatic recommendation disabled to ensure safety. Consult a doctor.,0,Jeera water for digestion.,Rubbing heavy salt on rashes.
800,Sinusitis,Respiratory,"Headache, Thick yellow mucus, Stuffed nose",10,Specialist Doctor,Moong Dal Khichdi,Excessive caffeine,Light stretching,N/A - Prescription Required,Severity is high. Automatic recommendation disabled to ensure safety. Consult a doctor.,0,Saltwater gargles for throat infection.,Putting oil or ghee on open wounds.
801,Sinusitis,Respiratory,"Thick yellow mucus, Facial pressure, Headache",2,General Physician,Moong Dal Khichdi,Cold drinks,Light stretching,Cetirizine,Standard OTC Cetirizine for symptomatic relief.,250,Coconut water for rehydration.,Rubbing heavy salt on rashes.
802,Heat Stroke,General,"No sweating, Confusion, Rapid pulse, Body temp above 104F",1,General Physician,Moong Dal Khichdi,Excessive caffeine,Light stretching,Paracetamol,Standard OTC Paracetamol for symptomatic relief.,650,Jeera water for digestion.,Rubbing heavy salt on rashes.
803,Anemia,General,"Brittle nails, Cold hands, Pale skin",5,General Physician,Curd rice,Spicy street food,Anulom Vilom,Paracetamol,Standard OTC Paracetamol for symptomatic relief.,500,Saltwater gargles for throat infection.,Rubbing heavy salt on rashes.
804,Bronchitis,Respiratory,"Chest congestion, Shortness of breath, Persistent cough",10,Specialist Doctor,Boiled vegetables,Raw salads (if infectious),Complete Bed Rest,N/A - Prescription Required,Severity is high. Automatic recommendation disabled to ensure safety. Consult a doctor.,0,Ginger and honey tea for sore throat.,Putting onions in armpits to reduce fever.
805,Acne,Skin,"Oily skin, Pimples, Blackheads",2,General Physician,Moong Dal Khichdi,Deep-fried pakoras,Light stretching,Ibuprofen,Standard OTC Ibuprofen for symptomatic relief.,500,Coconut water for rehydration.,Rubbing heavy salt on rashes.
806,Amoebiasis,Gastrointestinal,"Tenesmus, Stomach cramps, Weight loss",3,General Physician,Boiled vegetables,Spicy street food,Complete Bed Rest,Paracetamol,Standard OTC Paracetamol for symptomatic relief.,650,Ginger and honey tea for sore throat.,Putting onions in armpits to reduce fever.
807,Vitamin D Deficiency,General,"Bone pain, Muscle weakness, Hair loss, Mood changes",3,General Physician,Pomegranate,Spicy street food,Complete Bed Rest,Loperamide,Standard OTC Loperamide for symptomatic relief.,250,Saltwater gargles for throat infection.,Putting onions in armpits to reduce fever.
808,Anemia,General,"Cold hands, Brittle nails, Extreme fatigue",2,General Physician,Curd rice,Spicy street food,Anulom Vilom,Cetirizine,Standard OTC Cetirizine for symptomatic relief.,500,Warm turmeric milk (Haldi Doodh) for immunity.,Applying Colgate/toothpaste on burns (causes infection).
809,Amoebiasis,Gastrointestinal,"Weight loss, Tenesmus, Bloody stools",5,General Physician,Papaya,Deep-fried pakoras,Yoga (Pranayama),Omeprazole,Standard OTC Omeprazole for symptomatic relief.,250,Warm turmeric milk (Haldi Doodh) for immunity.,Putting onions in armpits to reduce fever.
810,Acidity,Gastrointestinal,"Sour burps, Heartburn, Burning sensation in chest, Bloating",1,General Physician,Curd rice,Raw salads (if infectious),Light stretching,Omeprazole,Standard OTC Omeprazole for symptomatic relief.,500,Warm turmeric milk (Haldi Doodh) for immunity.,Applying Colgate/toothpaste on burns (causes infection).
811,Fungal Infection,Skin,"Scaly skin, Discolored nails, Ring-shaped rash",10,Specialist Doctor,Curd rice,Spicy street food,Brisk walking,N/A - Prescription Required,Severity is high. Automatic recommendation disabled to ensure safety. Consult a doctor.,0,Warm turmeric milk (Haldi Doodh) for immunity.,Putting oil or ghee on open wounds.
812,Allergic Rhinitis,Respiratory,"Watery eyes, Puffy eyelids, Itchy nose",1,General Physician,Pomegranate,Deep-fried pakoras,Yoga (Pranayama),Paracetamol,Standard OTC Paracetamol for symptomatic relief.,500,Warm turmeric milk (Haldi Doodh) for immunity.,Putting onions in armpits to reduce fever.
813,Typhoid,Infectious,"Stomach pain, Rose spots, High fever",1,General Physician,Curd rice,Excessive caffeine,Brisk walking,ORS,Standard OTC ORS for symptomatic relief.,650,Warm turmeric milk (Haldi Doodh) for immunity.,Using battery acid for skin patches.
814,Acne,Skin,"Red bumps, Pimples, Oily skin, Blackheads",5,General Physician,Boiled vegetables,Raw salads (if infectious),Light stretching,Cetirizine,Standard OTC Cetirizine for symptomatic relief.,500,Coconut water for rehydration.,Putting oil or ghee on open wounds.
815,Typhoid,Infectious,"Stomach pain, Rose spots, High fever",8,Specialist Doctor,Moong Dal Khichdi,Excessive caffeine,Complete Bed Rest,N/A - Prescription Required,Severity is high. Automatic recommendation disabled to ensure safety. Consult a doctor.,0,Warm turmeric milk (Haldi Doodh) for immunity.,Using battery acid for skin patches.
816,Vitamin D Deficiency,General,"Mood changes, Hair loss, Bone pain",10,Specialist Doctor,Papaya,Raw salads (if infectious),Yoga (Pranayama),N/A - Prescription Required,Severity is high. Automatic recommendation disabled to ensure safety. Consult a doctor.,0,Jeera water for digestion.,Using battery acid for skin patches.
817,Asthma,Respiratory,"Chest tightness, Night cough, Wheezing sounds",5,General Physician,Moong Dal Khichdi,Excessive caffeine,Yoga (Pranayama),Loperamide,Standard OTC Loperamide for symptomatic relief.,650,Coconut water for rehydration.,Putting oil or ghee on open wounds.
818,Dehydration,General,"Dry mouth, Extreme thirst, Dizziness, Dark urine",2,General Physician,Curd rice,Raw salads (if infectious),Light stretching,Loperamide,Standard OTC Loperamide for symptomatic relief.,250,Ginger and honey tea for sore throat.,Putting onions in armpits to reduce fever.
819,Heat Stroke,General,"Rapid pulse, No sweating, Body temp above 104F, Confusion",10,Specialist Doctor,Curd rice,Spicy street food,Complete Bed Rest,N/A - Prescription Required,Severity is high. Automatic recommendation disabled to ensure safety. Consult a doctor.,0,Jeera water for digestion.,Applying Colgate/toothpaste on burns (causes infection).
820,Asthma,Respiratory,"Chest tightness, Difficulty breathing, Wheezing sounds, Night cough",1,General Physician,Curd rice,Excessive caffeine,Anulom Vilom,Cetirizine,Standard OTC Cetirizine for symptomatic relief.,250,Ginger and honey tea for sore throat.,Putting oil or ghee on open wounds.
821,Common Cold,Infectious,"Mild fever, Runny nose, Sore throat",4,General Physician,Moong Dal Khichdi,Deep-fried pakoras,Brisk walking,Paracetamol,Standard OTC Paracetamol for symptomatic relief.,250,Warm turmeric milk (Haldi Doodh) for immunity.,Putting onions in armpits to reduce fever.
822,Allergic Rhinitis,Respiratory,"Itchy nose, Constant sneezing, Watery eyes",1,General Physician,Curd rice,Spicy street food,Brisk walking,Loperamide,Standard OTC Loperamide for symptomatic relief.,500,Saltwater gargles for throat infection.,Putting onions in armpits to reduce fever.
823,Food Poisoning,Gastrointestinal,"Abdominal cramps, Projectile vomiting, Diarrhea",3,General Physician,Curd rice,Cold drinks,Light stretching,Paracetamol,Standard OTC Paracetamol for symptomatic relief.,650,Warm turmeric milk (Haldi Doodh) for immunity.,Using battery acid for skin patches.
824,Gastritis,Gastrointestinal,"Upper stomach pain, Indigestion, Feeling full after small meal, Nausea",1,General Physician,Papaya,Spicy street food,Anulom Vilom,Omeprazole,Standard OTC Omeprazole for symptomatic relief.,500,Ginger and honey tea for sore throat.,Putting oil or ghee on open wounds.
825,Chickenpox,Infectious,"Loss of appetite, Intense itching, Fluid-filled blisters",7,Specialist Doctor,Boiled vegetables,Deep-fried pakoras,Brisk walking,N/A - Prescription Required,Severity is high. Automatic recommendation disabled to ensure safety. Consult a doctor.,0,Coconut water for rehydration.,Putting oil or ghee on open wounds.
826,Diarrhea,Gastrointestinal,"Urgency, Dehydration, Loose stools, Abdominal cramps",2,General Physician,Papaya,Spicy street food,Complete Bed Rest,Omeprazole,Standard OTC Omeprazole for symptomatic relief.,500,Jeera water for digestion.,Putting oil or ghee on open wounds.
827,Amoebiasis,Gastrointestinal,"Weight loss, Stomach cramps, Bloody stools, Tenesmus",6,Specialist Doctor,Pomegranate,Excessive caffeine,Light stretching,N/A - Prescription Required,Severity is high. Automatic recommendation disabled to ensure safety. Consult a doctor.,0,Warm turmeric milk (Haldi Doodh) for immunity.,Using battery acid for skin patches.
828,Acne,Skin,"Oily skin, Blackheads, Pimples",7,Specialist Doctor,Boiled vegetables,Deep-fried pakoras,Yoga (Pranayama),N/A - Prescription Required,Severity is high. Automatic recommendation disabled to ensure safety. Consult a doctor.,0,Saltwater gargles for throat infection.,Putting onions in armpits to reduce fever.
829,Malaria,Infectious,"Cyclical fever, Profuse sweating, Shivering chills",10,Specialist Doctor,Pomegranate,Deep-fried pakoras,Light stretching,N/A - Prescription Required,Severity is high. Automatic recommendation disabled to ensure safety. Consult a doctor.,0,Coconut water for rehydration.,Rubbing heavy salt on rashes.
830,Acidity,Gastrointestinal,"Heartburn, Sour burps, Burning sensation in chest",6,Specialist Doctor,Moong Dal Khichdi,Raw salads (if infectious),Yoga (Pranayama),N/A - Prescription Required,Severity is high. Automatic recommendation disabled to ensure safety. Consult a doctor.,0,Ginger and honey tea for sore throat.,Using battery acid for skin patches.
831,Heat Rash,Skin,"Mild swelling, Small red bumps, Itching in sweat areas, Prickly heat",10,Specialist Doctor,Pomegranate,Excessive caffeine,Yoga (Pranayama),N/A - Prescription Required,Severity is high. Automatic recommendation disabled to ensure safety. Consult a doctor.,0,Saltwater gargles for throat infection.,Using battery acid for skin patches.
832,Amoebiasis,Gastrointestinal,"Tenesmus, Bloody stools, Weight loss",3,General Physician,Pomegranate,Excessive caffeine,Brisk walking,ORS,Standard OTC ORS for symptomatic relief.,500,Coconut water for rehydration.,Putting oil or ghee on open wounds.
833,Acne,Skin,"Oily skin, Red bumps, Pimples",6,Specialist Doctor,Moong Dal Khichdi,Spicy street food,Brisk walking,N/A - Prescription Required,Severity is high. Automatic recommendation disabled to ensure safety. Consult a doctor.,0,Coconut water for rehydration.,Putting onions in armpits to reduce fever.
834,Sunburn,Skin,"Hot to touch, Red painful skin, Blisters",9,Specialist Doctor,Boiled vegetables,Excessive caffeine,Brisk walking,N/A - Prescription Required,Severity is high. Automatic recommendation disabled to ensure safety. Consult a doctor.,0,Saltwater gargles for throat infection.,Applying Colgate/toothpaste on burns (causes infection).
835,Asthma,Respiratory,"Chest tightness, Wheezing sounds, Night cough, Difficulty breathing",2,General Physician,Papaya,Excessive caffeine,Complete Bed Rest,Cetirizine,Standard OTC Cetirizine for symptomatic relief.,650,Coconut water for rehydration.,Putting onions in armpits to reduce fever.
836,Vitamin D Deficiency,General,"Hair loss, Mood changes, Bone pain",5,General Physician,Curd rice,Spicy street food,Complete Bed Rest,Cetirizine,Standard OTC Cetirizine for symptomatic relief.,250,Saltwater gargles for throat infection.,Putting onions in armpits to reduce fever.
837,Dehydration,General,"Dark urine, Dizziness, Dry mouth, Extreme thirst",6,Specialist Doctor,Papaya,Spicy street food,Anulom Vilom,N/A - Prescription Required,Severity is high. Automatic recommendation disabled to ensure safety. Consult a doctor.,0,Coconut water for rehydration.,Using battery acid for skin patches.
838,Dengue,Infectious,"Bleeding gums, Retro-orbital pain, High fever, Joint pain",2,General Physician,Curd rice,Excessive caffeine,Light stretching,Loperamide,Standard OTC Loperamide for symptomatic relief.,650,Warm turmeric milk (Haldi Doodh) for immunity.,Putting oil or ghee on open wounds.
839,Dehydration,General,"Dark urine, Dizziness, Dry mouth",8,Specialist Doctor,Pomegranate,Spicy street food,Light stretching,N/A - Prescription Required,Severity is high. Automatic recommendation disabled to ensure safety. Consult a doctor.,0,Coconut water for rehydration.,Applying Colgate/toothpaste on burns (causes infection).
840,Sinusitis,Respiratory,"Facial pressure, Headache, Thick yellow mucus, Stuffed nose",4,General Physician,Boiled vegetables,Excessive caffeine,Brisk walking,Paracetamol,Standard OTC Paracetamol for symptomatic relief.,650,Coconut water for rehydration.,Using battery acid for skin patches.
841,Vitamin D Deficiency,General,"Hair loss, Mood changes, Muscle weakness",5,General Physician,Papaya,Excessive caffeine,Anulom Vilom,Omeprazole,Standard OTC Omeprazole for symptomatic relief.,650,Warm turmeric milk (Haldi Doodh) for immunity.,Putting oil or ghee on open wounds.
842,Common Cold,Infectious,"Mild fever, Sore throat, Sneezing, Runny nose",2,General Physician,Moong Dal Khichdi,Raw salads (if infectious),Yoga (Pranayama),ORS,Standard OTC ORS for symptomatic relief.,250,Coconut water for rehydration.,Putting oil or ghee on open wounds.
843,Common Cold,Infectious,"Sneezing, Runny nose, Mild fever",5,General Physician,Moong Dal Khichdi,Spicy street food,Anulom Vilom,Loperamide,Standard OTC Loperamide for symptomatic relief.,250,Saltwater gargles for throat infection.,Applying Colgate/toothpaste on burns (causes infection).
844,Acidity,Gastrointestinal,"Sour burps, Burning sensation in chest, Bloating, Heartburn",9,Specialist Doctor,Boiled vegetables,Deep-fried pakoras,Brisk walking,N/A - Prescription Required,Severity is high. Automatic recommendation disabled to ensure safety. Consult a doctor.,0,Warm turmeric milk (Haldi Doodh) for immunity.,Applying Colgate/toothpaste on burns (causes infection).
845,Sinusitis,Respiratory,"Headache, Stuffed nose, Thick yellow mucus",2,General Physician,Papaya,Excessive caffeine,Light stretching,Ibuprofen,Standard OTC Ibuprofen for symptomatic relief.,500,Warm turmeric milk (Haldi Doodh) for immunity.,Putting onions in armpits to reduce fever.
846,Common Cold,Infectious,"Mild fever, Runny nose, Sore throat",4,General Physician,Curd rice,Raw salads (if infectious),Light stretching,ORS,Standard OTC ORS for symptomatic relief.,650,Jeera water for digestion.,Using battery acid for skin patches.
847,Sunburn,Skin,"Peeling skin, Hot to touch, Blisters",9,Specialist Doctor,Pomegranate,Cold drinks,Anulom Vilom,N/A - Prescription Required,Severity is high. Automatic recommendation disabled to ensure safety. Consult a doctor.,0,Ginger and honey tea for sore throat.,Rubbing heavy salt on rashes.
848,Dengue,Infectious,"High fever, Bleeding gums, Joint pain, Retro-orbital pain",5,General Physician,Moong Dal Khichdi,Deep-fried pakoras,Anulom Vilom,ORS,Standard OTC ORS for symptomatic relief.,500,Warm turmeric milk (Haldi Doodh) for immunity.,Using battery acid for skin patches.
849,Bronchitis,Respiratory,"Shortness of breath, Persistent cough, Chest congestion, Wheezing",1,General Physician,Pomegranate,Excessive caffeine,Anulom Vilom,Loperamide,Standard OTC Loperamide for symptomatic relief.,650,Warm turmeric milk (Haldi Doodh) for immunity.,Using battery acid for skin patches.
850,Sinusitis,Respiratory,"Thick yellow mucus, Stuffed nose, Headache, Facial pressure",10,Specialist Doctor,Curd rice,Excessive caffeine,Light stretching,N/A - Prescription Required,Severity is high. Automatic recommendation disabled to ensure safety. Consult a doctor.,0,Jeera water for digestion.,Applying Colgate/toothpaste on burns (causes infection).
851,Allergic Rhinitis,Respiratory,"Constant sneezing, Watery eyes, Puffy eyelids, Itchy nose",1,General Physician,Moong Dal Khichdi,Raw salads (if infectious),Brisk walking,Omeprazole,Standard OTC Omeprazole for symptomatic relief.,650,Saltwater gargles for throat infection.,Putting onions in armpits to reduce fever.
852,Heat Stroke,General,"No sweating, Rapid pulse, Body temp above 104F, Confusion",6,Specialist Doctor,Boiled vegetables,Raw salads (if infectious),Light stretching,N/A - Prescription Required,Severity is high. Automatic recommendation disabled to ensure safety. Consult a doctor.,0,Saltwater gargles for throat infection.,Using battery acid for skin patches.
853,Allergic Rhinitis,Respiratory,"Constant sneezing, Watery eyes, Itchy nose",6,Specialist Doctor,Papaya,Spicy street food,Light stretching,N/A - Prescription Required,Severity is high. Automatic recommendation disabled to ensure safety. Consult a doctor.,0,Ginger and honey tea for sore throat.,Using battery acid for skin patches.
854,Sinusitis,Respiratory,"Stuffed nose, Thick yellow mucus, Facial pressure, Headache",5,General Physician,Papaya,Raw salads (if infectious),Yoga (Pranayama),Loperamide,Standard OTC Loperamide for symptomatic relief.,650,Ginger and honey tea for sore throat.,Rubbing heavy salt on rashes.
855,Vitamin D Deficiency,General,"Muscle weakness, Mood changes, Hair loss, Bone pain",6,Specialist Doctor,Curd rice,Spicy street food,Complete Bed Rest,N/A - Prescription Required,Severity is high. Automatic recommendation disabled to ensure safety. Consult a doctor.,0,Jeera water for digestion.,Putting onions in armpits to reduce fever.
856,Dehydration,General,"Dry mouth, Dark urine, Extreme thirst",8,Specialist Doctor,Pomegranate,Deep-fried pakoras,Complete Bed Rest,N/A - Prescription Required,Severity is high. Automatic recommendation disabled to ensure safety. Consult a doctor.,0,Warm turmeric milk (Haldi Doodh) for immunity.,Putting oil or ghee on open wounds.
857,Allergic Rhinitis,Respiratory,"Constant sneezing, Puffy eyelids, Watery eyes, Itchy nose",8,Specialist Doctor,Moong Dal Khichdi,Spicy street food,Yoga (Pranayama),N/A - Prescription Required,Severity is high. Automatic recommendation disabled to ensure safety. Consult a doctor.,0,Jeera water for digestion.,Putting oil or ghee on open wounds.
858,Chickenpox,Infectious,"Fever, Loss of appetite, Intense itching",6,Specialist Doctor,Papaya,Raw salads (if infectious),Complete Bed Rest,N/A - Prescription Required,Severity is high. Automatic recommendation disabled to ensure safety. Consult a doctor.,0,Coconut water for rehydration.,Applying Colgate/toothpaste on burns (causes infection).
859,Eczema,Skin,"Dry skin, Itchy patches, Cracked skin",4,General Physician,Papaya,Cold drinks,Brisk walking,Loperamide,Standard OTC Loperamide for symptomatic relief.,250,Ginger and honey tea for sore throat.,Putting oil or ghee on open wounds.
860,Sunburn,Skin,"Red painful skin, Peeling skin, Hot to touch",4,General Physician,Boiled vegetables,Deep-fried pakoras,Light stretching,Omeprazole,Standard OTC Omeprazole for symptomatic relief.,250,Coconut water for rehydration.,Applying Colgate/toothpaste on burns (causes infection).
861,Vitamin D Deficiency,General,"Mood changes, Muscle weakness, Hair loss, Bone pain",4,General Physician,Boiled vegetables,Deep-fried pakoras,Anulom Vilom,Omeprazole,Standard OTC Omeprazole for symptomatic relief.,500,Coconut water for rehydration.,Applying Colgate/toothpaste on burns (causes infection).
862,Sinusitis,Respiratory,"Headache, Facial pressure, Stuffed nose, Thick yellow mucus",4,General Physician,Papaya,Spicy street food,Light stretching,Paracetamol,Standard OTC Paracetamol for symptomatic relief.,650,Warm turmeric milk (Haldi Doodh) for immunity.,Putting onions in armpits to reduce fever.
863,Eczema,Skin,"Cracked skin, Dry skin, Itchy patches",7,Specialist Doctor,Pomegranate,Cold drinks,Yoga (Pranayama),N/A - Prescription Required,Severity is high. Automatic recommendation disabled to ensure safety. Consult a doctor.,0,Jeera water for digestion.,Putting oil or ghee on open wounds.
864,Gastritis,Gastrointestinal,"Upper stomach pain, Nausea, Feeling full after small meal",3,General Physician,Curd rice,Cold drinks,Complete Bed Rest,Loperamide,Standard OTC Loperamide for symptomatic relief.,250,Ginger and honey tea for sore throat.,Putting onions in armpits to reduce fever.
865,Amoebiasis,Gastrointestinal,"Weight loss, Stomach cramps, Bloody stools, Tenesmus",9,Specialist Doctor,Papaya,Excessive caffeine,Yoga (Pranayama),N/A - Prescription Required,Severity is high. Automatic recommendation disabled to ensure safety. Consult a doctor.,0,Saltwater gargles for throat infection.,Rubbing heavy salt on rashes.
866,Dehydration,General,"Dry mouth, Dizziness, Dark urine, Extreme thirst",8,Specialist Doctor,Papaya,Spicy street food,Brisk walking,N/A - Prescription Required,Severity is high. Automatic recommendation disabled to ensure safety. Consult a doctor.,0,Saltwater gargles for throat infection.,Applying Colgate/toothpaste on burns (causes infection).
867,Heat Rash,Skin,"Small red bumps, Prickly heat, Mild swelling",4,General Physician,Boiled vegetables,Raw salads (if infectious),Anulom Vilom,Ibuprofen,Standard OTC Ibuprofen for symptomatic relief.,650,Ginger and honey tea for sore throat.,Using battery acid for skin patches.
868,Acne,Skin,"Blackheads, Red bumps, Oily skin, Pimples",4,General Physician,Moong Dal Khichdi,Deep-fried pakoras,Complete Bed Rest,Paracetamol,Standard OTC Paracetamol for symptomatic relief.,650,Ginger and honey tea for sore throat.,Using battery acid for skin patches.
869,Vitamin D Deficiency,General,"Bone pain, Hair loss, Mood changes, Muscle weakness",7,Specialist Doctor,Pomegranate,Spicy street food,Complete Bed Rest,N/A - Prescription Required,Severity is high. Automatic recommendation disabled to ensure safety. Consult a doctor.,0,Warm turmeric milk (Haldi Doodh) for immunity.,Applying Colgate/toothpaste on burns (causes infection).
870,Gastritis,Gastrointestinal,"Nausea, Feeling full after small meal, Upper stomach pain, Indigestion",6,Specialist Doctor,Boiled vegetables,Deep-fried pakoras,Anulom Vilom,N/A - Prescription Required,Severity is high. Automatic recommendation disabled to ensure safety. Consult a doctor.,0,Warm turmeric milk (Haldi Doodh) for immunity.,Using battery acid for skin patches.
871,Vitamin D Deficiency,General,"Bone pain, Muscle weakness, Hair loss",7,Specialist Doctor,Papaya,Raw salads (if infectious),Light stretching,N/A - Prescription Required,Severity is high. Automatic recommendation disabled to ensure safety. Consult a doctor.,0,Ginger and honey tea for sore throat.,Using battery acid for skin patches.
872,Malaria,Infectious,"Shivering chills, Cyclical fever, Splenomegaly",9,Specialist Doctor,Moong Dal Khichdi,Deep-fried pakoras,Yoga (Pranayama),N/A - Prescription Required,Severity is high. Automatic recommendation disabled to ensure safety. Consult a doctor.,0,Coconut water for rehydration.,Rubbing heavy salt on rashes.
873,Heat Stroke,General,"Body temp above 104F, Rapid pulse, Confusion, No sweating",9,Specialist Doctor,Pomegranate,Deep-fried pakoras,Anulom Vilom,N/A - Prescription Required,Severity is high. Automatic recommendation disabled to ensure safety. Consult a doctor.,0,Saltwater gargles for throat infection.,Putting onions in armpits to reduce fever.
874,Acidity,Gastrointestinal,"Sour burps, Burning sensation in chest, Bloating",5,General Physician,Boiled vegetables,Excessive caffeine,Yoga (Pranayama),ORS,Standard OTC ORS for symptomatic relief.,650,Ginger and honey tea for sore throat.,Applying Colgate/toothpaste on burns (causes infection).
875,Amoebiasis,Gastrointestinal,"Weight loss, Stomach cramps, Tenesmus",8,Specialist Doctor,Papaya,Cold drinks,Yoga (Pranayama),N/A - Prescription Required,Severity is high. Automatic recommendation disabled to ensure safety. Consult a doctor.,0,Coconut water for rehydration.,Applying Colgate/toothpaste on burns (causes infection).
876,Acne,Skin,"Blackheads, Pimples, Red bumps",7,Specialist Doctor,Pomegranate,Excessive caffeine,Light stretching,N/A - Prescription Required,Severity is high. Automatic recommendation disabled to ensure safety. Consult a doctor.,0,Warm turmeric milk (Haldi Doodh) for immunity.,Rubbing heavy salt on rashes.
877,Acidity,Gastrointestinal,"Burning sensation in chest, Heartburn, Bloating",3,General Physician,Moong Dal Khichdi,Deep-fried pakoras,Yoga (Pranayama),Omeprazole,Standard OTC Omeprazole for symptomatic relief.,500,Warm turmeric milk (Haldi Doodh) for immunity.,Rubbing heavy salt on rashes.
878,Gastritis,Gastrointestinal,"Feeling full after small meal, Upper stomach pain, Nausea, Indigestion",1,General Physician,Pomegranate,Spicy street food,Yoga (Pranayama),Ibuprofen,Standard OTC Ibuprofen for symptomatic relief.,250,Coconut water for rehydration.,Using battery acid for skin patches.
879,Amoebiasis,Gastrointestinal,"Weight loss, Stomach cramps, Tenesmus",7,Specialist Doctor,Boiled vegetables,Raw salads (if infectious),Light stretching,N/A - Prescription Required,Severity is high. Automatic recommendation disabled to ensure safety. Consult a doctor.,0,Saltwater gargles for throat infection.,Applying Colgate/toothpaste on burns (causes infection).
880,Dengue,Infectious,"Bleeding gums, Joint pain, Retro-orbital pain, High fever",10,Specialist Doctor,Pomegranate,Cold drinks,Light stretching,N/A - Prescription Required,Severity is high. Automatic recommendation disabled to ensure safety. Consult a doctor.,0,Coconut water for rehydration.,Rubbing heavy salt on rashes.
881,Vitamin D Deficiency,General,"Mood changes, Muscle weakness, Hair loss, Bone pain",3,General Physician,Pomegranate,Spicy street food,Yoga (Pranayama),ORS,Standard OTC ORS for symptomatic relief.,500,Ginger and honey tea for sore throat.,Applying Colgate/toothpaste on burns (causes infection).
882,Malaria,Infectious,"Splenomegaly, Profuse sweating, Shivering chills, Cyclical fever",6,Specialist Doctor,Moong Dal Khichdi,Spicy street food,Complete Bed Rest,N/A - Prescription Required,Severity is high. Automatic recommendation disabled to ensure safety. Consult a doctor.,0,Ginger and honey tea for sore throat.,Putting onions in armpits to reduce fever.
883,Dehydration,General,"Dark urine, Extreme thirst, Dry mouth, Dizziness",7,Specialist Doctor,Pomegranate,Raw salads (if infectious),Brisk walking,N/A - Prescription Required,Severity is high. Automatic recommendation disabled to ensure safety. Consult a doctor.,0,Jeera water for digestion.,Using battery acid for skin patches.
884,Fungal Infection,Skin,"Ring-shaped rash, Itching between toes, Scaly skin, Discolored nails",5,General Physician,Papaya,Raw salads (if infectious),Yoga (Pranayama),ORS,Standard OTC ORS for symptomatic relief.,650,Jeera water for digestion.,Rubbing heavy salt on rashes.
885,Influenza,Infectious,"Severe body ache, High fever, Chills, Dry cough",3,General Physician,Curd rice,Deep-fried pakoras,Yoga (Pranayama),Ibuprofen,Standard OTC Ibuprofen for symptomatic relief.,650,Saltwater gargles for throat infection.,Using battery acid for skin patches.
886,Typhoid,Infectious,"Rose spots, Stomach pain, Coated tongue, High fever",7,Specialist Doctor,Moong Dal Khichdi,Deep-fried pakoras,Light stretching,N/A - Prescription Required,Severity is high. Automatic recommendation disabled to ensure safety. Consult a doctor.,0,Warm turmeric milk (Haldi Doodh) for immunity.,Putting onions in armpits to reduce fever.
887,Anemia,General,"Pale skin, Cold hands, Extreme fatigue",10,Specialist Doctor,Pomegranate,Raw salads (if infectious),Anulom Vilom,N/A - Prescription Required,Severity is high. Automatic recommendation disabled to ensure safety. Consult a doctor.,0,Coconut water for rehydration.,Rubbing heavy salt on rashes.
888,Heat Rash,Skin,"Prickly heat, Itching in sweat areas, Mild swelling",9,Specialist Doctor,Boiled vegetables,Raw salads (if infectious),Light stretching,N/A - Prescription Required,Severity is high. Automatic recommendation disabled to ensure safety. Consult a doctor.,0,Coconut water for rehydration.,Putting onions in armpits to reduce fever.
889,Bronchitis,Respiratory,"Wheezing, Shortness of breath, Persistent cough, Chest congestion",3,General Physician,Pomegranate,Raw salads (if infectious),Complete Bed Rest,Omeprazole,Standard OTC Omeprazole for symptomatic relief.,500,Warm turmeric milk (Haldi Doodh) for immunity.,Rubbing heavy salt on rashes.
890,Vitamin D Deficiency,General,"Muscle weakness, Mood changes, Hair loss",6,Specialist Doctor,Boiled vegetables,Spicy street food,Yoga (Pranayama),N/A - Prescription Required,Severity is high. Automatic recommendation disabled to ensure safety. Consult a doctor.,0,Warm turmeric milk (Haldi Doodh) for immunity.,Putting oil or ghee on open wounds.
891,Sunburn,Skin,"Blisters, Peeling skin, Red painful skin",3,General Physician,Boiled vegetables,Excessive caffeine,Anulom Vilom,Paracetamol,Standard OTC Paracetamol for symptomatic relief.,250,Jeera water for digestion.,Rubbing heavy salt on rashes.
892,Sunburn,Skin,"Hot to touch, Red painful skin, Blisters, Peeling skin",1,General Physician,Boiled vegetables,Raw salads (if infectious),Yoga (Pranayama),Loperamide,Standard OTC Loperamide for symptomatic relief.,250,Coconut water for rehydration.,Rubbing heavy salt on rashes.
893,Influenza,Infectious,"Severe body ache, Dry cough, Chills, High fever",4,General Physician,Curd rice,Spicy street food,Anulom Vilom,Ibuprofen,Standard OTC Ibuprofen for symptomatic relief.,650,Ginger and honey tea for sore throat.,Putting oil or ghee on open wounds.
894,Eczema,Skin,"Dry skin, Itchy patches, Cracked skin",10,Specialist Doctor,Papaya,Excessive caffeine,Yoga (Pranayama),N/A - Prescription Required,Severity is high. Automatic recommendation disabled to ensure safety. Consult a doctor.,0,Ginger and honey tea for sore throat.,Putting onions in armpits to reduce fever.
895,Sinusitis,Respiratory,"Thick yellow mucus, Facial pressure, Stuffed nose, Headache",9,Specialist Doctor,Moong Dal Khichdi,Cold drinks,Complete Bed Rest,N/A - Prescription Required,Severity is high. Automatic recommendation disabled to ensure safety. Consult a doctor.,0,Ginger and honey tea for sore throat.,Putting oil or ghee on open wounds.
896,Food Poisoning,Gastrointestinal,"Abdominal cramps, Fever, Projectile vomiting",10,Specialist Doctor,Pomegranate,Spicy street food,Brisk walking,N/A - Prescription Required,Severity is high. Automatic recommendation disabled to ensure safety. Consult a doctor.,0,Saltwater gargles for throat infection.,Using battery acid for skin patches.
897,Sinusitis,Respiratory,"Headache, Stuffed nose, Facial pressure",4,General Physician,Moong Dal Khichdi,Spicy street food,Light stretching,Paracetamol,Standard OTC Paracetamol for symptomatic relief.,650,Saltwater gargles for throat infection.,Rubbing heavy salt on rashes.
898,Amoebiasis,Gastrointestinal,"Tenesmus, Stomach cramps, Weight loss, Bloody stools",3,General Physician,Papaya,Raw salads (if infectious),Complete Bed Rest,Paracetamol,Standard OTC Paracetamol for symptomatic relief.,650,Jeera water for digestion.,Using battery acid for skin patches.
899,Acidity,Gastrointestinal,"Bloating, Burning sensation in chest, Heartburn, Sour burps",4,General Physician,Papaya,Excessive caffeine,Brisk walking,Cetirizine,Standard OTC Cetirizine for symptomatic relief.,650,Coconut water for rehydration.,Using battery acid for skin patches.
900,Acidity,Gastrointestinal,"Sour burps, Burning sensation in chest, Bloating",4,General Physician,Papaya,Raw salads (if infectious),Complete Bed Rest,Paracetamol,Standard OTC Paracetamol for symptomatic relief.,650,Saltwater gargles for throat infection.,Putting oil or ghee on open wounds.
901,Fungal Infection,Skin,"Itching between toes, Discolored nails, Scaly skin",10,Specialist Doctor,Moong Dal Khichdi,Spicy street food,Light stretching,N/A - Prescription Required,Severity is high. Automatic recommendation disabled to ensure safety. Consult a doctor.,0,Coconut water for rehydration.,Rubbing heavy salt on rashes.
902,Common Cold,Infectious,"Runny nose, Sneezing, Sore throat, Mild fever",2,General Physician,Boiled vegetables,Spicy street food,Anulom Vilom,Loperamide,Standard OTC Loperamide for symptomatic relief.,650,Ginger and honey tea for sore throat.,Using battery acid for skin patches.
903,Dehydration,General,"Dark urine, Dizziness, Dry mouth",8,Specialist Doctor,Curd rice,Excessive caffeine,Complete Bed Rest,N/A - Prescription Required,Severity is high. Automatic recommendation disabled to ensure safety. Consult a doctor.,0,Jeera water for digestion.,Using battery acid for skin patches.
904,Anemia,General,"Extreme fatigue, Brittle nails, Cold hands",2,General Physician,Curd rice,Deep-fried pakoras,Brisk walking,Cetirizine,Standard OTC Cetirizine for symptomatic relief.,650,Jeera water for digestion.,Putting oil or ghee on open wounds.
905,Vitamin D Deficiency,General,"Mood changes, Bone pain, Hair loss, Muscle weakness",10,Specialist Doctor,Curd rice,Cold drinks,Complete Bed Rest,N/A - Prescription Required,Severity is high. Automatic recommendation disabled to ensure safety. Consult a doctor.,0,Ginger and honey tea for sore throat.,Applying Colgate/toothpaste on burns (causes infection).
906,Anemia,General,"Pale skin, Brittle nails, Cold hands",10,Specialist Doctor,Moong Dal Khichdi,Spicy street food,Yoga (Pranayama),N/A - Prescription Required,Severity is high. Automatic recommendation disabled to ensure safety. Consult a doctor.,0,Ginger and honey tea for sore throat.,Putting onions in armpits to reduce fever.
907,Asthma,Respiratory,"Night cough, Chest tightness, Difficulty breathing, Wheezing sounds",8,Specialist Doctor,Papaya,Raw salads (if infectious),Brisk walking,N/A - Prescription Required,Severity is high. Automatic recommendation disabled to ensure safety. Consult a doctor.,0,Coconut water for rehydration.,Applying Colgate/toothpaste on burns (causes infection).
908,Amoebiasis,Gastrointestinal,"Weight loss, Bloody stools, Stomach cramps, Tenesmus",8,Specialist Doctor,Pomegranate,Deep-fried pakoras,Light stretching,N/A - Prescription Required,Severity is high. Automatic recommendation disabled to ensure safety. Consult a doctor.,0,Saltwater gargles for throat infection.,Rubbing heavy salt on rashes.
909,Bronchitis,Respiratory,"Persistent cough, Shortness of breath, Chest congestion, Wheezing",4,General Physician,Moong Dal Khichdi,Raw salads (if infectious),Brisk walking,Paracetamol,Standard OTC Paracetamol for symptomatic relief.,650,Saltwater gargles for throat infection.,Putting onions in armpits to reduce fever.
910,Sunburn,Skin,"Peeling skin, Red painful skin, Blisters",6,Specialist Doctor,Moong Dal Khichdi,Deep-fried pakoras,Anulom Vilom,N/A - Prescription Required,Severity is high. Automatic recommendation disabled to ensure safety. Consult a doctor.,0,Warm turmeric milk (Haldi Doodh) for immunity.,Putting onions in armpits to reduce fever.
911,Vitamin D Deficiency,General,"Muscle weakness, Mood changes, Bone pain",8,Specialist Doctor,Moong Dal Khichdi,Raw salads (if infectious),Yoga (Pranayama),N/A - Prescription Required,Severity is high. Automatic recommendation disabled to ensure safety. Consult a doctor.,0,Saltwater gargles for throat infection.,Putting oil or ghee on open wounds.
912,Acne,Skin,"Pimples, Blackheads, Oily skin, Red bumps",9,Specialist Doctor,Papaya,Spicy street food,Anulom Vilom,N/A - Prescription Required,Severity is high. Automatic recommendation disabled to ensure safety. Consult a doctor.,0,Jeera water for digestion.,Putting onions in armpits to reduce fever.
913,Sunburn,Skin,"Red painful skin, Peeling skin, Hot to touch, Blisters",2,General Physician,Boiled vegetables,Cold drinks,Complete Bed Rest,Cetirizine,Standard OTC Cetirizine for symptomatic relief.,250,Warm turmeric milk (Haldi Doodh) for immunity.,Using battery acid for skin patches.
914,Bronchitis,Respiratory,"Chest congestion, Shortness of breath, Wheezing",9,Specialist Doctor,Moong Dal Khichdi,Spicy street food,Complete Bed Rest,N/A - Prescription Required,Severity is high. Automatic recommendation disabled to ensure safety. Consult a doctor.,0,Coconut water for rehydration.,Applying Colgate/toothpaste on burns (causes infection).
915,Diarrhea,Gastrointestinal,"Loose stools, Dehydration, Urgency",2,General Physician,Papaya,Raw salads (if infectious),Anulom Vilom,Cetirizine,Standard OTC Cetirizine for symptomatic relief.,650,Saltwater gargles for throat infection.,Using battery acid for skin patches.
916,Influenza,Infectious,"Dry cough, High fever, Chills",10,Specialist Doctor,Curd rice,Raw salads (if infectious),Brisk walking,N/A - Prescription Required,Severity is high. Automatic recommendation disabled to ensure safety. Consult a doctor.,0,Saltwater gargles for throat infection.,Applying Colgate/toothpaste on burns (causes infection).
917,Sinusitis,Respiratory,"Stuffed nose, Thick yellow mucus, Headache, Facial pressure",4,General Physician,Curd rice,Spicy street food,Light stretching,Omeprazole,Standard OTC Omeprazole for symptomatic relief.,650,Ginger and honey tea for sore throat.,Applying Colgate/toothpaste on burns (causes infection).
918,Diarrhea,Gastrointestinal,"Loose stools, Urgency, Abdominal cramps",6,Specialist Doctor,Pomegranate,Excessive caffeine,Anulom Vilom,N/A - Prescription Required,Severity is high. Automatic recommendation disabled to ensure safety. Consult a doctor.,0,Ginger and honey tea for sore throat.,Putting onions in armpits to reduce fever.
919,Gastritis,Gastrointestinal,"Upper stomach pain, Nausea, Feeling full after small meal, Indigestion",8,Specialist Doctor,Pomegranate,Raw salads (if infectious),Brisk walking,N/A - Prescription Required,Severity is high. Automatic recommendation disabled to ensure safety. Consult a doctor.,0,Warm turmeric milk (Haldi Doodh) for immunity.,Using battery acid for skin patches.
920,Acidity,Gastrointestinal,"Sour burps, Heartburn, Bloating",3,General Physician,Pomegranate,Excessive caffeine,Complete Bed Rest,Loperamide,Standard OTC Loperamide for symptomatic relief.,650,Ginger and honey tea for sore throat.,Using battery acid for skin patches.
921,Diarrhea,Gastrointestinal,"Urgency, Abdominal cramps, Loose stools, Dehydration",2,General Physician,Boiled vegetables,Deep-fried pakoras,Yoga (Pranayama),Omeprazole,Standard OTC Omeprazole for symptomatic relief.,650,Coconut water for rehydration.,Putting onions in armpits to reduce fever.
922,Sinusitis,Respiratory,"Headache, Facial pressure, Thick yellow mucus",5,General Physician,Curd rice,Deep-fried pakoras,Yoga (Pranayama),Ibuprofen,Standard OTC Ibuprofen for symptomatic relief.,250,Warm turmeric milk (Haldi Doodh) for immunity.,Putting onions in armpits to reduce fever.
923,Allergic Rhinitis,Respiratory,"Watery eyes, Itchy nose, Puffy eyelids",4,General Physician,Papaya,Excessive caffeine,Anulom Vilom,Paracetamol,Standard OTC Paracetamol for symptomatic relief.,250,Coconut water for rehydration.,Putting onions in armpits to reduce fever.
924,Sunburn,Skin,"Blisters, Hot to touch, Red painful skin, Peeling skin",2,General Physician,Boiled vegetables,Excessive caffeine,Yoga (Pranayama),Paracetamol,Standard OTC Paracetamol for symptomatic relief.,500,Warm turmeric milk (Haldi Doodh) for immunity.,Rubbing heavy salt on rashes.
925,Acne,Skin,"Red bumps, Blackheads, Pimples",6,Specialist Doctor,Moong Dal Khichdi,Cold drinks,Anulom Vilom,N/A - Prescription Required,Severity is high. Automatic recommendation disabled to ensure safety. Consult a doctor.,0,Ginger and honey tea for sore throat.,Rubbing heavy salt on rashes.
926,Amoebiasis,Gastrointestinal,"Weight loss, Stomach cramps, Tenesmus",1,General Physician,Pomegranate,Cold drinks,Anulom Vilom,Loperamide,Standard OTC Loperamide for symptomatic relief.,500,Warm turmeric milk (Haldi Doodh) for immunity.,Using battery acid for skin patches.
927,Eczema,Skin,"Itchy patches, Dry skin, Cracked skin",8,Specialist Doctor,Curd rice,Spicy street food,Brisk walking,N/A - Prescription Required,Severity is high. Automatic recommendation disabled to ensure safety. Consult a doctor.,0,Saltwater gargles for throat infection.,Applying Colgate/toothpaste on burns (causes infection).
928,Diarrhea,Gastrointestinal,"Loose stools, Abdominal cramps, Urgency",5,General Physician,Curd rice,Excessive caffeine,Brisk walking,Paracetamol,Standard OTC Paracetamol for symptomatic relief.,500,Ginger and honey tea for sore throat.,Putting onions in armpits to reduce fever.
929,Heat Stroke,General,"Confusion, Body temp above 104F, No sweating, Rapid pulse",5,General Physician,Moong Dal Khichdi,Cold drinks,Complete Bed Rest,Cetirizine,Standard OTC Cetirizine for symptomatic relief.,250,Coconut water for rehydration.,Putting onions in armpits to reduce fever.
930,Sunburn,Skin,"Hot to touch, Peeling skin, Blisters",5,General Physician,Pomegranate,Excessive caffeine,Brisk walking,Cetirizine,Standard OTC Cetirizine for symptomatic relief.,500,Jeera water for digestion.,Putting oil or ghee on open wounds.
931,Eczema,Skin,"Dry skin, Red inflammation, Cracked skin",8,Specialist Doctor,Papaya,Raw salads (if infectious),Light stretching,N/A - Prescription Required,Severity is high. Automatic recommendation disabled to ensure safety. Consult a doctor.,0,Ginger and honey tea for sore throat.,Rubbing heavy salt on rashes.
932,Typhoid,Infectious,"High fever, Stomach pain, Coated tongue",8,Specialist Doctor,Curd rice,Cold drinks,Light stretching,N/A - Prescription Required,Severity is high. Automatic recommendation disabled to ensure safety. Consult a doctor.,0,Jeera water for digestion.,Applying Colgate/toothpaste on burns (causes infection).
933,Dehydration,General,"Extreme thirst, Dark urine, Dizziness",1,General Physician,Curd rice,Spicy street food,Anulom Vilom,Omeprazole,Standard OTC Omeprazole for symptomatic relief.,650,Saltwater gargles for throat infection.,Using battery acid for skin patches.
934,Anemia,General,"Cold hands, Brittle nails, Extreme fatigue",5,General Physician,Moong Dal Khichdi,Raw salads (if infectious),Yoga (Pranayama),Paracetamol,Standard OTC Paracetamol for symptomatic relief.,500,Saltwater gargles for throat infection.,Using battery acid for skin patches.
935,Common Cold,Infectious,"Sneezing, Sore throat, Runny nose, Mild fever",2,General Physician,Moong Dal Khichdi,Deep-fried pakoras,Complete Bed Rest,Omeprazole,Standard OTC Omeprazole for symptomatic relief.,250,Warm turmeric milk (Haldi Doodh) for immunity.,Applying Colgate/toothpaste on burns (causes infection).
936,Typhoid,Infectious,"High fever, Rose spots, Coated tongue",6,Specialist Doctor,Curd rice,Excessive caffeine,Complete Bed Rest,N/A - Prescription Required,Severity is high. Automatic recommendation disabled to ensure safety. Consult a doctor.,0,Jeera water for digestion.,Applying Colgate/toothpaste on burns (causes infection).
937,Vitamin D Deficiency,General,"Bone pain, Muscle weakness, Mood changes, Hair loss",6,Specialist Doctor,Boiled vegetables,Cold drinks,Yoga (Pranayama),N/A - Prescription Required,Severity is high. Automatic recommendation disabled to ensure safety. Consult a doctor.,0,Jeera water for digestion.,Using battery acid for skin patches.
938,Heat Rash,Skin,"Mild swelling, Itching in sweat areas, Prickly heat, Small red bumps",5,General Physician,Boiled vegetables,Deep-fried pakoras,Complete Bed Rest,Omeprazole,Standard OTC Omeprazole for symptomatic relief.,250,Warm turmeric milk (Haldi Doodh) for immunity.,Putting oil or ghee on open wounds.
939,Sinusitis,Respiratory,"Headache, Stuffed nose, Facial pressure",10,Specialist Doctor,Pomegranate,Cold drinks,Complete Bed Rest,N/A - Prescription Required,Severity is high. Automatic recommendation disabled to ensure safety. Consult a doctor.,0,Ginger and honey tea for sore throat.,Putting onions in armpits to reduce fever.
940,Food Poisoning,Gastrointestinal,"Abdominal cramps, Projectile vomiting, Fever, Diarrhea",8,Specialist Doctor,Moong Dal Khichdi,Spicy street food,Complete Bed Rest,N/A - Prescription Required,Severity is high. Automatic recommendation disabled to ensure safety. Consult a doctor.,0,Jeera water for digestion.,Applying Colgate/toothpaste on burns (causes infection).
941,Vitamin D Deficiency,General,"Muscle weakness, Bone pain, Mood changes",5,General Physician,Moong Dal Khichdi,Excessive caffeine,Yoga (Pranayama),Cetirizine,Standard OTC Cetirizine for symptomatic relief.,250,Coconut water for rehydration.,Putting oil or ghee on open wounds.
942,Bronchitis,Respiratory,"Wheezing, Chest congestion, Shortness of breath",1,General Physician,Boiled vegetables,Cold drinks,Yoga (Pranayama),Omeprazole,Standard OTC Omeprazole for symptomatic relief.,650,Coconut water for rehydration.,Putting onions in armpits to reduce fever.
943,Dengue,Infectious,"Joint pain, High fever, Bleeding gums",2,General Physician,Papaya,Cold drinks,Anulom Vilom,Paracetamol,Standard OTC Paracetamol for symptomatic relief.,500,Ginger and honey tea for sore throat.,Applying Colgate/toothpaste on burns (causes infection).
944,Amoebiasis,Gastrointestinal,"Bloody stools, Stomach cramps, Weight loss",9,Specialist Doctor,Moong Dal Khichdi,Spicy street food,Brisk walking,N/A - Prescription Required,Severity is high. Automatic recommendation disabled to ensure safety. Consult a doctor.,0,Saltwater gargles for throat infection.,Putting onions in armpits to reduce fever.
945,Anemia,General,"Cold hands, Pale skin, Brittle nails",5,General Physician,Papaya,Spicy street food,Yoga (Pranayama),Loperamide,Standard OTC Loperamide for symptomatic relief.,500,Coconut water for rehydration.,Applying Colgate/toothpaste on burns (causes infection).
946,Vitamin D Deficiency,General,"Bone pain, Muscle weakness, Hair loss, Mood changes",3,General Physician,Curd rice,Raw salads (if infectious),Complete Bed Rest,Cetirizine,Standard OTC Cetirizine for symptomatic relief.,500,Jeera water for digestion.,Using battery acid for skin patches.
947,Sinusitis,Respiratory,"Stuffed nose, Thick yellow mucus, Facial pressure",5,General Physician,Curd rice,Excessive caffeine,Anulom Vilom,Ibuprofen,Standard OTC Ibuprofen for symptomatic relief.,500,Saltwater gargles for throat infection.,Applying Colgate/toothpaste on burns (causes infection).
948,Vitamin D Deficiency,General,"Hair loss, Bone pain, Muscle weakness, Mood changes",8,Specialist Doctor,Curd rice,Excessive caffeine,Yoga (Pranayama),N/A - Prescription Required,Severity is high. Automatic recommendation disabled to ensure safety. Consult a doctor.,0,Coconut water for rehydration.,Putting oil or ghee on open wounds.
949,Gastritis,Gastrointestinal,"Nausea, Feeling full after small meal, Upper stomach pain",5,General Physician,Boiled vegetables,Deep-fried pakoras,Yoga (Pranayama),ORS,Standard OTC ORS for symptomatic relief.,650,Warm turmeric milk (Haldi Doodh) for immunity.,Applying Colgate/toothpaste on burns (causes infection).
950,Heat Rash,Skin,"Mild swelling, Small red bumps, Prickly heat, Itching in sweat areas",6,Specialist Doctor,Boiled vegetables,Spicy street food,Brisk walking,N/A - Prescription Required,Severity is high. Automatic recommendation disabled to ensure safety. Consult a doctor.,0,Jeera water for digestion.,Rubbing heavy salt on rashes.
951,Bronchitis,Respiratory,"Wheezing, Persistent cough, Chest congestion",5,General Physician,Curd rice,Spicy street food,Complete Bed Rest,Omeprazole,Standard OTC Omeprazole for symptomatic relief.,250,Ginger and honey tea for sore throat.,Rubbing heavy salt on rashes.
952,Food Poisoning,Gastrointestinal,"Abdominal cramps, Fever, Diarrhea, Projectile vomiting",10,Specialist Doctor,Papaya,Deep-fried pakoras,Complete Bed Rest,N/A - Prescription Required,Severity is high. Automatic recommendation disabled to ensure safety. Consult a doctor.,0,Coconut water for rehydration.,Applying Colgate/toothpaste on burns (causes infection).
953,Sunburn,Skin,"Red painful skin, Hot to touch, Peeling skin",5,General Physician,Pomegranate,Deep-fried pakoras,Complete Bed Rest,Loperamide,Standard OTC Loperamide for symptomatic relief.,650,Saltwater gargles for throat infection.,Using battery acid for skin patches.
954,Allergic Rhinitis,Respiratory,"Watery eyes, Puffy eyelids, Constant sneezing, Itchy nose",6,Specialist Doctor,Pomegranate,Raw salads (if infectious),Anulom Vilom,N/A - Prescription Required,Severity is high. Automatic recommendation disabled to ensure safety. Consult a doctor.,0,Jeera water for digestion.,Using battery acid for skin patches.
955,Influenza,Infectious,"High fever, Dry cough, Chills",9,Specialist Doctor,Curd rice,Deep-fried pakoras,Light stretching,N/A - Prescription Required,Severity is high. Automatic recommendation disabled to ensure safety. Consult a doctor.,0,Ginger and honey tea for sore throat.,Using battery acid for skin patches.
956,Malaria,Infectious,"Splenomegaly, Cyclical fever, Shivering chills",5,General Physician,Curd rice,Deep-fried pakoras,Complete Bed Rest,ORS,Standard OTC ORS for symptomatic relief.,500,Ginger and honey tea for sore throat.,Using battery acid for skin patches.
957,Acidity,Gastrointestinal,"Heartburn, Sour burps, Burning sensation in chest, Bloating",3,General Physician,Papaya,Excessive caffeine,Light stretching,Loperamide,Standard OTC Loperamide for symptomatic relief.,650,Jeera water for digestion.,Rubbing heavy salt on rashes.
958,Amoebiasis,Gastrointestinal,"Tenesmus, Bloody stools, Stomach cramps, Weight loss",1,General Physician,Pomegranate,Spicy street food,Complete Bed Rest,Omeprazole,Standard OTC Omeprazole for symptomatic relief.,250,Ginger and honey tea for sore throat.,Using battery acid for skin patches.
959,Fungal Infection,Skin,"Scaly skin, Ring-shaped rash, Discolored nails",8,Specialist Doctor,Boiled vegetables,Raw salads (if infectious),Yoga (Pranayama),N/A - Prescription Required,Severity is high. Automatic recommendation disabled to ensure safety. Consult a doctor.,0,Jeera water for digestion.,Using battery acid for skin patches.
960,Heat Stroke,General,"Body temp above 104F, Rapid pulse, No sweating",7,Specialist Doctor,Boiled vegetables,Spicy street food,Light stretching,N/A - Prescription Required,Severity is high. Automatic recommendation disabled to ensure safety. Consult a doctor.,0,Warm turmeric milk (Haldi Doodh) for immunity.,Rubbing heavy salt on rashes.
961,Heat Stroke,General,"Body temp above 104F, Confusion, No sweating",10,Specialist Doctor,Pomegranate,Spicy street food,Anulom Vilom,N/A - Prescription Required,Severity is high. Automatic recommendation disabled to ensure safety. Consult a doctor.,0,Ginger and honey tea for sore throat.,Using battery acid for skin patches.
962,Gastritis,Gastrointestinal,"Upper stomach pain, Feeling full after small meal, Nausea, Indigestion",9,Specialist Doctor,Curd rice,Spicy street food,Complete Bed Rest,N/A - Prescription Required,Severity is high. Automatic recommendation disabled to ensure safety. Consult a doctor.,0,Warm turmeric milk (Haldi Doodh) for immunity.,Applying Colgate/toothpaste on burns (causes infection).
963,Eczema,Skin,"Red inflammation, Itchy patches, Cracked skin",6,Specialist Doctor,Papaya,Raw salads (if infectious),Brisk walking,N/A - Prescription Required,Severity is high. Automatic recommendation disabled to ensure safety. Consult a doctor.,0,Saltwater gargles for throat infection.,Putting oil or ghee on open wounds.
964,Allergic Rhinitis,Respiratory,"Watery eyes, Puffy eyelids, Itchy nose",9,Specialist Doctor,Moong Dal Khichdi,Excessive caffeine,Yoga (Pranayama),N/A - Prescription Required,Severity is high. Automatic recommendation disabled to ensure safety. Consult a doctor.,0,Jeera water for digestion.,Rubbing heavy salt on rashes.
965,Malaria,Infectious,"Profuse sweating, Cyclical fever, Shivering chills",3,General Physician,Boiled vegetables,Raw salads (if infectious),Brisk walking,Ibuprofen,Standard OTC Ibuprofen for symptomatic relief.,250,Jeera water for digestion.,Putting onions in armpits to reduce fever.
966,Malaria,Infectious,"Splenomegaly, Profuse sweating, Cyclical fever",7,Specialist Doctor,Moong Dal Khichdi,Raw salads (if infectious),Complete Bed Rest,N/A - Prescription Required,Severity is high. Automatic recommendation disabled to ensure safety. Consult a doctor.,0,Ginger and honey tea for sore throat.,Using battery acid for skin patches.
967,Diarrhea,Gastrointestinal,"Abdominal cramps, Dehydration, Urgency",8,Specialist Doctor,Moong Dal Khichdi,Excessive caffeine,Light stretching,N/A - Prescription Required,Severity is high. Automatic recommendation disabled to ensure safety. Consult a doctor.,0,Coconut water for rehydration.,Using battery acid for skin patches.
968,Influenza,Infectious,"High fever, Chills, Severe body ache",5,General Physician,Moong Dal Khichdi,Spicy street food,Brisk walking,Loperamide,Standard OTC Loperamide for symptomatic relief.,650,Jeera water for digestion.,Putting oil or ghee on open wounds.
969,Amoebiasis,Gastrointestinal,"Tenesmus, Weight loss, Stomach cramps",7,Specialist Doctor,Papaya,Raw salads (if infectious),Anulom Vilom,N/A - Prescription Required,Severity is high. Automatic recommendation disabled to ensure safety. Consult a doctor.,0,Saltwater gargles for throat infection.,Rubbing heavy salt on rashes.
970,Diarrhea,Gastrointestinal,"Dehydration, Loose stools, Urgency",6,Specialist Doctor,Curd rice,Raw salads (if infectious),Yoga (Pranayama),N/A - Prescription Required,Severity is high. Automatic recommendation disabled to ensure safety. Consult a doctor.,0,Saltwater gargles for throat infection.,Using battery acid for skin patches.
971,Anemia,General,"Brittle nails, Extreme fatigue, Cold hands, Pale skin",3,General Physician,Boiled vegetables,Spicy street food,Light stretching,Omeprazole,Standard OTC Omeprazole for symptomatic relief.,500,Warm turmeric milk (Haldi Doodh) for immunity.,Putting onions in armpits to reduce fever.
972,Acne,Skin,"Oily skin, Red bumps, Pimples, Blackheads",6,Specialist Doctor,Pomegranate,Cold drinks,Light stretching,N/A - Prescription Required,Severity is high. Automatic recommendation disabled to ensure safety. Consult a doctor.,0,Ginger and honey tea for sore throat.,Putting onions in armpits to reduce fever.
973,Chickenpox,Infectious,"Fluid-filled blisters, Fever, Intense itching, Loss of appetite",9,Specialist Doctor,Curd rice,Deep-fried pakoras,Complete Bed Rest,N/A - Prescription Required,Severity is high. Automatic recommendation disabled to ensure safety. Consult a doctor.,0,Jeera water for digestion.,Putting onions in armpits to reduce fever.
974,Sinusitis,Respiratory,"Headache, Thick yellow mucus, Stuffed nose",8,Specialist Doctor,Moong Dal Khichdi,Deep-fried pakoras,Brisk walking,N/A - Prescription Required,Severity is high. Automatic recommendation disabled to ensure safety. Consult a doctor.,0,Warm turmeric milk (Haldi Doodh) for immunity.,Putting onions in armpits to reduce fever.
975,Acidity,Gastrointestinal,"Burning sensation in chest, Bloating, Heartburn",2,General Physician,Boiled vegetables,Raw salads (if infectious),Light stretching,Ibuprofen,Standard OTC Ibuprofen for symptomatic relief.,650,Coconut water for rehydration.,Applying Colgate/toothpaste on burns (causes infection).
976,Acidity,Gastrointestinal,"Sour burps, Burning sensation in chest, Bloating, Heartburn",3,General Physician,Papaya,Spicy street food,Brisk walking,Paracetamol,Standard OTC Paracetamol for symptomatic relief.,500,Warm turmeric milk (Haldi Doodh) for immunity.,Putting onions in armpits to reduce fever.
977,Influenza,Infectious,"Severe body ache, Dry cough, Chills",5,General Physician,Moong Dal Khichdi,Raw salads (if infectious),Anulom Vilom,Omeprazole,Standard OTC Omeprazole for symptomatic relief.,500,Ginger and honey tea for sore throat.,Rubbing heavy salt on rashes.
978,Bronchitis,Respiratory,"Persistent cough, Wheezing, Shortness of breath, Chest congestion",10,Specialist Doctor,Boiled vegetables,Spicy street food,Complete Bed Rest,N/A - Prescription Required,Severity is high. Automatic recommendation disabled to ensure safety. Consult a doctor.,0,Jeera water for digestion.,Putting onions in armpits to reduce fever.
979,Food Poisoning,Gastrointestinal,"Abdominal cramps, Diarrhea, Fever, Projectile vomiting",9,Specialist Doctor,Papaya,Excessive caffeine,Light stretching,N/A - Prescription Required,Severity is high. Automatic recommendation disabled to ensure safety. Consult a doctor.,0,Ginger and honey tea for sore throat.,Rubbing heavy salt on rashes.
980,Dengue,Infectious,"High fever, Joint pain, Retro-orbital pain, Bleeding gums",5,General Physician,Curd rice,Deep-fried pakoras,Anulom Vilom,Loperamide,Standard OTC Loperamide for symptomatic relief.,500,Warm turmeric milk (Haldi Doodh) for immunity.,Applying Colgate/toothpaste on burns (causes infection).
981,Gastritis,Gastrointestinal,"Nausea, Indigestion, Upper stomach pain",6,Specialist Doctor,Papaya,Excessive caffeine,Light stretching,N/A - Prescription Required,Severity is high. Automatic recommendation disabled to ensure safety. Consult a doctor.,0,Jeera water for digestion.,Using battery acid for skin patches.
982,Diarrhea,Gastrointestinal,"Abdominal cramps, Loose stools, Urgency",5,General Physician,Pomegranate,Raw salads (if infectious),Yoga (Pranayama),Loperamide,Standard OTC Loperamide for symptomatic relief.,650,Saltwater gargles for throat infection.,Putting oil or ghee on open wounds.
983,Asthma,Respiratory,"Wheezing sounds, Difficulty breathing, Night cough",8,Specialist Doctor,Pomegranate,Raw salads (if infectious),Yoga (Pranayama),N/A - Prescription Required,Severity is high. Automatic recommendation disabled to ensure safety. Consult a doctor.,0,Warm turmeric milk (Haldi Doodh) for immunity.,Putting oil or ghee on open wounds.
984,Asthma,Respiratory,"Night cough, Chest tightness, Wheezing sounds",3,General Physician,Pomegranate,Raw salads (if infectious),Yoga (Pranayama),Omeprazole,Standard OTC Omeprazole for symptomatic relief.,500,Coconut water for rehydration.,Putting oil or ghee on open wounds.
985,Acidity,Gastrointestinal,"Heartburn, Bloating, Sour burps, Burning sensation in chest",4,General Physician,Boiled vegetables,Excessive caffeine,Complete Bed Rest,Paracetamol,Standard OTC Paracetamol for symptomatic relief.,500,Saltwater gargles for throat infection.,Putting onions in armpits to reduce fever.
986,Heat Rash,Skin,"Itching in sweat areas, Prickly heat, Small red bumps, Mild swelling",3,General Physician,Pomegranate,Cold drinks,Yoga (Pranayama),Loperamide,Standard OTC Loperamide for symptomatic relief.,500,Jeera water for digestion.,Putting onions in armpits to reduce fever.
987,Anemia,General,"Brittle nails, Pale skin, Extreme fatigue, Cold hands",2,General Physician,Papaya,Raw salads (if infectious),Complete Bed Rest,ORS,Standard OTC ORS for symptomatic relief.,500,Warm turmeric milk (Haldi Doodh) for immunity.,Putting oil or ghee on open wounds.
988,Food Poisoning,Gastrointestinal,"Projectile vomiting, Abdominal cramps, Diarrhea",1,General Physician,Moong Dal Khichdi,Deep-fried pakoras,Brisk walking,Paracetamol,Standard OTC Paracetamol for symptomatic relief.,500,Jeera water for digestion.,Putting oil or ghee on open wounds.
989,Common Cold,Infectious,"Sore throat, Mild fever, Runny nose",1,General Physician,Moong Dal Khichdi,Spicy street food,Complete Bed Rest,Cetirizine,Standard OTC Cetirizine for symptomatic relief.,650,Ginger and honey tea for sore throat.,Putting oil or ghee on open wounds.
990,Sinusitis,Respiratory,"Facial pressure, Thick yellow mucus, Headache, Stuffed nose",9,Specialist Doctor,Pomegranate,Raw salads (if infectious),Light stretching,N/A - Prescription Required,Severity is high. Automatic recommendation disabled to ensure safety. Consult a doctor.,0,Saltwater gargles for throat infection.,Applying Colgate/toothpaste on burns (causes infection).
991,Sinusitis,Respiratory,"Thick yellow mucus, Headache, Facial pressure",1,General Physician,Boiled vegetables,Deep-fried pakoras,Brisk walking,Omeprazole,Standard OTC Omeprazole for symptomatic relief.,650,Ginger and honey tea for sore throat.,Rubbing heavy salt on rashes.
992,Vitamin D Deficiency,General,"Hair loss, Bone pain, Muscle weakness, Mood changes",7,Specialist Doctor,Moong Dal Khichdi,Raw salads (if infectious),Complete Bed Rest,N/A - Prescription Required,Severity is high. Automatic recommendation disabled to ensure safety. Consult a doctor.,0,Coconut water for rehydration.,Applying Colgate/toothpaste on burns (causes infection).
993,Bronchitis,Respiratory,"Chest congestion, Shortness of breath, Wheezing",10,Specialist Doctor,Boiled vegetables,Spicy street food,Brisk walking,N/A - Prescription Required,Severity is high. Automatic recommendation disabled to ensure safety. Consult a doctor.,0,Saltwater gargles for throat infection.,Putting onions in armpits to reduce fever.
994,Anemia,General,"Extreme fatigue, Brittle nails, Cold hands, Pale skin",7,Specialist Doctor,Curd rice,Raw salads (if infectious),Yoga (Pranayama),N/A - Prescription Required,Severity is high. Automatic recommendation disabled to ensure safety. Consult a doctor.,0,Warm turmeric milk (Haldi Doodh) for immunity.,Rubbing heavy salt on rashes.
995,Typhoid,Infectious,"Coated tongue, High fever, Stomach pain",8,Specialist Doctor,Pomegranate,Cold drinks,Yoga (Pranayama),N/A - Prescription Required,Severity is high. Automatic recommendation disabled to ensure safety. Consult a doctor.,0,Warm turmeric milk (Haldi Doodh) for immunity.,Putting onions in armpits to reduce fever.
996,Allergic Rhinitis,Respiratory,"Constant sneezing, Itchy nose, Puffy eyelids, Watery eyes",5,General Physician,Moong Dal Khichdi,Deep-fried pakoras,Anulom Vilom,Cetirizine,Standard OTC Cetirizine for symptomatic relief.,500,Coconut water for rehydration.,Applying Colgate/toothpaste on burns (causes infection).
997,Chickenpox,Infectious,"Fluid-filled blisters, Intense itching, Loss of appetite",6,Specialist Doctor,Curd rice,Deep-fried pakoras,Light stretching,N/A - Prescription Required,Severity is high. Automatic recommendation disabled to ensure safety. Consult a doctor.,0,Jeera water for digestion.,Putting oil or ghee on open wounds.
998,Dehydration,General,"Dry mouth, Extreme thirst, Dark urine, Dizziness",8,Specialist Doctor,Boiled vegetables,Raw salads (if infectious),Brisk walking,N/A - Prescription Required,Severity is high. Automatic recommendation disabled to ensure safety. Consult a doctor.,0,Saltwater gargles for throat infection.,Rubbing heavy salt on rashes.
999,Sunburn,Skin,"Blisters, Hot to touch, Red painful skin, Peeling skin",10,Specialist Doctor,Papaya,Cold drinks,Light stretching,N/A - Prescription Required,Severity is high. Automatic recommendation disabled to ensure safety. Consult a doctor.,0,Warm turmeric milk (Haldi Doodh) for immunity.,Rubbing heavy salt on rashes.
1000,Dengue,Infectious,"Joint pain, High fever, Retro-orbital pain, Bleeding gums",10,Specialist Doctor,Pomegranate,Raw salads (if infectious),Complete Bed Rest,N/A - Prescription Required,Severity is high. Automatic recommendation disabled to ensure safety. Consult a doctor.,0,Warm turmeric milk (Haldi Doodh) for immunity.,Putting onions in armpits to reduce fever.
