disease_id,name,category,symptoms,severity,specialist,diet_to_eat,diet_to_avoid,workout,medicine_name,medicine_desc,base_dosage_mg,safe_tip,dangerous_myth
1,Typhoid (Variant 1),Infectious,"Stomach pain, Fatigue, Nausea",9,Specialist Doctor,Boiled vegetables,Deep-fried pakoras,Light stretching,N/A - Prescription Required,Severity is high. Automatic recommendation disabled to ensure safety. Consult a doctor.,0,Saltwater gargles for throat infection.,Rubbing heavy salt on rashes.
2,Bronchitis (Variant 2),Respiratory,"Itching, Fever, Stomach pain",2,General Physician,Boiled vegetables,Deep-fried pakoras,Light stretching,Cetirizine,Standard OTC Cetirizine for symptomatic relief.,650,Saltwater gargles for throat infection.,Applying Colgate/toothpaste on burns (causes infection).
3,Typhoid (Variant 3),Infectious,"Headache, Nausea, Fatigue",2,General Physician,Moong Dal Khichdi,Excessive caffeine,Anulom Vilom,Cetirizine,Standard OTC Cetirizine for symptomatic relief.,250,Ginger and honey tea for sore throat.,Rubbing heavy salt on rashes.
4,Acne (Variant 4),Skin,"Itching, Body ache, Fever",10,Specialist Doctor,Boiled vegetables,Spicy street food,Complete Bed Rest,N/A - Prescription Required,Severity is high. Automatic recommendation disabled to ensure safety. Consult a doctor.,0,Coconut water for rehydration.,Using battery acid for skin patches.
5,Dehydration (Variant 5),General,"Fatigue, Stomach pain, Cough",8,Specialist Doctor,Papaya,Deep-fried pakoras,Light stretching,N/A - Prescription Required,Severity is high. Automatic recommendation disabled to ensure safety. Consult a doctor.,0,Jeera water for digestion.,Putting oil or ghee on open wounds.
6,Common Cold (Variant 6),Infectious,"Fever, Stomach pain, Body ache",10,Specialist Doctor,Moong Dal Khichdi,Raw salads (if infectious),Anulom Vilom,N/A - Prescription Required,Severity is high. Automatic recommendation disabled to ensure safety. Consult a doctor.,0,Jeera water for digestion.,Using battery acid for skin patches.
7,Vitamin D Deficiency (Variant 7),General,"Fever, Body ache, Vomiting",5,General Physician,Papaya,Raw salads (if infectious),Brisk walking,Cetirizine,Standard OTC Cetirizine for symptomatic relief.,650,Jeera water for digestion.,Applying Colgate/toothpaste on burns (causes infection).
8,Dehydration (Variant 8),General,"Headache, Body ache, Stomach pain",8,Specialist Doctor,Moong Dal Khichdi,Cold drinks,Anulom Vilom,N/A - Prescription Required,Severity is high. Automatic recommendation disabled to ensure safety. Consult a doctor.,0,Jeera water for digestion.,Rubbing heavy salt on rashes.
9,Acidity (Variant 9),Gastrointestinal,"Fever, Itching, Cough",5,General Physician,Curd rice,Spicy street food,Brisk walking,ORS,Standard OTC ORS for symptomatic relief.,250,Jeera water for digestion.,Rubbing heavy salt on rashes.
10,Allergic Rhinitis (Variant 10),Respiratory,"Cough, Fatigue, Headache",7,Specialist Doctor,Curd rice,Cold drinks,Anulom Vilom,N/A - Prescription Required,Severity is high. Automatic recommendation disabled to ensure safety. Consult a doctor.,0,Coconut water for rehydration.,Using battery acid for skin patches.
11,Influenza (Variant 11),Infectious,"Body ache, Itching, Fever",5,General Physician,Boiled vegetables,Excessive caffeine,Complete Bed Rest,Loperamide,Standard OTC Loperamide for symptomatic relief.,250,Ginger and honey tea for sore throat.,Using battery acid for skin patches.
12,Common Cold (Variant 12),Infectious,"Itching, Nausea, Body ache",10,Specialist Doctor,Pomegranate,Excessive caffeine,Brisk walking,N/A - Prescription Required,Severity is high. Automatic recommendation disabled to ensure safety. Consult a doctor.,0,Ginger and honey tea for sore throat.,Putting oil or ghee on open wounds.
13,Diarrhea (Variant 13),Gastrointestinal,"Itching, Fatigue, Stomach pain",5,General Physician,Pomegranate,Deep-fried pakoras,Complete Bed Rest,Paracetamol,Standard OTC Paracetamol for symptomatic relief.,650,Ginger and honey tea for sore throat.,Using battery acid for skin patches.
14,Vitamin D Deficiency (Variant 14),General,"Vomiting, Body ache, Fatigue",10,Specialist Doctor,Papaya,Spicy street food,Anulom Vilom,N/A - Prescription Required,Severity is high. Automatic recommendation disabled to ensure safety. Consult a doctor.,0,Ginger and honey tea for sore throat.,Putting onions in armpits to reduce fever.
15,Eczema (Variant 15),Skin,"Vomiting, Fatigue, Headache",9,Specialist Doctor,Curd rice,Excessive caffeine,Complete Bed Rest,N/A - Prescription Required,Severity is high. Automatic recommendation disabled to ensure safety. Consult a doctor.,0,Coconut water for rehydration.,Rubbing heavy salt on rashes.
16,Typhoid (Variant 16),Infectious,"Cough, Nausea, Fever",4,General Physician,Boiled vegetables,Cold drinks,Anulom Vilom,ORS,Standard OTC ORS for symptomatic relief.,250,Jeera water for digestion.,Putting oil or ghee on open wounds.
17,Vitamin D Deficiency (Variant 17),General,"Fatigue, Cough, Fever",10,Specialist Doctor,Moong Dal Khichdi,Cold drinks,Light stretching,N/A - Prescription Required,Severity is high. Automatic recommendation disabled to ensure safety. Consult a doctor.,0,Warm turmeric milk (Haldi Doodh) for immunity.,Rubbing heavy salt on rashes.
18,Gastritis (Variant 18),Gastrointestinal,"Vomiting, Stomach pain, Nausea",7,Specialist Doctor,Papaya,Cold drinks,Complete Bed Rest,N/A - Prescription Required,Severity is high. Automatic recommendation disabled to ensure safety. Consult a doctor.,0,Ginger and honey tea for sore throat.,Applying Colgate/toothpaste on burns (causes infection).
19,Acne (Variant 19),Skin,"Headache, Fever, Vomiting",2,General Physician,Boiled vegetables,Deep-fried pakoras,Light stretching,Cetirizine,Standard OTC Cetirizine for symptomatic relief.,500,Warm turmeric milk (Haldi Doodh) for immunity.,Putting onions in armpits to reduce fever.
20,Eczema (Variant 20),Skin,"Fever, Stomach pain, Headache",9,Specialist Doctor,Curd rice,Deep-fried pakoras,Complete Bed Rest,N/A - Prescription Required,Severity is high. Automatic recommendation disabled to ensure safety. Consult a doctor.,0,Ginger and honey tea for sore throat.,Rubbing heavy salt on rashes.
21,Food Poisoning (Variant 21),Gastrointestinal,"Stomach pain, Body ache, Vomiting",5,General Physician,Pomegranate,Cold drinks,Anulom Vilom,ORS,Standard OTC ORS for symptomatic relief.,500,Warm turmeric milk (Haldi Doodh) for immunity.,Using battery acid for skin patches.
22,Acidity (Variant 22),Gastrointestinal,"Fever, Vomiting, Cough",5,General Physician,Papaya,Excessive caffeine,Light stretching,Loperamide,Standard OTC Loperamide for symptomatic relief.,650,Coconut water for rehydration.,Using battery acid for skin patches.
23,Sinusitis (Variant 23),Respiratory,"Itching, Fatigue, Stomach pain",10,Specialist Doctor,Moong Dal Khichdi,Spicy street food,Brisk walking,N/A - Prescription Required,Severity is high. Automatic recommendation disabled to ensure safety. Consult a doctor.,0,Coconut water for rehydration.,Using battery acid for skin patches.
24,Anemia (Variant 24),General,"Itching, Stomach pain, Vomiting",10,Specialist Doctor,Curd rice,Cold drinks,Complete Bed Rest,N/A - Prescription Required,Severity is high. Automatic recommendation disabled to ensure safety. Consult a doctor.,0,Saltwater gargles for throat infection.,Putting onions in armpits to reduce fever.
25,Sinusitis (Variant 25),Respiratory,"Stomach pain, Vomiting, Nausea",6,Specialist Doctor,Boiled vegetables,Deep-fried pakoras,Brisk walking,N/A - Prescription Required,Severity is high. Automatic recommendation disabled to ensure safety. Consult a doctor.,0,Saltwater gargles for throat infection.,Rubbing heavy salt on rashes.
26,Eczema (Variant 26),Skin,"Headache, Fatigue, Stomach pain",2,General Physician,Pomegranate,Spicy street food,Yoga (Pranayama),Omeprazole,Standard OTC Omeprazole for symptomatic relief.,650,Jeera water for digestion.,Putting oil or ghee on open wounds.
27,Bronchitis (Variant 27),Respiratory,"Stomach pain, Body ache, Nausea",5,General Physician,Curd rice,Cold drinks,Brisk walking,Loperamide,Standard OTC Loperamide for symptomatic relief.,250,Ginger and honey tea for sore throat.,Using battery acid for skin patches.
28,Sunburn (Variant 28),Skin,"Vomiting, Fever, Stomach pain",1,General Physician,Curd rice,Raw salads (if infectious),Yoga (Pranayama),Paracetamol,Standard OTC Paracetamol for symptomatic relief.,650,Ginger and honey tea for sore throat.,Applying Colgate/toothpaste on burns (causes infection).
29,Diarrhea (Variant 29),Gastrointestinal,"Headache, Fever, Fatigue",4,General Physician,Papaya,Cold drinks,Anulom Vilom,ORS,Standard OTC ORS for symptomatic relief.,250,Warm turmeric milk (Haldi Doodh) for immunity.,Putting oil or ghee on open wounds.
30,Fungal Infection (Variant 30),Skin,"Fatigue, Itching, Cough",2,General Physician,Boiled vegetables,Cold drinks,Complete Bed Rest,Cetirizine,Standard OTC Cetirizine for symptomatic relief.,650,Coconut water for rehydration.,Using battery acid for skin patches.
31,Food Poisoning (Variant 31),Gastrointestinal,"Nausea, Fever, Headache",10,Specialist Doctor,Pomegranate,Excessive caffeine,Brisk walking,N/A - Prescription Required,Severity is high. Automatic recommendation disabled to ensure safety. Consult a doctor.,0,Ginger and honey tea for sore throat.,Rubbing heavy salt on rashes.
32,Amoebiasis (Variant 32),Gastrointestinal,"Fever, Cough, Headache",1,General Physician,Pomegranate,Deep-fried pakoras,Yoga (Pranayama),Cetirizine,Standard OTC Cetirizine for symptomatic relief.,250,Warm turmeric milk (Haldi Doodh) for immunity.,Putting oil or ghee on open wounds.
33,Dengue (Variant 33),Infectious,"Cough, Vomiting, Fatigue",4,General Physician,Curd rice,Cold drinks,Complete Bed Rest,Loperamide,Standard OTC Loperamide for symptomatic relief.,650,Ginger and honey tea for sore throat.,Using battery acid for skin patches.
34,Bronchitis (Variant 34),Respiratory,"Stomach pain, Fatigue, Cough",4,General Physician,Moong Dal Khichdi,Deep-fried pakoras,Yoga (Pranayama),Cetirizine,Standard OTC Cetirizine for symptomatic relief.,250,Jeera water for digestion.,Applying Colgate/toothpaste on burns (causes infection).
35,Dengue (Variant 35),Infectious,"Cough, Headache, Fatigue",5,General Physician,Pomegranate,Spicy street food,Brisk walking,Loperamide,Standard OTC Loperamide for symptomatic relief.,650,Jeera water for digestion.,Putting oil or ghee on open wounds.
36,Allergic Rhinitis (Variant 36),Respiratory,"Itching, Nausea, Fever",7,Specialist Doctor,Boiled vegetables,Cold drinks,Complete Bed Rest,N/A - Prescription Required,Severity is high. Automatic recommendation disabled to ensure safety. Consult a doctor.,0,Ginger and honey tea for sore throat.,Rubbing heavy salt on rashes.
37,Gastritis (Variant 37),Gastrointestinal,"Stomach pain, Itching, Headache",9,Specialist Doctor,Pomegranate,Deep-fried pakoras,Light stretching,N/A - Prescription Required,Severity is high. Automatic recommendation disabled to ensure safety. Consult a doctor.,0,Jeera water for digestion.,Using battery acid for skin patches.
38,Bronchitis (Variant 38),Respiratory,"Vomiting, Stomach pain, Fatigue",6,Specialist Doctor,Pomegranate,Excessive caffeine,Complete Bed Rest,N/A - Prescription Required,Severity is high. Automatic recommendation disabled to ensure safety. Consult a doctor.,0,Ginger and honey tea for sore throat.,Putting oil or ghee on open wounds.
39,Eczema (Variant 39),Skin,"Headache, Vomiting, Stomach pain",7,Specialist Doctor,Papaya,Spicy street food,Anulom Vilom,N/A - Prescription Required,Severity is high. Automatic recommendation disabled to ensure safety. Consult a doctor.,0,Warm turmeric milk (Haldi Doodh) for immunity.,Rubbing heavy salt on rashes.
40,Sunburn (Variant 40),Skin,"Headache, Nausea, Fatigue",1,General Physician,Papaya,Cold drinks,Anulom Vilom,Paracetamol,Standard OTC Paracetamol for symptomatic relief.,650,Coconut water for rehydration.,Applying Colgate/toothpaste on burns (causes infection).
41,Diarrhea (Variant 41),Gastrointestinal,"Vomiting, Fever, Nausea",9,Specialist Doctor,Boiled vegetables,Cold drinks,Complete Bed Rest,N/A - Prescription Required,Severity is high. Automatic recommendation disabled to ensure safety. Consult a doctor.,0,Ginger and honey tea for sore throat.,Using battery acid for skin patches.
42,Food Poisoning (Variant 42),Gastrointestinal,"Fatigue, Fever, Body ache",4,General Physician,Curd rice,Deep-fried pakoras,Brisk walking,Cetirizine,Standard OTC Cetirizine for symptomatic relief.,250,Jeera water for digestion.,Applying Colgate/toothpaste on burns (causes infection).
43,Fungal Infection (Variant 43),Skin,"Itching, Nausea, Vomiting",6,Specialist Doctor,Boiled vegetables,Deep-fried pakoras,Brisk walking,N/A - Prescription Required,Severity is high. Automatic recommendation disabled to ensure safety. Consult a doctor.,0,Coconut water for rehydration.,Putting onions in armpits to reduce fever.
44,Food Poisoning (Variant 44),Gastrointestinal,"Stomach pain, Nausea, Vomiting",8,Specialist Doctor,Moong Dal Khichdi,Raw salads (if infectious),Brisk walking,N/A - Prescription Required,Severity is high. Automatic recommendation disabled to ensure safety. Consult a doctor.,0,Saltwater gargles for throat infection.,Rubbing heavy salt on rashes.
45,Bronchitis (Variant 45),Respiratory,"Fatigue, Cough, Itching",9,Specialist Doctor,Boiled vegetables,Deep-fried pakoras,Yoga (Pranayama),N/A - Prescription Required,Severity is high. Automatic recommendation disabled to ensure safety. Consult a doctor.,0,Ginger and honey tea for sore throat.,Putting onions in armpits to reduce fever.
46,Amoebiasis (Variant 46),Gastrointestinal,"Fatigue, Vomiting, Itching",1,General Physician,Boiled vegetables,Excessive caffeine,Light stretching,Loperamide,Standard OTC Loperamide for symptomatic relief.,250,Warm turmeric milk (Haldi Doodh) for immunity.,Putting oil or ghee on open wounds.
47,Bronchitis (Variant 47),Respiratory,"Headache, Fever, Fatigue",10,Specialist Doctor,Papaya,Raw salads (if infectious),Brisk walking,N/A - Prescription Required,Severity is high. Automatic recommendation disabled to ensure safety. Consult a doctor.,0,Saltwater gargles for throat infection.,Rubbing heavy salt on rashes.
48,Anemia (Variant 48),General,"Itching, Cough, Stomach pain",8,Specialist Doctor,Curd rice,Spicy street food,Complete Bed Rest,N/A - Prescription Required,Severity is high. Automatic recommendation disabled to ensure safety. Consult a doctor.,0,Ginger and honey tea for sore throat.,Rubbing heavy salt on rashes.
49,Acne (Variant 49),Skin,"Cough, Body ache, Fever",7,Specialist Doctor,Moong Dal Khichdi,Spicy street food,Anulom Vilom,N/A - Prescription Required,Severity is high. Automatic recommendation disabled to ensure safety. Consult a doctor.,0,Ginger and honey tea for sore throat.,Rubbing heavy salt on rashes.
50,Food Poisoning (Variant 50),Gastrointestinal,"Cough, Stomach pain, Fever",4,General Physician,Papaya,Excessive caffeine,Yoga (Pranayama),Paracetamol,Standard OTC Paracetamol for symptomatic relief.,250,Warm turmeric milk (Haldi Doodh) for immunity.,Using battery acid for skin patches.
51,Heat Rash (Variant 51),Skin,"Body ache, Cough, Stomach pain",1,General Physician,Boiled vegetables,Cold drinks,Anulom Vilom,ORS,Standard OTC ORS for symptomatic relief.,500,Coconut water for rehydration.,Applying Colgate/toothpaste on burns (causes infection).
52,Acidity (Variant 52),Gastrointestinal,"Vomiting, Cough, Fatigue",3,General Physician,Pomegranate,Deep-fried pakoras,Complete Bed Rest,ORS,Standard OTC ORS for symptomatic relief.,500,Saltwater gargles for throat infection.,Applying Colgate/toothpaste on burns (causes infection).
53,Sinusitis (Variant 53),Respiratory,"Body ache, Cough, Fatigue",8,Specialist Doctor,Moong Dal Khichdi,Deep-fried pakoras,Complete Bed Rest,N/A - Prescription Required,Severity is high. Automatic recommendation disabled to ensure safety. Consult a doctor.,0,Jeera water for digestion.,Putting oil or ghee on open wounds.
54,Asthma (Variant 54),Respiratory,"Stomach pain, Fatigue, Body ache",8,Specialist Doctor,Boiled vegetables,Excessive caffeine,Brisk walking,N/A - Prescription Required,Severity is high. Automatic recommendation disabled to ensure safety. Consult a doctor.,0,Ginger and honey tea for sore throat.,Putting onions in armpits to reduce fever.
55,Vitamin D Deficiency (Variant 55),General,"Itching, Fatigue, Stomach pain",9,Specialist Doctor,Pomegranate,Raw salads (if infectious),Brisk walking,N/A - Prescription Required,Severity is high. Automatic recommendation disabled to ensure safety. Consult a doctor.,0,Coconut water for rehydration.,Applying Colgate/toothpaste on burns (causes infection).
56,Food Poisoning (Variant 56),Gastrointestinal,"Itching, Body ache, Fever",8,Specialist Doctor,Pomegranate,Raw salads (if infectious),Yoga (Pranayama),N/A - Prescription Required,Severity is high. Automatic recommendation disabled to ensure safety. Consult a doctor.,0,Coconut water for rehydration.,Putting oil or ghee on open wounds.
57,Dengue (Variant 57),Infectious,"Nausea, Itching, Headache",4,General Physician,Papaya,Cold drinks,Light stretching,Cetirizine,Standard OTC Cetirizine for symptomatic relief.,500,Jeera water for digestion.,Applying Colgate/toothpaste on burns (causes infection).
58,Food Poisoning (Variant 58),Gastrointestinal,"Fatigue, Stomach pain, Nausea",9,Specialist Doctor,Curd rice,Deep-fried pakoras,Light stretching,N/A - Prescription Required,Severity is high. Automatic recommendation disabled to ensure safety. Consult a doctor.,0,Ginger and honey tea for sore throat.,Using battery acid for skin patches.
59,Typhoid (Variant 59),Infectious,"Itching, Nausea, Vomiting",10,Specialist Doctor,Boiled vegetables,Raw salads (if infectious),Complete Bed Rest,N/A - Prescription Required,Severity is high. Automatic recommendation disabled to ensure safety. Consult a doctor.,0,Saltwater gargles for throat infection.,Rubbing heavy salt on rashes.
60,Sunburn (Variant 60),Skin,"Body ache, Fatigue, Cough",6,Specialist Doctor,Moong Dal Khichdi,Excessive caffeine,Complete Bed Rest,N/A - Prescription Required,Severity is high. Automatic recommendation disabled to ensure safety. Consult a doctor.,0,Coconut water for rehydration.,Putting onions in armpits to reduce fever.
61,Food Poisoning (Variant 61),Gastrointestinal,"Nausea, Fever, Fatigue",1,General Physician,Papaya,Raw salads (if infectious),Anulom Vilom,Omeprazole,Standard OTC Omeprazole for symptomatic relief.,500,Jeera water for digestion.,Applying Colgate/toothpaste on burns (causes infection).
62,Influenza (Variant 62),Infectious,"Headache, Itching, Stomach pain",10,Specialist Doctor,Curd rice,Cold drinks,Anulom Vilom,N/A - Prescription Required,Severity is high. Automatic recommendation disabled to ensure safety. Consult a doctor.,0,Warm turmeric milk (Haldi Doodh) for immunity.,Rubbing heavy salt on rashes.
63,Heat Stroke (Variant 63),General,"Stomach pain, Vomiting, Headache",5,General Physician,Curd rice,Deep-fried pakoras,Brisk walking,ORS,Standard OTC ORS for symptomatic relief.,650,Jeera water for digestion.,Putting onions in armpits to reduce fever.
64,Sinusitis (Variant 64),Respiratory,"Stomach pain, Itching, Headache",7,Specialist Doctor,Pomegranate,Cold drinks,Yoga (Pranayama),N/A - Prescription Required,Severity is high. Automatic recommendation disabled to ensure safety. Consult a doctor.,0,Ginger and honey tea for sore throat.,Using battery acid for skin patches.
65,Fungal Infection (Variant 65),Skin,"Fatigue, Vomiting, Stomach pain",2,General Physician,Boiled vegetables,Spicy street food,Brisk walking,Loperamide,Standard OTC Loperamide for symptomatic relief.,250,Ginger and honey tea for sore throat.,Using battery acid for skin patches.
66,Eczema (Variant 66),Skin,"Body ache, Vomiting, Itching",5,General Physician,Moong Dal Khichdi,Deep-fried pakoras,Brisk walking,Ibuprofen,Standard OTC Ibuprofen for symptomatic relief.,250,Coconut water for rehydration.,Using battery acid for skin patches.
67,Food Poisoning (Variant 67),Gastrointestinal,"Headache, Nausea, Fatigue",2,General Physician,Papaya,Spicy street food,Yoga (Pranayama),Cetirizine,Standard OTC Cetirizine for symptomatic relief.,650,Warm turmeric milk (Haldi Doodh) for immunity.,Applying Colgate/toothpaste on burns (causes infection).
68,Chickenpox (Variant 68),Infectious,"Cough, Nausea, Fever",10,Specialist Doctor,Papaya,Excessive caffeine,Yoga (Pranayama),N/A - Prescription Required,Severity is high. Automatic recommendation disabled to ensure safety. Consult a doctor.,0,Ginger and honey tea for sore throat.,Putting onions in armpits to reduce fever.
69,Heat Stroke (Variant 69),General,"Cough, Stomach pain, Fatigue",5,General Physician,Moong Dal Khichdi,Cold drinks,Yoga (Pranayama),Cetirizine,Standard OTC Cetirizine for symptomatic relief.,250,Saltwater gargles for throat infection.,Rubbing heavy salt on rashes.
70,Gastritis (Variant 70),Gastrointestinal,"Fatigue, Fever, Vomiting",2,General Physician,Pomegranate,Cold drinks,Light stretching,Omeprazole,Standard OTC Omeprazole for symptomatic relief.,250,Saltwater gargles for throat infection.,Putting onions in armpits to reduce fever.
71,Influenza (Variant 71),Infectious,"Fever, Headache, Vomiting",9,Specialist Doctor,Pomegranate,Deep-fried pakoras,Yoga (Pranayama),N/A - Prescription Required,Severity is high. Automatic recommendation disabled to ensure safety. Consult a doctor.,0,Ginger and honey tea for sore throat.,Putting onions in armpits to reduce fever.
72,Bronchitis (Variant 72),Respiratory,"Stomach pain, Cough, Vomiting",8,Specialist Doctor,Pomegranate,Deep-fried pakoras,Complete Bed Rest,N/A - Prescription Required,Severity is high. Automatic recommendation disabled to ensure safety. Consult a doctor.,0,Warm turmeric milk (Haldi Doodh) for immunity.,Applying Colgate/toothpaste on burns (causes infection).
73,Dehydration (Variant 73),General,"Vomiting, Fatigue, Fever",4,General Physician,Curd rice,Raw salads (if infectious),Complete Bed Rest,Omeprazole,Standard OTC Omeprazole for symptomatic relief.,650,Jeera water for digestion.,Putting oil or ghee on open wounds.
74,Sinusitis (Variant 74),Respiratory,"Fatigue, Stomach pain, Body ache",6,Specialist Doctor,Curd rice,Excessive caffeine,Yoga (Pranayama),N/A - Prescription Required,Severity is high. Automatic recommendation disabled to ensure safety. Consult a doctor.,0,Coconut water for rehydration.,Applying Colgate/toothpaste on burns (causes infection).
75,Heat Stroke (Variant 75),General,"Fatigue, Nausea, Headache",1,General Physician,Pomegranate,Deep-fried pakoras,Anulom Vilom,Cetirizine,Standard OTC Cetirizine for symptomatic relief.,650,Warm turmeric milk (Haldi Doodh) for immunity.,Putting oil or ghee on open wounds.
76,Anemia (Variant 76),General,"Stomach pain, Cough, Vomiting",7,Specialist Doctor,Moong Dal Khichdi,Raw salads (if infectious),Yoga (Pranayama),N/A - Prescription Required,Severity is high. Automatic recommendation disabled to ensure safety. Consult a doctor.,0,Coconut water for rehydration.,Putting oil or ghee on open wounds.
77,Asthma (Variant 77),Respiratory,"Fever, Nausea, Headache",7,Specialist Doctor,Moong Dal Khichdi,Deep-fried pakoras,Light stretching,N/A - Prescription Required,Severity is high. Automatic recommendation disabled to ensure safety. Consult a doctor.,0,Ginger and honey tea for sore throat.,Applying Colgate/toothpaste on burns (causes infection).
78,Acne (Variant 78),Skin,"Cough, Body ache, Stomach pain",3,General Physician,Pomegranate,Cold drinks,Light stretching,Omeprazole,Standard OTC Omeprazole for symptomatic relief.,250,Warm turmeric milk (Haldi Doodh) for immunity.,Rubbing heavy salt on rashes.
79,Heat Stroke (Variant 79),General,"Fatigue, Body ache, Itching",5,General Physician,Moong Dal Khichdi,Raw salads (if infectious),Complete Bed Rest,Cetirizine,Standard OTC Cetirizine for symptomatic relief.,250,Ginger and honey tea for sore throat.,Rubbing heavy salt on rashes.
80,Diarrhea (Variant 80),Gastrointestinal,"Stomach pain, Cough, Body ache",8,Specialist Doctor,Boiled vegetables,Excessive caffeine,Complete Bed Rest,N/A - Prescription Required,Severity is high. Automatic recommendation disabled to ensure safety. Consult a doctor.,0,Jeera water for digestion.,Rubbing heavy salt on rashes.
81,Eczema (Variant 81),Skin,"Itching, Fatigue, Body ache",2,General Physician,Boiled vegetables,Spicy street food,Brisk walking,Paracetamol,Standard OTC Paracetamol for symptomatic relief.,500,Saltwater gargles for throat infection.,Putting oil or ghee on open wounds.
82,Asthma (Variant 82),Respiratory,"Body ache, Itching, Nausea",6,Specialist Doctor,Moong Dal Khichdi,Deep-fried pakoras,Anulom Vilom,N/A - Prescription Required,Severity is high. Automatic recommendation disabled to ensure safety. Consult a doctor.,0,Saltwater gargles for throat infection.,Applying Colgate/toothpaste on burns (causes infection).
83,Sunburn (Variant 83),Skin,"Vomiting, Cough, Fever",4,General Physician,Boiled vegetables,Excessive caffeine,Brisk walking,Cetirizine,Standard OTC Cetirizine for symptomatic relief.,650,Coconut water for rehydration.,Putting oil or ghee on open wounds.
84,Sunburn (Variant 84),Skin,"Headache, Nausea, Stomach pain",5,General Physician,Boiled vegetables,Cold drinks,Anulom Vilom,ORS,Standard OTC ORS for symptomatic relief.,250,Coconut water for rehydration.,Using battery acid for skin patches.
85,Typhoid (Variant 85),Infectious,"Headache, Fatigue, Fever",7,Specialist Doctor,Papaya,Excessive caffeine,Yoga (Pranayama),N/A - Prescription Required,Severity is high. Automatic recommendation disabled to ensure safety. Consult a doctor.,0,Jeera water for digestion.,Using battery acid for skin patches.
86,Malaria (Variant 86),Infectious,"Fever, Cough, Vomiting",4,General Physician,Papaya,Spicy street food,Light stretching,Ibuprofen,Standard OTC Ibuprofen for symptomatic relief.,250,Saltwater gargles for throat infection.,Applying Colgate/toothpaste on burns (causes infection).
87,Amoebiasis (Variant 87),Gastrointestinal,"Headache, Itching, Stomach pain",1,General Physician,Moong Dal Khichdi,Excessive caffeine,Complete Bed Rest,Cetirizine,Standard OTC Cetirizine for symptomatic relief.,250,Warm turmeric milk (Haldi Doodh) for immunity.,Applying Colgate/toothpaste on burns (causes infection).
88,Dehydration (Variant 88),General,"Cough, Fatigue, Itching",8,Specialist Doctor,Papaya,Cold drinks,Brisk walking,N/A - Prescription Required,Severity is high. Automatic recommendation disabled to ensure safety. Consult a doctor.,0,Saltwater gargles for throat infection.,Applying Colgate/toothpaste on burns (causes infection).
89,Asthma (Variant 89),Respiratory,"Headache, Fever, Itching",4,General Physician,Pomegranate,Spicy street food,Brisk walking,Ibuprofen,Standard OTC Ibuprofen for symptomatic relief.,650,Ginger and honey tea for sore throat.,Rubbing heavy salt on rashes.
90,Fungal Infection (Variant 90),Skin,"Body ache, Itching, Fatigue",9,Specialist Doctor,Curd rice,Raw salads (if infectious),Light stretching,N/A - Prescription Required,Severity is high. Automatic recommendation disabled to ensure safety. Consult a doctor.,0,Ginger and honey tea for sore throat.,Rubbing heavy salt on rashes.
91,Common Cold (Variant 91),Infectious,"Headache, Stomach pain, Itching",5,General Physician,Curd rice,Raw salads (if infectious),Yoga (Pranayama),Omeprazole,Standard OTC Omeprazole for symptomatic relief.,250,Jeera water for digestion.,Putting oil or ghee on open wounds.
92,Vitamin D Deficiency (Variant 92),General,"Body ache, Headache, Fever",7,Specialist Doctor,Curd rice,Cold drinks,Brisk walking,N/A - Prescription Required,Severity is high. Automatic recommendation disabled to ensure safety. Consult a doctor.,0,Coconut water for rehydration.,Using battery acid for skin patches.
93,Food Poisoning (Variant 93),Gastrointestinal,"Itching, Fever, Vomiting",5,General Physician,Pomegranate,Excessive caffeine,Light stretching,Cetirizine,Standard OTC Cetirizine for symptomatic relief.,650,Saltwater gargles for throat infection.,Putting onions in armpits to reduce fever.
94,Acne (Variant 94),Skin,"Fever, Nausea, Itching",2,General Physician,Curd rice,Raw salads (if infectious),Anulom Vilom,ORS,Standard OTC ORS for symptomatic relief.,250,Ginger and honey tea for sore throat.,Rubbing heavy salt on rashes.
95,Eczema (Variant 95),Skin,"Itching, Headache, Cough",6,Specialist Doctor,Boiled vegetables,Deep-fried pakoras,Yoga (Pranayama),N/A - Prescription Required,Severity is high. Automatic recommendation disabled to ensure safety. Consult a doctor.,0,Warm turmeric milk (Haldi Doodh) for immunity.,Rubbing heavy salt on rashes.
96,Vitamin D Deficiency (Variant 96),General,"Fever, Body ache, Vomiting",5,General Physician,Curd rice,Deep-fried pakoras,Brisk walking,ORS,Standard OTC ORS for symptomatic relief.,650,Ginger and honey tea for sore throat.,Rubbing heavy salt on rashes.
97,Eczema (Variant 97),Skin,"Vomiting, Stomach pain, Itching",2,General Physician,Papaya,Raw salads (if infectious),Brisk walking,Cetirizine,Standard OTC Cetirizine for symptomatic relief.,500,Saltwater gargles for throat infection.,Rubbing heavy salt on rashes.
98,Fungal Infection (Variant 98),Skin,"Itching, Fever, Cough",4,General Physician,Moong Dal Khichdi,Spicy street food,Light stretching,Paracetamol,Standard OTC Paracetamol for symptomatic relief.,250,Coconut water for rehydration.,Using battery acid for skin patches.
99,Influenza (Variant 99),Infectious,"Itching, Fever, Stomach pain",5,General Physician,Curd rice,Deep-fried pakoras,Brisk walking,Cetirizine,Standard OTC Cetirizine for symptomatic relief.,250,Ginger and honey tea for sore throat.,Putting onions in armpits to reduce fever.
100,Gastritis (Variant 100),Gastrointestinal,"Vomiting, Cough, Itching",5,General Physician,Moong Dal Khichdi,Raw salads (if infectious),Brisk walking,Paracetamol,Standard OTC Paracetamol for symptomatic relief.,500,Jeera water for digestion.,Using battery acid for skin patches.
101,Acne (Variant 101),Skin,"Stomach pain, Body ache, Headache",9,Specialist Doctor,Curd rice,Deep-fried pakoras,Yoga (Pranayama),N/A - Prescription Required,Severity is high. Automatic recommendation disabled to ensure safety. Consult a doctor.,0,Saltwater gargles for throat infection.,Rubbing heavy salt on rashes.
102,Allergic Rhinitis (Variant 102),Respiratory,"Stomach pain, Headache, Cough",2,General Physician,Moong Dal Khichdi,Spicy street food,Anulom Vilom,Cetirizine,Standard OTC Cetirizine for symptomatic relief.,650,Saltwater gargles for throat infection.,Putting oil or ghee on open wounds.
103,Gastritis (Variant 103),Gastrointestinal,"Body ache, Fever, Headache",3,General Physician,Moong Dal Khichdi,Spicy street food,Anulom Vilom,Paracetamol,Standard OTC Paracetamol for symptomatic relief.,250,Ginger and honey tea for sore throat.,Rubbing heavy salt on rashes.
104,Sinusitis (Variant 104),Respiratory,"Body ache, Vomiting, Fatigue",10,Specialist Doctor,Papaya,Deep-fried pakoras,Yoga (Pranayama),N/A - Prescription Required,Severity is high. Automatic recommendation disabled to ensure safety. Consult a doctor.,0,Ginger and honey tea for sore throat.,Rubbing heavy salt on rashes.
105,Heat Rash (Variant 105),Skin,"Fatigue, Headache, Body ache",6,Specialist Doctor,Curd rice,Excessive caffeine,Yoga (Pranayama),N/A - Prescription Required,Severity is high. Automatic recommendation disabled to ensure safety. Consult a doctor.,0,Coconut water for rehydration.,Putting onions in armpits to reduce fever.
106,Heat Rash (Variant 106),Skin,"Body ache, Cough, Itching",1,General Physician,Moong Dal Khichdi,Spicy street food,Yoga (Pranayama),Ibuprofen,Standard OTC Ibuprofen for symptomatic relief.,250,Warm turmeric milk (Haldi Doodh) for immunity.,Using battery acid for skin patches.
107,Amoebiasis (Variant 107),Gastrointestinal,"Cough, Headache, Body ache",10,Specialist Doctor,Pomegranate,Cold drinks,Anulom Vilom,N/A - Prescription Required,Severity is high. Automatic recommendation disabled to ensure safety. Consult a doctor.,0,Coconut water for rehydration.,Using battery acid for skin patches.
108,Common Cold (Variant 108),Infectious,"Vomiting, Fever, Body ache",4,General Physician,Moong Dal Khichdi,Cold drinks,Yoga (Pranayama),Loperamide,Standard OTC Loperamide for symptomatic relief.,500,Ginger and honey tea for sore throat.,Using battery acid for skin patches.
109,Amoebiasis (Variant 109),Gastrointestinal,"Body ache, Stomach pain, Vomiting",7,Specialist Doctor,Moong Dal Khichdi,Spicy street food,Brisk walking,N/A - Prescription Required,Severity is high. Automatic recommendation disabled to ensure safety. Consult a doctor.,0,Coconut water for rehydration.,Using battery acid for skin patches.
110,Chickenpox (Variant 110),Infectious,"Stomach pain, Itching, Nausea",10,Specialist Doctor,Curd rice,Deep-fried pakoras,Yoga (Pranayama),N/A - Prescription Required,Severity is high. Automatic recommendation disabled to ensure safety. Consult a doctor.,0,Saltwater gargles for throat infection.,Using battery acid for skin patches.
111,Influenza (Variant 111),Infectious,"Cough, Fatigue, Nausea",10,Specialist Doctor,Moong Dal Khichdi,Excessive caffeine,Brisk walking,N/A - Prescription Required,Severity is high. Automatic recommendation disabled to ensure safety. Consult a doctor.,0,Ginger and honey tea for sore throat.,Rubbing heavy salt on rashes.
112,Anemia (Variant 112),General,"Itching, Fever, Fatigue",7,Specialist Doctor,Papaya,Raw salads (if infectious),Yoga (Pranayama),N/A - Prescription Required,Severity is high. Automatic recommendation disabled to ensure safety. Consult a doctor.,0,Warm turmeric milk (Haldi Doodh) for immunity.,Using battery acid for skin patches.
113,Sinusitis (Variant 113),Respiratory,"Body ache, Cough, Vomiting",4,General Physician,Boiled vegetables,Raw salads (if infectious),Anulom Vilom,Cetirizine,Standard OTC Cetirizine for symptomatic relief.,650,Ginger and honey tea for sore throat.,Rubbing heavy salt on rashes.
114,Sunburn (Variant 114),Skin,"Stomach pain, Fever, Itching",8,Specialist Doctor,Curd rice,Excessive caffeine,Complete Bed Rest,N/A - Prescription Required,Severity is high. Automatic recommendation disabled to ensure safety. Consult a doctor.,0,Coconut water for rehydration.,Putting oil or ghee on open wounds.
115,Acidity (Variant 115),Gastrointestinal,"Cough, Fatigue, Stomach pain",1,General Physician,Curd rice,Cold drinks,Brisk walking,Loperamide,Standard OTC Loperamide for symptomatic relief.,250,Ginger and honey tea for sore throat.,Using battery acid for skin patches.
116,Typhoid (Variant 116),Infectious,"Fatigue, Headache, Stomach pain",10,Specialist Doctor,Curd rice,Deep-fried pakoras,Light stretching,N/A - Prescription Required,Severity is high. Automatic recommendation disabled to ensure safety. Consult a doctor.,0,Jeera water for digestion.,Putting onions in armpits to reduce fever.
117,Heat Rash (Variant 117),Skin,"Headache, Stomach pain, Cough",2,General Physician,Curd rice,Excessive caffeine,Anulom Vilom,Paracetamol,Standard OTC Paracetamol for symptomatic relief.,650,Coconut water for rehydration.,Using battery acid for skin patches.
118,Acidity (Variant 118),Gastrointestinal,"Itching, Fever, Cough",4,General Physician,Moong Dal Khichdi,Excessive caffeine,Brisk walking,ORS,Standard OTC ORS for symptomatic relief.,500,Ginger and honey tea for sore throat.,Using battery acid for skin patches.
119,Eczema (Variant 119),Skin,"Fever, Vomiting, Headache",6,Specialist Doctor,Curd rice,Deep-fried pakoras,Brisk walking,N/A - Prescription Required,Severity is high. Automatic recommendation disabled to ensure safety. Consult a doctor.,0,Saltwater gargles for throat infection.,Using battery acid for skin patches.
120,Anemia (Variant 120),General,"Stomach pain, Body ache, Cough",2,General Physician,Papaya,Raw salads (if infectious),Complete Bed Rest,Omeprazole,Standard OTC Omeprazole for symptomatic relief.,500,Warm turmeric milk (Haldi Doodh) for immunity.,Rubbing heavy salt on rashes.
121,Heat Rash (Variant 121),Skin,"Fatigue, Stomach pain, Fever",3,General Physician,Papaya,Deep-fried pakoras,Brisk walking,ORS,Standard OTC ORS for symptomatic relief.,500,Coconut water for rehydration.,Applying Colgate/toothpaste on burns (causes infection).
122,Sinusitis (Variant 122),Respiratory,"Headache, Stomach pain, Body ache",9,Specialist Doctor,Pomegranate,Deep-fried pakoras,Light stretching,N/A - Prescription Required,Severity is high. Automatic recommendation disabled to ensure safety. Consult a doctor.,0,Jeera water for digestion.,Using battery acid for skin patches.
123,Acidity (Variant 123),Gastrointestinal,"Cough, Stomach pain, Headache",10,Specialist Doctor,Boiled vegetables,Excessive caffeine,Yoga (Pranayama),N/A - Prescription Required,Severity is high. Automatic recommendation disabled to ensure safety. Consult a doctor.,0,Jeera water for digestion.,Rubbing heavy salt on rashes.
124,Vitamin D Deficiency (Variant 124),General,"Vomiting, Cough, Headache",5,General Physician,Pomegranate,Excessive caffeine,Brisk walking,Omeprazole,Standard OTC Omeprazole for symptomatic relief.,650,Warm turmeric milk (Haldi Doodh) for immunity.,Rubbing heavy salt on rashes.
125,Asthma (Variant 125),Respiratory,"Vomiting, Cough, Itching",8,Specialist Doctor,Papaya,Raw salads (if infectious),Yoga (Pranayama),N/A - Prescription Required,Severity is high. Automatic recommendation disabled to ensure safety. Consult a doctor.,0,Coconut water for rehydration.,Applying Colgate/toothpaste on burns (causes infection).
126,Gastritis (Variant 126),Gastrointestinal,"Cough, Body ache, Nausea",10,Specialist Doctor,Moong Dal Khichdi,Excessive caffeine,Brisk walking,N/A - Prescription Required,Severity is high. Automatic recommendation disabled to ensure safety. Consult a doctor.,0,Saltwater gargles for throat infection.,Using battery acid for skin patches.
127,Fungal Infection (Variant 127),Skin,"Nausea, Body ache, Vomiting",3,General Physician,Pomegranate,Excessive caffeine,Complete Bed Rest,Omeprazole,Standard OTC Omeprazole for symptomatic relief.,250,Ginger and honey tea for sore throat.,Putting onions in armpits to reduce fever.
128,Eczema (Variant 128),Skin,"Fever, Itching, Headache",2,General Physician,Papaya,Excessive caffeine,Light stretching,Cetirizine,Standard OTC Cetirizine for symptomatic relief.,500,Coconut water for rehydration.,Using battery acid for skin patches.
129,Anemia (Variant 129),General,"Cough, Nausea, Vomiting",9,Specialist Doctor,Pomegranate,Spicy street food,Anulom Vilom,N/A - Prescription Required,Severity is high. Automatic recommendation disabled to ensure safety. Consult a doctor.,0,Ginger and honey tea for sore throat.,Putting oil or ghee on open wounds.
130,Vitamin D Deficiency (Variant 130),General,"Body ache, Cough, Headache",9,Specialist Doctor,Boiled vegetables,Spicy street food,Brisk walking,N/A - Prescription Required,Severity is high. Automatic recommendation disabled to ensure safety. Consult a doctor.,0,Coconut water for rehydration.,Putting onions in armpits to reduce fever.
131,Heat Rash (Variant 131),Skin,"Vomiting, Stomach pain, Cough",3,General Physician,Curd rice,Raw salads (if infectious),Complete Bed Rest,Ibuprofen,Standard OTC Ibuprofen for symptomatic relief.,500,Ginger and honey tea for sore throat.,Applying Colgate/toothpaste on burns (causes infection).
132,Gastritis (Variant 132),Gastrointestinal,"Headache, Body ache, Fatigue",4,General Physician,Papaya,Deep-fried pakoras,Yoga (Pranayama),Omeprazole,Standard OTC Omeprazole for symptomatic relief.,500,Warm turmeric milk (Haldi Doodh) for immunity.,Using battery acid for skin patches.
133,Malaria (Variant 133),Infectious,"Headache, Nausea, Stomach pain",2,General Physician,Moong Dal Khichdi,Cold drinks,Brisk walking,Cetirizine,Standard OTC Cetirizine for symptomatic relief.,650,Jeera water for digestion.,Putting onions in armpits to reduce fever.
134,Dengue (Variant 134),Infectious,"Cough, Itching, Body ache",2,General Physician,Pomegranate,Spicy street food,Anulom Vilom,Cetirizine,Standard OTC Cetirizine for symptomatic relief.,500,Coconut water for rehydration.,Applying Colgate/toothpaste on burns (causes infection).
135,Fungal Infection (Variant 135),Skin,"Stomach pain, Fever, Cough",3,General Physician,Boiled vegetables,Excessive caffeine,Yoga (Pranayama),Omeprazole,Standard OTC Omeprazole for symptomatic relief.,250,Warm turmeric milk (Haldi Doodh) for immunity.,Putting oil or ghee on open wounds.
136,Anemia (Variant 136),General,"Body ache, Itching, Nausea",4,General Physician,Boiled vegetables,Deep-fried pakoras,Complete Bed Rest,Cetirizine,Standard OTC Cetirizine for symptomatic relief.,500,Warm turmeric milk (Haldi Doodh) for immunity.,Putting oil or ghee on open wounds.
137,Allergic Rhinitis (Variant 137),Respiratory,"Fatigue, Cough, Itching",3,General Physician,Boiled vegetables,Deep-fried pakoras,Anulom Vilom,Loperamide,Standard OTC Loperamide for symptomatic relief.,500,Warm turmeric milk (Haldi Doodh) for immunity.,Using battery acid for skin patches.
138,Diarrhea (Variant 138),Gastrointestinal,"Fatigue, Vomiting, Headache",4,General Physician,Curd rice,Cold drinks,Brisk walking,Cetirizine,Standard OTC Cetirizine for symptomatic relief.,250,Warm turmeric milk (Haldi Doodh) for immunity.,Applying Colgate/toothpaste on burns (causes infection).
139,Sunburn (Variant 139),Skin,"Nausea, Headache, Stomach pain",6,Specialist Doctor,Moong Dal Khichdi,Raw salads (if infectious),Yoga (Pranayama),N/A - Prescription Required,Severity is high. Automatic recommendation disabled to ensure safety. Consult a doctor.,0,Warm turmeric milk (Haldi Doodh) for immunity.,Rubbing heavy salt on rashes.
140,Gastritis (Variant 140),Gastrointestinal,"Nausea, Body ache, Cough",8,Specialist Doctor,Curd rice,Raw salads (if infectious),Complete Bed Rest,N/A - Prescription Required,Severity is high. Automatic recommendation disabled to ensure safety. Consult a doctor.,0,Coconut water for rehydration.,Putting onions in armpits to reduce fever.
141,Vitamin D Deficiency (Variant 141),General,"Itching, Cough, Headache",7,Specialist Doctor,Boiled vegetables,Cold drinks,Complete Bed Rest,N/A - Prescription Required,Severity is high. Automatic recommendation disabled to ensure safety. Consult a doctor.,0,Saltwater gargles for throat infection.,Rubbing heavy salt on rashes.
142,Heat Stroke (Variant 142),General,"Cough, Fatigue, Nausea",3,General Physician,Papaya,Raw salads (if infectious),Complete Bed Rest,Ibuprofen,Standard OTC Ibuprofen for symptomatic relief.,250,Jeera water for digestion.,Applying Colgate/toothpaste on burns (causes infection).
143,Vitamin D Deficiency (Variant 143),General,"Cough, Stomach pain, Itching",3,General Physician,Papaya,Deep-fried pakoras,Complete Bed Rest,Omeprazole,Standard OTC Omeprazole for symptomatic relief.,250,Coconut water for rehydration.,Rubbing heavy salt on rashes.
144,Eczema (Variant 144),Skin,"Cough, Body ache, Nausea",9,Specialist Doctor,Papaya,Cold drinks,Yoga (Pranayama),N/A - Prescription Required,Severity is high. Automatic recommendation disabled to ensure safety. Consult a doctor.,0,Jeera water for digestion.,Putting oil or ghee on open wounds.
145,Sunburn (Variant 145),Skin,"Body ache, Headache, Stomach pain",4,General Physician,Pomegranate,Spicy street food,Brisk walking,Ibuprofen,Standard OTC Ibuprofen for symptomatic relief.,500,Warm turmeric milk (Haldi Doodh) for immunity.,Using battery acid for skin patches.
146,Dengue (Variant 146),Infectious,"Nausea, Headache, Fatigue",8,Specialist Doctor,Pomegranate,Raw salads (if infectious),Light stretching,N/A - Prescription Required,Severity is high. Automatic recommendation disabled to ensure safety. Consult a doctor.,0,Ginger and honey tea for sore throat.,Using battery acid for skin patches.
147,Asthma (Variant 147),Respiratory,"Fever, Stomach pain, Headache",5,General Physician,Boiled vegetables,Raw salads (if infectious),Brisk walking,ORS,Standard OTC ORS for symptomatic relief.,650,Jeera water for digestion.,Applying Colgate/toothpaste on burns (causes infection).
148,Amoebiasis (Variant 148),Gastrointestinal,"Headache, Stomach pain, Cough",3,General Physician,Curd rice,Cold drinks,Brisk walking,Cetirizine,Standard OTC Cetirizine for symptomatic relief.,250,Coconut water for rehydration.,Putting onions in armpits to reduce fever.
149,Heat Stroke (Variant 149),General,"Cough, Nausea, Fatigue",2,General Physician,Boiled vegetables,Spicy street food,Yoga (Pranayama),Ibuprofen,Standard OTC Ibuprofen for symptomatic relief.,250,Ginger and honey tea for sore throat.,Putting onions in armpits to reduce fever.
150,Sunburn (Variant 150),Skin,"Fever, Headache, Nausea",8,Specialist Doctor,Pomegranate,Spicy street food,Complete Bed Rest,N/A - Prescription Required,Severity is high. Automatic recommendation disabled to ensure safety. Consult a doctor.,0,Saltwater gargles for throat infection.,Putting oil or ghee on open wounds.
151,Heat Stroke (Variant 151),General,"Fatigue, Body ache, Vomiting",6,Specialist Doctor,Boiled vegetables,Deep-fried pakoras,Complete Bed Rest,N/A - Prescription Required,Severity is high. Automatic recommendation disabled to ensure safety. Consult a doctor.,0,Jeera water for digestion.,Using battery acid for skin patches.
152,Sunburn (Variant 152),Skin,"Fatigue, Vomiting, Fever",5,General Physician,Curd rice,Excessive caffeine,Light stretching,Paracetamol,Standard OTC Paracetamol for symptomatic relief.,650,Ginger and honey tea for sore throat.,Putting oil or ghee on open wounds.
153,Sunburn (Variant 153),Skin,"Fatigue, Vomiting, Headache",3,General Physician,Moong Dal Khichdi,Excessive caffeine,Anulom Vilom,Paracetamol,Standard OTC Paracetamol for symptomatic relief.,500,Warm turmeric milk (Haldi Doodh) for immunity.,Applying Colgate/toothpaste on burns (causes infection).
154,Bronchitis (Variant 154),Respiratory,"Fever, Nausea, Body ache",5,General Physician,Curd rice,Cold drinks,Complete Bed Rest,Omeprazole,Standard OTC Omeprazole for symptomatic relief.,650,Warm turmeric milk (Haldi Doodh) for immunity.,Using battery acid for skin patches.
155,Sinusitis (Variant 155),Respiratory,"Body ache, Stomach pain, Headache",1,General Physician,Boiled vegetables,Raw salads (if infectious),Complete Bed Rest,Loperamide,Standard OTC Loperamide for symptomatic relief.,500,Jeera water for digestion.,Applying Colgate/toothpaste on burns (causes infection).
156,Food Poisoning (Variant 156),Gastrointestinal,"Body ache, Stomach pain, Cough",8,Specialist Doctor,Curd rice,Deep-fried pakoras,Brisk walking,N/A - Prescription Required,Severity is high. Automatic recommendation disabled to ensure safety. Consult a doctor.,0,Jeera water for digestion.,Applying Colgate/toothpaste on burns (causes infection).
157,Chickenpox (Variant 157),Infectious,"Body ache, Vomiting, Itching",1,General Physician,Curd rice,Cold drinks,Yoga (Pranayama),Loperamide,Standard OTC Loperamide for symptomatic relief.,250,Jeera water for digestion.,Putting oil or ghee on open wounds.
158,Diarrhea (Variant 158),Gastrointestinal,"Body ache, Fever, Fatigue",5,General Physician,Papaya,Spicy street food,Light stretching,Paracetamol,Standard OTC Paracetamol for symptomatic relief.,250,Saltwater gargles for throat infection.,Putting oil or ghee on open wounds.
159,Bronchitis (Variant 159),Respiratory,"Fever, Body ache, Stomach pain",6,Specialist Doctor,Boiled vegetables,Cold drinks,Brisk walking,N/A - Prescription Required,Severity is high. Automatic recommendation disabled to ensure safety. Consult a doctor.,0,Saltwater gargles for throat infection.,Rubbing heavy salt on rashes.
160,Sinusitis (Variant 160),Respiratory,"Headache, Stomach pain, Fatigue",4,General Physician,Papaya,Raw salads (if infectious),Complete Bed Rest,Paracetamol,Standard OTC Paracetamol for symptomatic relief.,500,Jeera water for digestion.,Using battery acid for skin patches.
161,Acidity (Variant 161),Gastrointestinal,"Cough, Vomiting, Fever",5,General Physician,Pomegranate,Deep-fried pakoras,Anulom Vilom,Paracetamol,Standard OTC Paracetamol for symptomatic relief.,500,Jeera water for digestion.,Putting oil or ghee on open wounds.
162,Amoebiasis (Variant 162),Gastrointestinal,"Vomiting, Stomach pain, Nausea",6,Specialist Doctor,Papaya,Cold drinks,Complete Bed Rest,N/A - Prescription Required,Severity is high. Automatic recommendation disabled to ensure safety. Consult a doctor.,0,Coconut water for rehydration.,Rubbing heavy salt on rashes.
163,Sunburn (Variant 163),Skin,"Headache, Vomiting, Nausea",3,General Physician,Moong Dal Khichdi,Spicy street food,Anulom Vilom,Paracetamol,Standard OTC Paracetamol for symptomatic relief.,250,Warm turmeric milk (Haldi Doodh) for immunity.,Putting oil or ghee on open wounds.
164,Influenza (Variant 164),Infectious,"Cough, Nausea, Headache",8,Specialist Doctor,Pomegranate,Raw salads (if infectious),Complete Bed Rest,N/A - Prescription Required,Severity is high. Automatic recommendation disabled to ensure safety. Consult a doctor.,0,Jeera water for digestion.,Putting oil or ghee on open wounds.
165,Dengue (Variant 165),Infectious,"Fever, Headache, Vomiting",2,General Physician,Moong Dal Khichdi,Raw salads (if infectious),Anulom Vilom,Loperamide,Standard OTC Loperamide for symptomatic relief.,250,Saltwater gargles for throat infection.,Using battery acid for skin patches.
166,Typhoid (Variant 166),Infectious,"Vomiting, Fatigue, Cough",9,Specialist Doctor,Papaya,Raw salads (if infectious),Light stretching,N/A - Prescription Required,Severity is high. Automatic recommendation disabled to ensure safety. Consult a doctor.,0,Coconut water for rehydration.,Applying Colgate/toothpaste on burns (causes infection).
167,Food Poisoning (Variant 167),Gastrointestinal,"Nausea, Fatigue, Body ache",3,General Physician,Moong Dal Khichdi,Excessive caffeine,Yoga (Pranayama),Omeprazole,Standard OTC Omeprazole for symptomatic relief.,500,Warm turmeric milk (Haldi Doodh) for immunity.,Putting onions in armpits to reduce fever.
168,Chickenpox (Variant 168),Infectious,"Cough, Itching, Vomiting",8,Specialist Doctor,Pomegranate,Raw salads (if infectious),Light stretching,N/A - Prescription Required,Severity is high. Automatic recommendation disabled to ensure safety. Consult a doctor.,0,Warm turmeric milk (Haldi Doodh) for immunity.,Putting onions in armpits to reduce fever.
169,Amoebiasis (Variant 169),Gastrointestinal,"Vomiting, Cough, Headache",10,Specialist Doctor,Boiled vegetables,Deep-fried pakoras,Anulom Vilom,N/A - Prescription Required,Severity is high. Automatic recommendation disabled to ensure safety. Consult a doctor.,0,Jeera water for digestion.,Using battery acid for skin patches.
170,Dengue (Variant 170),Infectious,"Fatigue, Cough, Vomiting",9,Specialist Doctor,Boiled vegetables,Deep-fried pakoras,Yoga (Pranayama),N/A - Prescription Required,Severity is high. Automatic recommendation disabled to ensure safety. Consult a doctor.,0,Ginger and honey tea for sore throat.,Applying Colgate/toothpaste on burns (causes infection).
171,Diarrhea (Variant 171),Gastrointestinal,"Itching, Headache, Cough",7,Specialist Doctor,Pomegranate,Deep-fried pakoras,Brisk walking,N/A - Prescription Required,Severity is high. Automatic recommendation disabled to ensure safety. Consult a doctor.,0,Saltwater gargles for throat infection.,Applying Colgate/toothpaste on burns (causes infection).
172,Sunburn (Variant 172),Skin,"Nausea, Stomach pain, Fever",9,Specialist Doctor,Papaya,Raw salads (if infectious),Yoga (Pranayama),N/A - Prescription Required,Severity is high. Automatic recommendation disabled to ensure safety. Consult a doctor.,0,Coconut water for rehydration.,Using battery acid for skin patches.
173,Gastritis (Variant 173),Gastrointestinal,"Itching, Headache, Stomach pain",4,General Physician,Papaya,Excessive caffeine,Light stretching,Cetirizine,Standard OTC Cetirizine for symptomatic relief.,650,Jeera water for digestion.,Using battery acid for skin patches.
174,Eczema (Variant 174),Skin,"Body ache, Nausea, Fatigue",5,General Physician,Papaya,Spicy street food,Brisk walking,Ibuprofen,Standard OTC Ibuprofen for symptomatic relief.,500,Ginger and honey tea for sore throat.,Putting onions in armpits to reduce fever.
175,Typhoid (Variant 175),Infectious,"Headache, Fatigue, Itching",6,Specialist Doctor,Moong Dal Khichdi,Spicy street food,Yoga (Pranayama),N/A - Prescription Required,Severity is high. Automatic recommendation disabled to ensure safety. Consult a doctor.,0,Ginger and honey tea for sore throat.,Rubbing heavy salt on rashes.
176,Gastritis (Variant 176),Gastrointestinal,"Vomiting, Headache, Nausea",10,Specialist Doctor,Moong Dal Khichdi,Deep-fried pakoras,Anulom Vilom,N/A - Prescription Required,Severity is high. Automatic recommendation disabled to ensure safety. Consult a doctor.,0,Jeera water for digestion.,Rubbing heavy salt on rashes.
177,Heat Stroke (Variant 177),General,"Nausea, Headache, Cough",6,Specialist Doctor,Papaya,Cold drinks,Anulom Vilom,N/A - Prescription Required,Severity is high. Automatic recommendation disabled to ensure safety. Consult a doctor.,0,Warm turmeric milk (Haldi Doodh) for immunity.,Putting oil or ghee on open wounds.
178,Asthma (Variant 178),Respiratory,"Cough, Fever, Headache",2,General Physician,Moong Dal Khichdi,Deep-fried pakoras,Complete Bed Rest,Loperamide,Standard OTC Loperamide for symptomatic relief.,500,Coconut water for rehydration.,Applying Colgate/toothpaste on burns (causes infection).
179,Sunburn (Variant 179),Skin,"Nausea, Itching, Cough",9,Specialist Doctor,Pomegranate,Deep-fried pakoras,Light stretching,N/A - Prescription Required,Severity is high. Automatic recommendation disabled to ensure safety. Consult a doctor.,0,Ginger and honey tea for sore throat.,Applying Colgate/toothpaste on burns (causes infection).
180,Sinusitis (Variant 180),Respiratory,"Itching, Fever, Body ache",5,General Physician,Curd rice,Deep-fried pakoras,Anulom Vilom,ORS,Standard OTC ORS for symptomatic relief.,650,Jeera water for digestion.,Using battery acid for skin patches.
181,Vitamin D Deficiency (Variant 181),General,"Fatigue, Stomach pain, Cough",9,Specialist Doctor,Moong Dal Khichdi,Spicy street food,Light stretching,N/A - Prescription Required,Severity is high. Automatic recommendation disabled to ensure safety. Consult a doctor.,0,Jeera water for digestion.,Using battery acid for skin patches.
182,Eczema (Variant 182),Skin,"Fever, Body ache, Fatigue",5,General Physician,Papaya,Cold drinks,Complete Bed Rest,ORS,Standard OTC ORS for symptomatic relief.,250,Warm turmeric milk (Haldi Doodh) for immunity.,Rubbing heavy salt on rashes.
183,Dengue (Variant 183),Infectious,"Fever, Fatigue, Nausea",8,Specialist Doctor,Boiled vegetables,Cold drinks,Anulom Vilom,N/A - Prescription Required,Severity is high. Automatic recommendation disabled to ensure safety. Consult a doctor.,0,Saltwater gargles for throat infection.,Using battery acid for skin patches.
184,Anemia (Variant 184),General,"Headache, Body ache, Stomach pain",4,General Physician,Papaya,Deep-fried pakoras,Brisk walking,Ibuprofen,Standard OTC Ibuprofen for symptomatic relief.,650,Coconut water for rehydration.,Putting onions in armpits to reduce fever.
185,Acidity (Variant 185),Gastrointestinal,"Fever, Cough, Itching",3,General Physician,Curd rice,Spicy street food,Yoga (Pranayama),Paracetamol,Standard OTC Paracetamol for symptomatic relief.,250,Ginger and honey tea for sore throat.,Using battery acid for skin patches.
186,Vitamin D Deficiency (Variant 186),General,"Nausea, Stomach pain, Itching",1,General Physician,Papaya,Cold drinks,Complete Bed Rest,Paracetamol,Standard OTC Paracetamol for symptomatic relief.,650,Saltwater gargles for throat infection.,Putting onions in armpits to reduce fever.
187,Acidity (Variant 187),Gastrointestinal,"Stomach pain, Itching, Nausea",6,Specialist Doctor,Papaya,Deep-fried pakoras,Anulom Vilom,N/A - Prescription Required,Severity is high. Automatic recommendation disabled to ensure safety. Consult a doctor.,0,Saltwater gargles for throat infection.,Rubbing heavy salt on rashes.
188,Food Poisoning (Variant 188),Gastrointestinal,"Itching, Nausea, Stomach pain",10,Specialist Doctor,Moong Dal Khichdi,Excessive caffeine,Brisk walking,N/A - Prescription Required,Severity is high. Automatic recommendation disabled to ensure safety. Consult a doctor.,0,Coconut water for rehydration.,Rubbing heavy salt on rashes.
189,Amoebiasis (Variant 189),Gastrointestinal,"Fatigue, Fever, Vomiting",1,General Physician,Boiled vegetables,Cold drinks,Brisk walking,Cetirizine,Standard OTC Cetirizine for symptomatic relief.,650,Coconut water for rehydration.,Rubbing heavy salt on rashes.
190,Food Poisoning (Variant 190),Gastrointestinal,"Stomach pain, Headache, Body ache",10,Specialist Doctor,Papaya,Raw salads (if infectious),Light stretching,N/A - Prescription Required,Severity is high. Automatic recommendation disabled to ensure safety. Consult a doctor.,0,Coconut water for rehydration.,Putting onions in armpits to reduce fever.
191,Eczema (Variant 191),Skin,"Itching, Vomiting, Fatigue",4,General Physician,Curd rice,Cold drinks,Yoga (Pranayama),Omeprazole,Standard OTC Omeprazole for symptomatic relief.,250,Ginger and honey tea for sore throat.,Rubbing heavy salt on rashes.
192,Asthma (Variant 192),Respiratory,"Itching, Headache, Vomiting",1,General Physician,Boiled vegetables,Raw salads (if infectious),Light stretching,Cetirizine,Standard OTC Cetirizine for symptomatic relief.,650,Jeera water for digestion.,Using battery acid for skin patches.
193,Typhoid (Variant 193),Infectious,"Itching, Cough, Fatigue",4,General Physician,Pomegranate,Excessive caffeine,Yoga (Pranayama),Ibuprofen,Standard OTC Ibuprofen for symptomatic relief.,500,Coconut water for rehydration.,Using battery acid for skin patches.
194,Vitamin D Deficiency (Variant 194),General,"Nausea, Body ache, Vomiting",9,Specialist Doctor,Moong Dal Khichdi,Cold drinks,Complete Bed Rest,N/A - Prescription Required,Severity is high. Automatic recommendation disabled to ensure safety. Consult a doctor.,0,Jeera water for digestion.,Rubbing heavy salt on rashes.
195,Influenza (Variant 195),Infectious,"Fever, Cough, Vomiting",8,Specialist Doctor,Pomegranate,Raw salads (if infectious),Complete Bed Rest,N/A - Prescription Required,Severity is high. Automatic recommendation disabled to ensure safety. Consult a doctor.,0,Ginger and honey tea for sore throat.,Putting onions in armpits to reduce fever.
196,Heat Stroke (Variant 196),General,"Headache, Stomach pain, Cough",8,Specialist Doctor,Papaya,Raw salads (if infectious),Complete Bed Rest,N/A - Prescription Required,Severity is high. Automatic recommendation disabled to ensure safety. Consult a doctor.,0,Saltwater gargles for throat infection.,Putting onions in armpits to reduce fever.
197,Heat Rash (Variant 197),Skin,"Body ache, Fatigue, Cough",4,General Physician,Moong Dal Khichdi,Deep-fried pakoras,Complete Bed Rest,Loperamide,Standard OTC Loperamide for symptomatic relief.,650,Jeera water for digestion.,Using battery acid for skin patches.
198,Anemia (Variant 198),General,"Stomach pain, Cough, Vomiting",4,General Physician,Moong Dal Khichdi,Deep-fried pakoras,Anulom Vilom,Ibuprofen,Standard OTC Ibuprofen for symptomatic relief.,500,Jeera water for digestion.,Rubbing heavy salt on rashes.
199,Acne (Variant 199),Skin,"Fever, Cough, Headache",1,General Physician,Moong Dal Khichdi,Cold drinks,Yoga (Pranayama),Loperamide,Standard OTC Loperamide for symptomatic relief.,250,Jeera water for digestion.,Putting onions in armpits to reduce fever.
200,Allergic Rhinitis (Variant 200),Respiratory,"Fever, Nausea, Cough",3,General Physician,Papaya,Spicy street food,Light stretching,Loperamide,Standard OTC Loperamide for symptomatic relief.,650,Warm turmeric milk (Haldi Doodh) for immunity.,Putting oil or ghee on open wounds.
201,Acne (Variant 201),Skin,"Headache, Cough, Itching",6,Specialist Doctor,Pomegranate,Deep-fried pakoras,Anulom Vilom,N/A - Prescription Required,Severity is high. Automatic recommendation disabled to ensure safety. Consult a doctor.,0,Jeera water for digestion.,Putting oil or ghee on open wounds.
202,Common Cold (Variant 202),Infectious,"Cough, Nausea, Body ache",7,Specialist Doctor,Boiled vegetables,Raw salads (if infectious),Light stretching,N/A - Prescription Required,Severity is high. Automatic recommendation disabled to ensure safety. Consult a doctor.,0,Coconut water for rehydration.,Rubbing heavy salt on rashes.
203,Influenza (Variant 203),Infectious,"Body ache, Headache, Stomach pain",5,General Physician,Curd rice,Raw salads (if infectious),Yoga (Pranayama),Omeprazole,Standard OTC Omeprazole for symptomatic relief.,500,Warm turmeric milk (Haldi Doodh) for immunity.,Rubbing heavy salt on rashes.
204,Typhoid (Variant 204),Infectious,"Stomach pain, Headache, Cough",6,Specialist Doctor,Moong Dal Khichdi,Cold drinks,Complete Bed Rest,N/A - Prescription Required,Severity is high. Automatic recommendation disabled to ensure safety. Consult a doctor.,0,Saltwater gargles for throat infection.,Putting oil or ghee on open wounds.
205,Acidity (Variant 205),Gastrointestinal,"Nausea, Fatigue, Vomiting",4,General Physician,Papaya,Raw salads (if infectious),Complete Bed Rest,Cetirizine,Standard OTC Cetirizine for symptomatic relief.,500,Jeera water for digestion.,Putting onions in armpits to reduce fever.
206,Dehydration (Variant 206),General,"Stomach pain, Headache, Itching",9,Specialist Doctor,Pomegranate,Spicy street food,Anulom Vilom,N/A - Prescription Required,Severity is high. Automatic recommendation disabled to ensure safety. Consult a doctor.,0,Ginger and honey tea for sore throat.,Rubbing heavy salt on rashes.
207,Dengue (Variant 207),Infectious,"Nausea, Fatigue, Body ache",10,Specialist Doctor,Boiled vegetables,Cold drinks,Anulom Vilom,N/A - Prescription Required,Severity is high. Automatic recommendation disabled to ensure safety. Consult a doctor.,0,Jeera water for digestion.,Rubbing heavy salt on rashes.
208,Acidity (Variant 208),Gastrointestinal,"Nausea, Itching, Fever",4,General Physician,Papaya,Spicy street food,Anulom Vilom,Loperamide,Standard OTC Loperamide for symptomatic relief.,500,Ginger and honey tea for sore throat.,Using battery acid for skin patches.
209,Anemia (Variant 209),General,"Itching, Stomach pain, Body ache",10,Specialist Doctor,Pomegranate,Cold drinks,Brisk walking,N/A - Prescription Required,Severity is high. Automatic recommendation disabled to ensure safety. Consult a doctor.,0,Saltwater gargles for throat infection.,Putting oil or ghee on open wounds.
210,Anemia (Variant 210),General,"Cough, Fatigue, Itching",2,General Physician,Pomegranate,Raw salads (if infectious),Anulom Vilom,Loperamide,Standard OTC Loperamide for symptomatic relief.,250,Warm turmeric milk (Haldi Doodh) for immunity.,Rubbing heavy salt on rashes.
211,Heat Stroke (Variant 211),General,"Vomiting, Nausea, Fever",9,Specialist Doctor,Boiled vegetables,Deep-fried pakoras,Anulom Vilom,N/A - Prescription Required,Severity is high. Automatic recommendation disabled to ensure safety. Consult a doctor.,0,Warm turmeric milk (Haldi Doodh) for immunity.,Putting onions in armpits to reduce fever.
212,Dehydration (Variant 212),General,"Fatigue, Cough, Stomach pain",10,Specialist Doctor,Papaya,Raw salads (if infectious),Brisk walking,N/A - Prescription Required,Severity is high. Automatic recommendation disabled to ensure safety. Consult a doctor.,0,Saltwater gargles for throat infection.,Putting onions in armpits to reduce fever.
213,Gastritis (Variant 213),Gastrointestinal,"Fatigue, Fever, Nausea",1,General Physician,Boiled vegetables,Deep-fried pakoras,Anulom Vilom,ORS,Standard OTC ORS for symptomatic relief.,250,Warm turmeric milk (Haldi Doodh) for immunity.,Using battery acid for skin patches.
214,Anemia (Variant 214),General,"Headache, Nausea, Fever",8,Specialist Doctor,Moong Dal Khichdi,Raw salads (if infectious),Complete Bed Rest,N/A - Prescription Required,Severity is high. Automatic recommendation disabled to ensure safety. Consult a doctor.,0,Coconut water for rehydration.,Putting onions in armpits to reduce fever.
215,Fungal Infection (Variant 215),Skin,"Itching, Nausea, Headache",1,General Physician,Curd rice,Raw salads (if infectious),Brisk walking,Ibuprofen,Standard OTC Ibuprofen for symptomatic relief.,500,Saltwater gargles for throat infection.,Applying Colgate/toothpaste on burns (causes infection).
216,Sunburn (Variant 216),Skin,"Cough, Nausea, Fever",10,Specialist Doctor,Moong Dal Khichdi,Raw salads (if infectious),Light stretching,N/A - Prescription Required,Severity is high. Automatic recommendation disabled to ensure safety. Consult a doctor.,0,Saltwater gargles for throat infection.,Putting oil or ghee on open wounds.
217,Vitamin D Deficiency (Variant 217),General,"Stomach pain, Fatigue, Headache",5,General Physician,Papaya,Spicy street food,Brisk walking,Ibuprofen,Standard OTC Ibuprofen for symptomatic relief.,250,Saltwater gargles for throat infection.,Putting oil or ghee on open wounds.
218,Dehydration (Variant 218),General,"Cough, Body ache, Headache",2,General Physician,Moong Dal Khichdi,Raw salads (if infectious),Brisk walking,Ibuprofen,Standard OTC Ibuprofen for symptomatic relief.,650,Warm turmeric milk (Haldi Doodh) for immunity.,Rubbing heavy salt on rashes.
219,Dehydration (Variant 219),General,"Headache, Itching, Cough",8,Specialist Doctor,Moong Dal Khichdi,Raw salads (if infectious),Brisk walking,N/A - Prescription Required,Severity is high. Automatic recommendation disabled to ensure safety. Consult a doctor.,0,Warm turmeric milk (Haldi Doodh) for immunity.,Putting oil or ghee on open wounds.
220,Gastritis (Variant 220),Gastrointestinal,"Fatigue, Body ache, Itching",4,General Physician,Papaya,Deep-fried pakoras,Light stretching,Loperamide,Standard OTC Loperamide for symptomatic relief.,650,Saltwater gargles for throat infection.,Putting onions in armpits to reduce fever.
221,Chickenpox (Variant 221),Infectious,"Fever, Fatigue, Nausea",5,General Physician,Pomegranate,Raw salads (if infectious),Brisk walking,Paracetamol,Standard OTC Paracetamol for symptomatic relief.,650,Saltwater gargles for throat infection.,Rubbing heavy salt on rashes.
222,Bronchitis (Variant 222),Respiratory,"Vomiting, Headache, Itching",7,Specialist Doctor,Pomegranate,Excessive caffeine,Brisk walking,N/A - Prescription Required,Severity is high. Automatic recommendation disabled to ensure safety. Consult a doctor.,0,Coconut water for rehydration.,Rubbing heavy salt on rashes.
223,Fungal Infection (Variant 223),Skin,"Headache, Nausea, Vomiting",7,Specialist Doctor,Pomegranate,Raw salads (if infectious),Light stretching,N/A - Prescription Required,Severity is high. Automatic recommendation disabled to ensure safety. Consult a doctor.,0,Coconut water for rehydration.,Rubbing heavy salt on rashes.
224,Acne (Variant 224),Skin,"Body ache, Stomach pain, Itching",2,General Physician,Boiled vegetables,Cold drinks,Complete Bed Rest,Cetirizine,Standard OTC Cetirizine for symptomatic relief.,250,Warm turmeric milk (Haldi Doodh) for immunity.,Using battery acid for skin patches.
225,Anemia (Variant 225),General,"Nausea, Vomiting, Fever",1,General Physician,Pomegranate,Excessive caffeine,Light stretching,Ibuprofen,Standard OTC Ibuprofen for symptomatic relief.,250,Jeera water for digestion.,Putting oil or ghee on open wounds.
226,Acidity (Variant 226),Gastrointestinal,"Fever, Stomach pain, Nausea",9,Specialist Doctor,Boiled vegetables,Raw salads (if infectious),Anulom Vilom,N/A - Prescription Required,Severity is high. Automatic recommendation disabled to ensure safety. Consult a doctor.,0,Jeera water for digestion.,Putting oil or ghee on open wounds.
227,Eczema (Variant 227),Skin,"Itching, Cough, Body ache",7,Specialist Doctor,Pomegranate,Cold drinks,Yoga (Pranayama),N/A - Prescription Required,Severity is high. Automatic recommendation disabled to ensure safety. Consult a doctor.,0,Warm turmeric milk (Haldi Doodh) for immunity.,Putting onions in armpits to reduce fever.
228,Heat Rash (Variant 228),Skin,"Nausea, Fatigue, Cough",6,Specialist Doctor,Boiled vegetables,Excessive caffeine,Complete Bed Rest,N/A - Prescription Required,Severity is high. Automatic recommendation disabled to ensure safety. Consult a doctor.,0,Warm turmeric milk (Haldi Doodh) for immunity.,Applying Colgate/toothpaste on burns (causes infection).
229,Malaria (Variant 229),Infectious,"Stomach pain, Headache, Fatigue",1,General Physician,Boiled vegetables,Raw salads (if infectious),Light stretching,Cetirizine,Standard OTC Cetirizine for symptomatic relief.,250,Coconut water for rehydration.,Putting oil or ghee on open wounds.
230,Dengue (Variant 230),Infectious,"Cough, Headache, Body ache",10,Specialist Doctor,Boiled vegetables,Cold drinks,Brisk walking,N/A - Prescription Required,Severity is high. Automatic recommendation disabled to ensure safety. Consult a doctor.,0,Saltwater gargles for throat infection.,Using battery acid for skin patches.
231,Bronchitis (Variant 231),Respiratory,"Itching, Cough, Fever",7,Specialist Doctor,Papaya,Deep-fried pakoras,Yoga (Pranayama),N/A - Prescription Required,Severity is high. Automatic recommendation disabled to ensure safety. Consult a doctor.,0,Saltwater gargles for throat infection.,Putting oil or ghee on open wounds.
232,Sinusitis (Variant 232),Respiratory,"Itching, Body ache, Headache",3,General Physician,Pomegranate,Deep-fried pakoras,Anulom Vilom,Cetirizine,Standard OTC Cetirizine for symptomatic relief.,250,Ginger and honey tea for sore throat.,Putting oil or ghee on open wounds.
233,Bronchitis (Variant 233),Respiratory,"Body ache, Nausea, Fatigue",5,General Physician,Pomegranate,Spicy street food,Brisk walking,Paracetamol,Standard OTC Paracetamol for symptomatic relief.,250,Jeera water for digestion.,Using battery acid for skin patches.
234,Vitamin D Deficiency (Variant 234),General,"Fever, Nausea, Fatigue",6,Specialist Doctor,Moong Dal Khichdi,Spicy street food,Complete Bed Rest,N/A - Prescription Required,Severity is high. Automatic recommendation disabled to ensure safety. Consult a doctor.,0,Jeera water for digestion.,Putting onions in armpits to reduce fever.
235,Allergic Rhinitis (Variant 235),Respiratory,"Fatigue, Itching, Body ache",2,General Physician,Moong Dal Khichdi,Deep-fried pakoras,Light stretching,Cetirizine,Standard OTC Cetirizine for symptomatic relief.,250,Warm turmeric milk (Haldi Doodh) for immunity.,Putting oil or ghee on open wounds.
236,Bronchitis (Variant 236),Respiratory,"Headache, Nausea, Itching",1,General Physician,Moong Dal Khichdi,Deep-fried pakoras,Complete Bed Rest,ORS,Standard OTC ORS for symptomatic relief.,650,Warm turmeric milk (Haldi Doodh) for immunity.,Putting oil or ghee on open wounds.
237,Fungal Infection (Variant 237),Skin,"Body ache, Itching, Nausea",10,Specialist Doctor,Curd rice,Cold drinks,Anulom Vilom,N/A - Prescription Required,Severity is high. Automatic recommendation disabled to ensure safety. Consult a doctor.,0,Jeera water for digestion.,Putting onions in armpits to reduce fever.
238,Sinusitis (Variant 238),Respiratory,"Fever, Stomach pain, Itching",2,General Physician,Boiled vegetables,Cold drinks,Anulom Vilom,Paracetamol,Standard OTC Paracetamol for symptomatic relief.,500,Saltwater gargles for throat infection.,Putting oil or ghee on open wounds.
239,Sinusitis (Variant 239),Respiratory,"Vomiting, Cough, Stomach pain",10,Specialist Doctor,Moong Dal Khichdi,Spicy street food,Light stretching,N/A - Prescription Required,Severity is high. Automatic recommendation disabled to ensure safety. Consult a doctor.,0,Coconut water for rehydration.,Putting oil or ghee on open wounds.
240,Eczema (Variant 240),Skin,"Vomiting, Fatigue, Body ache",3,General Physician,Pomegranate,Excessive caffeine,Anulom Vilom,Ibuprofen,Standard OTC Ibuprofen for symptomatic relief.,250,Coconut water for rehydration.,Using battery acid for skin patches.
241,Dehydration (Variant 241),General,"Headache, Vomiting, Cough",8,Specialist Doctor,Curd rice,Spicy street food,Light stretching,N/A - Prescription Required,Severity is high. Automatic recommendation disabled to ensure safety. Consult a doctor.,0,Jeera water for digestion.,Applying Colgate/toothpaste on burns (causes infection).
242,Anemia (Variant 242),General,"Fever, Vomiting, Fatigue",5,General Physician,Boiled vegetables,Deep-fried pakoras,Brisk walking,ORS,Standard OTC ORS for symptomatic relief.,650,Saltwater gargles for throat infection.,Putting onions in armpits to reduce fever.
243,Sunburn (Variant 243),Skin,"Headache, Fever, Vomiting",3,General Physician,Moong Dal Khichdi,Cold drinks,Light stretching,Ibuprofen,Standard OTC Ibuprofen for symptomatic relief.,250,Warm turmeric milk (Haldi Doodh) for immunity.,Putting onions in armpits to reduce fever.
244,Dengue (Variant 244),Infectious,"Nausea, Stomach pain, Fever",7,Specialist Doctor,Pomegranate,Excessive caffeine,Light stretching,N/A - Prescription Required,Severity is high. Automatic recommendation disabled to ensure safety. Consult a doctor.,0,Jeera water for digestion.,Putting onions in armpits to reduce fever.
245,Influenza (Variant 245),Infectious,"Itching, Cough, Fever",2,General Physician,Boiled vegetables,Deep-fried pakoras,Light stretching,Ibuprofen,Standard OTC Ibuprofen for symptomatic relief.,500,Coconut water for rehydration.,Putting oil or ghee on open wounds.
246,Heat Stroke (Variant 246),General,"Body ache, Itching, Fatigue",5,General Physician,Curd rice,Spicy street food,Anulom Vilom,Omeprazole,Standard OTC Omeprazole for symptomatic relief.,250,Jeera water for digestion.,Rubbing heavy salt on rashes.
247,Malaria (Variant 247),Infectious,"Fatigue, Fever, Body ache",10,Specialist Doctor,Pomegranate,Excessive caffeine,Light stretching,N/A - Prescription Required,Severity is high. Automatic recommendation disabled to ensure safety. Consult a doctor.,0,Saltwater gargles for throat infection.,Using battery acid for skin patches.
248,Typhoid (Variant 248),Infectious,"Itching, Body ache, Cough",7,Specialist Doctor,Boiled vegetables,Raw salads (if infectious),Complete Bed Rest,N/A - Prescription Required,Severity is high. Automatic recommendation disabled to ensure safety. Consult a doctor.,0,Jeera water for digestion.,Using battery acid for skin patches.
249,Gastritis (Variant 249),Gastrointestinal,"Stomach pain, Cough, Body ache",6,Specialist Doctor,Curd rice,Cold drinks,Brisk walking,N/A - Prescription Required,Severity is high. Automatic recommendation disabled to ensure safety. Consult a doctor.,0,Saltwater gargles for throat infection.,Putting oil or ghee on open wounds.
250,Diarrhea (Variant 250),Gastrointestinal,"Stomach pain, Fever, Fatigue",10,Specialist Doctor,Papaya,Spicy street food,Light stretching,N/A - Prescription Required,Severity is high. Automatic recommendation disabled to ensure safety. Consult a doctor.,0,Warm turmeric milk (Haldi Doodh) for immunity.,Putting onions in armpits to reduce fever.
251,Common Cold (Variant 251),Infectious,"Vomiting, Cough, Fever",5,General Physician,Pomegranate,Raw salads (if infectious),Anulom Vilom,Paracetamol,Standard OTC Paracetamol for symptomatic relief.,500,Warm turmeric milk (Haldi Doodh) for immunity.,Putting onions in armpits to reduce fever.
252,Asthma (Variant 252),Respiratory,"Fatigue, Itching, Body ache",4,General Physician,Boiled vegetables,Raw salads (if infectious),Anulom Vilom,Paracetamol,Standard OTC Paracetamol for symptomatic relief.,500,Warm turmeric milk (Haldi Doodh) for immunity.,Rubbing heavy salt on rashes.
253,Common Cold (Variant 253),Infectious,"Stomach pain, Cough, Nausea",1,General Physician,Moong Dal Khichdi,Excessive caffeine,Yoga (Pranayama),Ibuprofen,Standard OTC Ibuprofen for symptomatic relief.,250,Warm turmeric milk (Haldi Doodh) for immunity.,Putting onions in armpits to reduce fever.
254,Amoebiasis (Variant 254),Gastrointestinal,"Body ache, Itching, Cough",8,Specialist Doctor,Pomegranate,Spicy street food,Anulom Vilom,N/A - Prescription Required,Severity is high. Automatic recommendation disabled to ensure safety. Consult a doctor.,0,Jeera water for digestion.,Using battery acid for skin patches.
255,Food Poisoning (Variant 255),Gastrointestinal,"Body ache, Fever, Cough",3,General Physician,Pomegranate,Raw salads (if infectious),Anulom Vilom,Ibuprofen,Standard OTC Ibuprofen for symptomatic relief.,250,Jeera water for digestion.,Using battery acid for skin patches.
256,Bronchitis (Variant 256),Respiratory,"Itching, Fever, Nausea",3,General Physician,Moong Dal Khichdi,Excessive caffeine,Light stretching,Loperamide,Standard OTC Loperamide for symptomatic relief.,250,Coconut water for rehydration.,Using battery acid for skin patches.
257,Influenza (Variant 257),Infectious,"Nausea, Cough, Headache",9,Specialist Doctor,Curd rice,Cold drinks,Yoga (Pranayama),N/A - Prescription Required,Severity is high. Automatic recommendation disabled to ensure safety. Consult a doctor.,0,Jeera water for digestion.,Using battery acid for skin patches.
258,Common Cold (Variant 258),Infectious,"Nausea, Vomiting, Body ache",7,Specialist Doctor,Moong Dal Khichdi,Raw salads (if infectious),Brisk walking,N/A - Prescription Required,Severity is high. Automatic recommendation disabled to ensure safety. Consult a doctor.,0,Saltwater gargles for throat infection.,Rubbing heavy salt on rashes.
259,Dehydration (Variant 259),General,"Fever, Body ache, Cough",3,General Physician,Curd rice,Excessive caffeine,Complete Bed Rest,Paracetamol,Standard OTC Paracetamol for symptomatic relief.,650,Coconut water for rehydration.,Putting oil or ghee on open wounds.
260,Heat Stroke (Variant 260),General,"Itching, Body ache, Stomach pain",7,Specialist Doctor,Papaya,Excessive caffeine,Anulom Vilom,N/A - Prescription Required,Severity is high. Automatic recommendation disabled to ensure safety. Consult a doctor.,0,Saltwater gargles for throat infection.,Applying Colgate/toothpaste on burns (causes infection).
261,Malaria (Variant 261),Infectious,"Itching, Nausea, Fatigue",10,Specialist Doctor,Papaya,Excessive caffeine,Complete Bed Rest,N/A - Prescription Required,Severity is high. Automatic recommendation disabled to ensure safety. Consult a doctor.,0,Coconut water for rehydration.,Rubbing heavy salt on rashes.
262,Dehydration (Variant 262),General,"Headache, Fever, Vomiting",4,General Physician,Pomegranate,Spicy street food,Brisk walking,Ibuprofen,Standard OTC Ibuprofen for symptomatic relief.,500,Warm turmeric milk (Haldi Doodh) for immunity.,Putting onions in armpits to reduce fever.
263,Bronchitis (Variant 263),Respiratory,"Itching, Vomiting, Headache",4,General Physician,Papaya,Spicy street food,Brisk walking,Ibuprofen,Standard OTC Ibuprofen for symptomatic relief.,250,Saltwater gargles for throat infection.,Rubbing heavy salt on rashes.
264,Influenza (Variant 264),Infectious,"Fatigue, Cough, Headache",1,General Physician,Pomegranate,Raw salads (if infectious),Yoga (Pranayama),ORS,Standard OTC ORS for symptomatic relief.,500,Jeera water for digestion.,Putting oil or ghee on open wounds.
265,Asthma (Variant 265),Respiratory,"Itching, Nausea, Body ache",1,General Physician,Papaya,Deep-fried pakoras,Complete Bed Rest,Cetirizine,Standard OTC Cetirizine for symptomatic relief.,500,Ginger and honey tea for sore throat.,Putting onions in armpits to reduce fever.
266,Bronchitis (Variant 266),Respiratory,"Nausea, Fatigue, Cough",2,General Physician,Pomegranate,Cold drinks,Yoga (Pranayama),ORS,Standard OTC ORS for symptomatic relief.,500,Saltwater gargles for throat infection.,Putting oil or ghee on open wounds.
267,Acidity (Variant 267),Gastrointestinal,"Stomach pain, Body ache, Vomiting",5,General Physician,Boiled vegetables,Raw salads (if infectious),Yoga (Pranayama),ORS,Standard OTC ORS for symptomatic relief.,250,Saltwater gargles for throat infection.,Rubbing heavy salt on rashes.
268,Gastritis (Variant 268),Gastrointestinal,"Fatigue, Fever, Headache",5,General Physician,Boiled vegetables,Excessive caffeine,Light stretching,ORS,Standard OTC ORS for symptomatic relief.,500,Ginger and honey tea for sore throat.,Putting oil or ghee on open wounds.
269,Fungal Infection (Variant 269),Skin,"Cough, Fever, Nausea",4,General Physician,Moong Dal Khichdi,Cold drinks,Complete Bed Rest,Cetirizine,Standard OTC Cetirizine for symptomatic relief.,650,Ginger and honey tea for sore throat.,Putting onions in armpits to reduce fever.
270,Anemia (Variant 270),General,"Body ache, Fever, Itching",7,Specialist Doctor,Pomegranate,Raw salads (if infectious),Yoga (Pranayama),N/A - Prescription Required,Severity is high. Automatic recommendation disabled to ensure safety. Consult a doctor.,0,Coconut water for rehydration.,Rubbing heavy salt on rashes.
271,Typhoid (Variant 271),Infectious,"Stomach pain, Cough, Headache",5,General Physician,Moong Dal Khichdi,Spicy street food,Complete Bed Rest,Cetirizine,Standard OTC Cetirizine for symptomatic relief.,500,Ginger and honey tea for sore throat.,Putting oil or ghee on open wounds.
272,Anemia (Variant 272),General,"Vomiting, Cough, Stomach pain",6,Specialist Doctor,Pomegranate,Cold drinks,Complete Bed Rest,N/A - Prescription Required,Severity is high. Automatic recommendation disabled to ensure safety. Consult a doctor.,0,Ginger and honey tea for sore throat.,Using battery acid for skin patches.
273,Influenza (Variant 273),Infectious,"Fatigue, Body ache, Stomach pain",4,General Physician,Boiled vegetables,Cold drinks,Complete Bed Rest,Omeprazole,Standard OTC Omeprazole for symptomatic relief.,500,Warm turmeric milk (Haldi Doodh) for immunity.,Using battery acid for skin patches.
274,Allergic Rhinitis (Variant 274),Respiratory,"Body ache, Itching, Fever",1,General Physician,Papaya,Raw salads (if infectious),Complete Bed Rest,Paracetamol,Standard OTC Paracetamol for symptomatic relief.,500,Ginger and honey tea for sore throat.,Rubbing heavy salt on rashes.
275,Sinusitis (Variant 275),Respiratory,"Stomach pain, Itching, Cough",6,Specialist Doctor,Papaya,Deep-fried pakoras,Complete Bed Rest,N/A - Prescription Required,Severity is high. Automatic recommendation disabled to ensure safety. Consult a doctor.,0,Ginger and honey tea for sore throat.,Putting oil or ghee on open wounds.
276,Sinusitis (Variant 276),Respiratory,"Headache, Vomiting, Fatigue",6,Specialist Doctor,Curd rice,Deep-fried pakoras,Anulom Vilom,N/A - Prescription Required,Severity is high. Automatic recommendation disabled to ensure safety. Consult a doctor.,0,Coconut water for rehydration.,Applying Colgate/toothpaste on burns (causes infection).
277,Gastritis (Variant 277),Gastrointestinal,"Cough, Fever, Itching",7,Specialist Doctor,Moong Dal Khichdi,Spicy street food,Anulom Vilom,N/A - Prescription Required,Severity is high. Automatic recommendation disabled to ensure safety. Consult a doctor.,0,Jeera water for digestion.,Putting onions in armpits to reduce fever.
278,Gastritis (Variant 278),Gastrointestinal,"Cough, Itching, Vomiting",2,General Physician,Curd rice,Spicy street food,Complete Bed Rest,Omeprazole,Standard OTC Omeprazole for symptomatic relief.,650,Jeera water for digestion.,Applying Colgate/toothpaste on burns (causes infection).
279,Acidity (Variant 279),Gastrointestinal,"Fatigue, Headache, Itching",2,General Physician,Pomegranate,Cold drinks,Yoga (Pranayama),Loperamide,Standard OTC Loperamide for symptomatic relief.,500,Coconut water for rehydration.,Applying Colgate/toothpaste on burns (causes infection).
280,Food Poisoning (Variant 280),Gastrointestinal,"Headache, Fatigue, Fever",5,General Physician,Moong Dal Khichdi,Deep-fried pakoras,Complete Bed Rest,Cetirizine,Standard OTC Cetirizine for symptomatic relief.,250,Ginger and honey tea for sore throat.,Using battery acid for skin patches.
281,Asthma (Variant 281),Respiratory,"Cough, Itching, Vomiting",4,General Physician,Moong Dal Khichdi,Raw salads (if infectious),Anulom Vilom,Paracetamol,Standard OTC Paracetamol for symptomatic relief.,650,Coconut water for rehydration.,Rubbing heavy salt on rashes.
282,Malaria (Variant 282),Infectious,"Body ache, Itching, Headache",7,Specialist Doctor,Moong Dal Khichdi,Deep-fried pakoras,Complete Bed Rest,N/A - Prescription Required,Severity is high. Automatic recommendation disabled to ensure safety. Consult a doctor.,0,Ginger and honey tea for sore throat.,Putting oil or ghee on open wounds.
283,Vitamin D Deficiency (Variant 283),General,"Fever, Vomiting, Nausea",3,General Physician,Pomegranate,Spicy street food,Complete Bed Rest,Loperamide,Standard OTC Loperamide for symptomatic relief.,650,Ginger and honey tea for sore throat.,Using battery acid for skin patches.
284,Sunburn (Variant 284),Skin,"Cough, Vomiting, Fatigue",2,General Physician,Moong Dal Khichdi,Deep-fried pakoras,Complete Bed Rest,Loperamide,Standard OTC Loperamide for symptomatic relief.,500,Saltwater gargles for throat infection.,Putting onions in armpits to reduce fever.
285,Fungal Infection (Variant 285),Skin,"Fever, Itching, Headache",7,Specialist Doctor,Boiled vegetables,Spicy street food,Brisk walking,N/A - Prescription Required,Severity is high. Automatic recommendation disabled to ensure safety. Consult a doctor.,0,Saltwater gargles for throat infection.,Putting onions in armpits to reduce fever.
286,Diarrhea (Variant 286),Gastrointestinal,"Stomach pain, Cough, Fatigue",6,Specialist Doctor,Moong Dal Khichdi,Raw salads (if infectious),Light stretching,N/A - Prescription Required,Severity is high. Automatic recommendation disabled to ensure safety. Consult a doctor.,0,Warm turmeric milk (Haldi Doodh) for immunity.,Rubbing heavy salt on rashes.
287,Malaria (Variant 287),Infectious,"Nausea, Fatigue, Cough",8,Specialist Doctor,Papaya,Spicy street food,Anulom Vilom,N/A - Prescription Required,Severity is high. Automatic recommendation disabled to ensure safety. Consult a doctor.,0,Jeera water for digestion.,Applying Colgate/toothpaste on burns (causes infection).
288,Asthma (Variant 288),Respiratory,"Vomiting, Headache, Fatigue",6,Specialist Doctor,Papaya,Raw salads (if infectious),Light stretching,N/A - Prescription Required,Severity is high. Automatic recommendation disabled to ensure safety. Consult a doctor.,0,Ginger and honey tea for sore throat.,Using battery acid for skin patches.
289,Vitamin D Deficiency (Variant 289),General,"Stomach pain, Nausea, Vomiting",10,Specialist Doctor,Moong Dal Khichdi,Excessive caffeine,Yoga (Pranayama),N/A - Prescription Required,Severity is high. Automatic recommendation disabled to ensure safety. Consult a doctor.,0,Warm turmeric milk (Haldi Doodh) for immunity.,Putting onions in armpits to reduce fever.
290,Sinusitis (Variant 290),Respiratory,"Stomach pain, Itching, Vomiting",8,Specialist Doctor,Boiled vegetables,Deep-fried pakoras,Light stretching,N/A - Prescription Required,Severity is high. Automatic recommendation disabled to ensure safety. Consult a doctor.,0,Coconut water for rehydration.,Applying Colgate/toothpaste on burns (causes infection).
291,Sunburn (Variant 291),Skin,"Fatigue, Body ache, Headache",2,General Physician,Papaya,Deep-fried pakoras,Brisk walking,Paracetamol,Standard OTC Paracetamol for symptomatic relief.,500,Jeera water for digestion.,Putting onions in armpits to reduce fever.
292,Amoebiasis (Variant 292),Gastrointestinal,"Cough, Nausea, Vomiting",4,General Physician,Boiled vegetables,Deep-fried pakoras,Brisk walking,Loperamide,Standard OTC Loperamide for symptomatic relief.,250,Coconut water for rehydration.,Putting oil or ghee on open wounds.
293,Bronchitis (Variant 293),Respiratory,"Cough, Headache, Vomiting",4,General Physician,Moong Dal Khichdi,Raw salads (if infectious),Complete Bed Rest,Paracetamol,Standard OTC Paracetamol for symptomatic relief.,650,Coconut water for rehydration.,Rubbing heavy salt on rashes.
294,Gastritis (Variant 294),Gastrointestinal,"Fatigue, Headache, Itching",10,Specialist Doctor,Boiled vegetables,Spicy street food,Anulom Vilom,N/A - Prescription Required,Severity is high. Automatic recommendation disabled to ensure safety. Consult a doctor.,0,Saltwater gargles for throat infection.,Applying Colgate/toothpaste on burns (causes infection).
295,Heat Rash (Variant 295),Skin,"Itching, Cough, Body ache",8,Specialist Doctor,Papaya,Excessive caffeine,Light stretching,N/A - Prescription Required,Severity is high. Automatic recommendation disabled to ensure safety. Consult a doctor.,0,Warm turmeric milk (Haldi Doodh) for immunity.,Rubbing heavy salt on rashes.
296,Vitamin D Deficiency (Variant 296),General,"Fatigue, Stomach pain, Headache",10,Specialist Doctor,Papaya,Excessive caffeine,Complete Bed Rest,N/A - Prescription Required,Severity is high. Automatic recommendation disabled to ensure safety. Consult a doctor.,0,Coconut water for rehydration.,Using battery acid for skin patches.
297,Asthma (Variant 297),Respiratory,"Fever, Itching, Cough",9,Specialist Doctor,Pomegranate,Raw salads (if infectious),Light stretching,N/A - Prescription Required,Severity is high. Automatic recommendation disabled to ensure safety. Consult a doctor.,0,Jeera water for digestion.,Applying Colgate/toothpaste on burns (causes infection).
298,Eczema (Variant 298),Skin,"Itching, Fever, Fatigue",8,Specialist Doctor,Moong Dal Khichdi,Spicy street food,Complete Bed Rest,N/A - Prescription Required,Severity is high. Automatic recommendation disabled to ensure safety. Consult a doctor.,0,Jeera water for digestion.,Rubbing heavy salt on rashes.
299,Food Poisoning (Variant 299),Gastrointestinal,"Stomach pain, Body ache, Headache",5,General Physician,Pomegranate,Spicy street food,Anulom Vilom,Loperamide,Standard OTC Loperamide for symptomatic relief.,250,Coconut water for rehydration.,Using battery acid for skin patches.
300,Dehydration (Variant 300),General,"Headache, Itching, Vomiting",7,Specialist Doctor,Boiled vegetables,Spicy street food,Brisk walking,N/A - Prescription Required,Severity is high. Automatic recommendation disabled to ensure safety. Consult a doctor.,0,Saltwater gargles for throat infection.,Using battery acid for skin patches.
301,Vitamin D Deficiency (Variant 301),General,"Itching, Stomach pain, Fatigue",10,Specialist Doctor,Papaya,Deep-fried pakoras,Anulom Vilom,N/A - Prescription Required,Severity is high. Automatic recommendation disabled to ensure safety. Consult a doctor.,0,Warm turmeric milk (Haldi Doodh) for immunity.,Rubbing heavy salt on rashes.
302,Gastritis (Variant 302),Gastrointestinal,"Body ache, Cough, Fatigue",6,Specialist Doctor,Curd rice,Raw salads (if infectious),Brisk walking,N/A - Prescription Required,Severity is high. Automatic recommendation disabled to ensure safety. Consult a doctor.,0,Warm turmeric milk (Haldi Doodh) for immunity.,Using battery acid for skin patches.
303,Fungal Infection (Variant 303),Skin,"Itching, Nausea, Stomach pain",1,General Physician,Papaya,Deep-fried pakoras,Light stretching,Ibuprofen,Standard OTC Ibuprofen for symptomatic relief.,650,Jeera water for digestion.,Using battery acid for skin patches.
304,Amoebiasis (Variant 304),Gastrointestinal,"Headache, Vomiting, Fatigue",5,General Physician,Pomegranate,Raw salads (if infectious),Complete Bed Rest,Loperamide,Standard OTC Loperamide for symptomatic relief.,250,Coconut water for rehydration.,Putting onions in armpits to reduce fever.
305,Vitamin D Deficiency (Variant 305),General,"Cough, Stomach pain, Body ache",3,General Physician,Moong Dal Khichdi,Spicy street food,Anulom Vilom,Loperamide,Standard OTC Loperamide for symptomatic relief.,250,Saltwater gargles for throat infection.,Rubbing heavy salt on rashes.
306,Fungal Infection (Variant 306),Skin,"Body ache, Stomach pain, Fever",8,Specialist Doctor,Curd rice,Deep-fried pakoras,Complete Bed Rest,N/A - Prescription Required,Severity is high. Automatic recommendation disabled to ensure safety. Consult a doctor.,0,Saltwater gargles for throat infection.,Putting onions in armpits to reduce fever.
307,Dehydration (Variant 307),General,"Cough, Vomiting, Headache",2,General Physician,Curd rice,Cold drinks,Anulom Vilom,Ibuprofen,Standard OTC Ibuprofen for symptomatic relief.,500,Ginger and honey tea for sore throat.,Using battery acid for skin patches.
308,Asthma (Variant 308),Respiratory,"Vomiting, Fever, Cough",7,Specialist Doctor,Moong Dal Khichdi,Raw salads (if infectious),Brisk walking,N/A - Prescription Required,Severity is high. Automatic recommendation disabled to ensure safety. Consult a doctor.,0,Saltwater gargles for throat infection.,Putting oil or ghee on open wounds.
309,Common Cold (Variant 309),Infectious,"Stomach pain, Fatigue, Fever",1,General Physician,Moong Dal Khichdi,Deep-fried pakoras,Brisk walking,ORS,Standard OTC ORS for symptomatic relief.,500,Warm turmeric milk (Haldi Doodh) for immunity.,Using battery acid for skin patches.
310,Influenza (Variant 310),Infectious,"Headache, Stomach pain, Body ache",1,General Physician,Moong Dal Khichdi,Excessive caffeine,Complete Bed Rest,Loperamide,Standard OTC Loperamide for symptomatic relief.,650,Coconut water for rehydration.,Rubbing heavy salt on rashes.
311,Acidity (Variant 311),Gastrointestinal,"Nausea, Itching, Vomiting",5,General Physician,Moong Dal Khichdi,Raw salads (if infectious),Complete Bed Rest,Paracetamol,Standard OTC Paracetamol for symptomatic relief.,650,Ginger and honey tea for sore throat.,Putting onions in armpits to reduce fever.
312,Malaria (Variant 312),Infectious,"Headache, Fatigue, Itching",3,General Physician,Papaya,Spicy street food,Brisk walking,Loperamide,Standard OTC Loperamide for symptomatic relief.,500,Coconut water for rehydration.,Applying Colgate/toothpaste on burns (causes infection).
313,Asthma (Variant 313),Respiratory,"Fatigue, Body ache, Nausea",6,Specialist Doctor,Papaya,Spicy street food,Light stretching,N/A - Prescription Required,Severity is high. Automatic recommendation disabled to ensure safety. Consult a doctor.,0,Saltwater gargles for throat infection.,Applying Colgate/toothpaste on burns (causes infection).
314,Dehydration (Variant 314),General,"Vomiting, Fever, Headache",1,General Physician,Moong Dal Khichdi,Excessive caffeine,Light stretching,Ibuprofen,Standard OTC Ibuprofen for symptomatic relief.,650,Warm turmeric milk (Haldi Doodh) for immunity.,Putting oil or ghee on open wounds.
315,Amoebiasis (Variant 315),Gastrointestinal,"Fatigue, Fever, Nausea",9,Specialist Doctor,Boiled vegetables,Raw salads (if infectious),Complete Bed Rest,N/A - Prescription Required,Severity is high. Automatic recommendation disabled to ensure safety. Consult a doctor.,0,Jeera water for digestion.,Rubbing heavy salt on rashes.
316,Acne (Variant 316),Skin,"Stomach pain, Headache, Fever",5,General Physician,Pomegranate,Raw salads (if infectious),Anulom Vilom,Cetirizine,Standard OTC Cetirizine for symptomatic relief.,500,Saltwater gargles for throat infection.,Putting oil or ghee on open wounds.
317,Dengue (Variant 317),Infectious,"Body ache, Nausea, Headache",5,General Physician,Pomegranate,Cold drinks,Brisk walking,Cetirizine,Standard OTC Cetirizine for symptomatic relief.,650,Warm turmeric milk (Haldi Doodh) for immunity.,Putting oil or ghee on open wounds.
318,Common Cold (Variant 318),Infectious,"Nausea, Fever, Stomach pain",2,General Physician,Papaya,Deep-fried pakoras,Yoga (Pranayama),Cetirizine,Standard OTC Cetirizine for symptomatic relief.,500,Coconut water for rehydration.,Rubbing heavy salt on rashes.
319,Food Poisoning (Variant 319),Gastrointestinal,"Headache, Stomach pain, Fatigue",2,General Physician,Papaya,Excessive caffeine,Complete Bed Rest,Ibuprofen,Standard OTC Ibuprofen for symptomatic relief.,250,Saltwater gargles for throat infection.,Applying Colgate/toothpaste on burns (causes infection).
320,Dengue (Variant 320),Infectious,"Stomach pain, Cough, Vomiting",3,General Physician,Boiled vegetables,Deep-fried pakoras,Yoga (Pranayama),ORS,Standard OTC ORS for symptomatic relief.,500,Jeera water for digestion.,Rubbing heavy salt on rashes.
321,Allergic Rhinitis (Variant 321),Respiratory,"Fever, Nausea, Cough",7,Specialist Doctor,Pomegranate,Spicy street food,Complete Bed Rest,N/A - Prescription Required,Severity is high. Automatic recommendation disabled to ensure safety. Consult a doctor.,0,Jeera water for digestion.,Rubbing heavy salt on rashes.
322,Dengue (Variant 322),Infectious,"Vomiting, Itching, Body ache",2,General Physician,Moong Dal Khichdi,Raw salads (if infectious),Light stretching,Ibuprofen,Standard OTC Ibuprofen for symptomatic relief.,250,Coconut water for rehydration.,Putting oil or ghee on open wounds.
323,Malaria (Variant 323),Infectious,"Nausea, Headache, Stomach pain",9,Specialist Doctor,Pomegranate,Excessive caffeine,Brisk walking,N/A - Prescription Required,Severity is high. Automatic recommendation disabled to ensure safety. Consult a doctor.,0,Jeera water for digestion.,Putting oil or ghee on open wounds.
324,Allergic Rhinitis (Variant 324),Respiratory,"Nausea, Fever, Cough",4,General Physician,Curd rice,Deep-fried pakoras,Anulom Vilom,Ibuprofen,Standard OTC Ibuprofen for symptomatic relief.,500,Coconut water for rehydration.,Putting onions in armpits to reduce fever.
325,Diarrhea (Variant 325),Gastrointestinal,"Fatigue, Headache, Fever",6,Specialist Doctor,Pomegranate,Deep-fried pakoras,Anulom Vilom,N/A - Prescription Required,Severity is high. Automatic recommendation disabled to ensure safety. Consult a doctor.,0,Saltwater gargles for throat infection.,Using battery acid for skin patches.
326,Amoebiasis (Variant 326),Gastrointestinal,"Nausea, Vomiting, Cough",1,General Physician,Papaya,Deep-fried pakoras,Brisk walking,Paracetamol,Standard OTC Paracetamol for symptomatic relief.,500,Coconut water for rehydration.,Putting oil or ghee on open wounds.
327,Food Poisoning (Variant 327),Gastrointestinal,"Stomach pain, Headache, Nausea",4,General Physician,Curd rice,Deep-fried pakoras,Light stretching,Ibuprofen,Standard OTC Ibuprofen for symptomatic relief.,650,Jeera water for digestion.,Putting oil or ghee on open wounds.
328,Acidity (Variant 328),Gastrointestinal,"Headache, Fever, Body ache",1,General Physician,Pomegranate,Excessive caffeine,Brisk walking,Loperamide,Standard OTC Loperamide for symptomatic relief.,250,Ginger and honey tea for sore throat.,Rubbing heavy salt on rashes.
329,Vitamin D Deficiency (Variant 329),General,"Fever, Itching, Nausea",6,Specialist Doctor,Curd rice,Cold drinks,Light stretching,N/A - Prescription Required,Severity is high. Automatic recommendation disabled to ensure safety. Consult a doctor.,0,Saltwater gargles for throat infection.,Using battery acid for skin patches.
330,Dengue (Variant 330),Infectious,"Fatigue, Stomach pain, Body ache",5,General Physician,Moong Dal Khichdi,Spicy street food,Light stretching,ORS,Standard OTC ORS for symptomatic relief.,650,Ginger and honey tea for sore throat.,Putting onions in armpits to reduce fever.
331,Chickenpox (Variant 331),Infectious,"Vomiting, Nausea, Body ache",6,Specialist Doctor,Papaya,Deep-fried pakoras,Anulom Vilom,N/A - Prescription Required,Severity is high. Automatic recommendation disabled to ensure safety. Consult a doctor.,0,Coconut water for rehydration.,Rubbing heavy salt on rashes.
332,Vitamin D Deficiency (Variant 332),General,"Cough, Nausea, Headache",9,Specialist Doctor,Curd rice,Cold drinks,Complete Bed Rest,N/A - Prescription Required,Severity is high. Automatic recommendation disabled to ensure safety. Consult a doctor.,0,Saltwater gargles for throat infection.,Using battery acid for skin patches.
333,Malaria (Variant 333),Infectious,"Fever, Body ache, Headache",7,Specialist Doctor,Pomegranate,Excessive caffeine,Complete Bed Rest,N/A - Prescription Required,Severity is high. Automatic recommendation disabled to ensure safety. Consult a doctor.,0,Ginger and honey tea for sore throat.,Rubbing heavy salt on rashes.
334,Influenza (Variant 334),Infectious,"Itching, Stomach pain, Nausea",2,General Physician,Pomegranate,Raw salads (if infectious),Complete Bed Rest,Loperamide,Standard OTC Loperamide for symptomatic relief.,500,Ginger and honey tea for sore throat.,Rubbing heavy salt on rashes.
335,Fungal Infection (Variant 335),Skin,"Headache, Itching, Cough",10,Specialist Doctor,Boiled vegetables,Raw salads (if infectious),Anulom Vilom,N/A - Prescription Required,Severity is high. Automatic recommendation disabled to ensure safety. Consult a doctor.,0,Saltwater gargles for throat infection.,Using battery acid for skin patches.
336,Heat Rash (Variant 336),Skin,"Vomiting, Itching, Fever",1,General Physician,Pomegranate,Deep-fried pakoras,Brisk walking,Paracetamol,Standard OTC Paracetamol for symptomatic relief.,500,Ginger and honey tea for sore throat.,Using battery acid for skin patches.
337,Sinusitis (Variant 337),Respiratory,"Vomiting, Headache, Stomach pain",3,General Physician,Moong Dal Khichdi,Deep-fried pakoras,Brisk walking,Paracetamol,Standard OTC Paracetamol for symptomatic relief.,250,Warm turmeric milk (Haldi Doodh) for immunity.,Putting oil or ghee on open wounds.
338,Allergic Rhinitis (Variant 338),Respiratory,"Nausea, Headache, Cough",5,General Physician,Papaya,Raw salads (if infectious),Complete Bed Rest,ORS,Standard OTC ORS for symptomatic relief.,500,Jeera water for digestion.,Applying Colgate/toothpaste on burns (causes infection).
339,Allergic Rhinitis (Variant 339),Respiratory,"Fatigue, Cough, Itching",5,General Physician,Pomegranate,Deep-fried pakoras,Brisk walking,Ibuprofen,Standard OTC Ibuprofen for symptomatic relief.,650,Coconut water for rehydration.,Using battery acid for skin patches.
340,Fungal Infection (Variant 340),Skin,"Cough, Vomiting, Fever",3,General Physician,Pomegranate,Excessive caffeine,Anulom Vilom,ORS,Standard OTC ORS for symptomatic relief.,250,Jeera water for digestion.,Rubbing heavy salt on rashes.
341,Diarrhea (Variant 341),Gastrointestinal,"Cough, Stomach pain, Vomiting",10,Specialist Doctor,Pomegranate,Excessive caffeine,Anulom Vilom,N/A - Prescription Required,Severity is high. Automatic recommendation disabled to ensure safety. Consult a doctor.,0,Saltwater gargles for throat infection.,Putting onions in armpits to reduce fever.
342,Malaria (Variant 342),Infectious,"Fever, Cough, Nausea",2,General Physician,Boiled vegetables,Excessive caffeine,Light stretching,Ibuprofen,Standard OTC Ibuprofen for symptomatic relief.,250,Warm turmeric milk (Haldi Doodh) for immunity.,Using battery acid for skin patches.
343,Chickenpox (Variant 343),Infectious,"Nausea, Headache, Stomach pain",4,General Physician,Curd rice,Cold drinks,Anulom Vilom,ORS,Standard OTC ORS for symptomatic relief.,650,Warm turmeric milk (Haldi Doodh) for immunity.,Putting onions in armpits to reduce fever.
344,Sunburn (Variant 344),Skin,"Headache, Vomiting, Stomach pain",1,General Physician,Papaya,Spicy street food,Complete Bed Rest,ORS,Standard OTC ORS for symptomatic relief.,500,Warm turmeric milk (Haldi Doodh) for immunity.,Putting oil or ghee on open wounds.
345,Heat Rash (Variant 345),Skin,"Fatigue, Nausea, Fever",8,Specialist Doctor,Boiled vegetables,Deep-fried pakoras,Yoga (Pranayama),N/A - Prescription Required,Severity is high. Automatic recommendation disabled to ensure safety. Consult a doctor.,0,Warm turmeric milk (Haldi Doodh) for immunity.,Applying Colgate/toothpaste on burns (causes infection).
346,Amoebiasis (Variant 346),Gastrointestinal,"Stomach pain, Nausea, Headache",7,Specialist Doctor,Moong Dal Khichdi,Cold drinks,Light stretching,N/A - Prescription Required,Severity is high. Automatic recommendation disabled to ensure safety. Consult a doctor.,0,Jeera water for digestion.,Using battery acid for skin patches.
347,Vitamin D Deficiency (Variant 347),General,"Vomiting, Headache, Cough",4,General Physician,Pomegranate,Deep-fried pakoras,Complete Bed Rest,Loperamide,Standard OTC Loperamide for symptomatic relief.,650,Coconut water for rehydration.,Putting onions in armpits to reduce fever.
348,Fungal Infection (Variant 348),Skin,"Stomach pain, Headache, Itching",1,General Physician,Moong Dal Khichdi,Raw salads (if infectious),Yoga (Pranayama),Loperamide,Standard OTC Loperamide for symptomatic relief.,500,Warm turmeric milk (Haldi Doodh) for immunity.,Rubbing heavy salt on rashes.
349,Sinusitis (Variant 349),Respiratory,"Stomach pain, Vomiting, Body ache",6,Specialist Doctor,Curd rice,Excessive caffeine,Yoga (Pranayama),N/A - Prescription Required,Severity is high. Automatic recommendation disabled to ensure safety. Consult a doctor.,0,Saltwater gargles for throat infection.,Putting onions in armpits to reduce fever.
350,Vitamin D Deficiency (Variant 350),General,"Body ache, Vomiting, Fatigue",5,General Physician,Curd rice,Cold drinks,Complete Bed Rest,Omeprazole,Standard OTC Omeprazole for symptomatic relief.,500,Ginger and honey tea for sore throat.,Applying Colgate/toothpaste on burns (causes infection).
351,Bronchitis (Variant 351),Respiratory,"Cough, Stomach pain, Fever",10,Specialist Doctor,Boiled vegetables,Cold drinks,Yoga (Pranayama),N/A - Prescription Required,Severity is high. Automatic recommendation disabled to ensure safety. Consult a doctor.,0,Coconut water for rehydration.,Putting oil or ghee on open wounds.
352,Common Cold (Variant 352),Infectious,"Itching, Body ache, Cough",9,Specialist Doctor,Papaya,Deep-fried pakoras,Light stretching,N/A - Prescription Required,Severity is high. Automatic recommendation disabled to ensure safety. Consult a doctor.,0,Coconut water for rehydration.,Putting oil or ghee on open wounds.
353,Chickenpox (Variant 353),Infectious,"Nausea, Stomach pain, Vomiting",6,Specialist Doctor,Pomegranate,Deep-fried pakoras,Complete Bed Rest,N/A - Prescription Required,Severity is high. Automatic recommendation disabled to ensure safety. Consult a doctor.,0,Jeera water for digestion.,Rubbing heavy salt on rashes.
354,Acidity (Variant 354),Gastrointestinal,"Itching, Nausea, Headache",3,General Physician,Curd rice,Raw salads (if infectious),Complete Bed Rest,Cetirizine,Standard OTC Cetirizine for symptomatic relief.,250,Saltwater gargles for throat infection.,Applying Colgate/toothpaste on burns (causes infection).
355,Heat Rash (Variant 355),Skin,"Nausea, Fever, Fatigue",3,General Physician,Boiled vegetables,Raw salads (if infectious),Brisk walking,Cetirizine,Standard OTC Cetirizine for symptomatic relief.,650,Ginger and honey tea for sore throat.,Applying Colgate/toothpaste on burns (causes infection).
356,Asthma (Variant 356),Respiratory,"Itching, Fever, Headache",2,General Physician,Curd rice,Excessive caffeine,Anulom Vilom,Cetirizine,Standard OTC Cetirizine for symptomatic relief.,500,Jeera water for digestion.,Putting oil or ghee on open wounds.
357,Sunburn (Variant 357),Skin,"Itching, Vomiting, Fever",1,General Physician,Boiled vegetables,Deep-fried pakoras,Light stretching,Ibuprofen,Standard OTC Ibuprofen for symptomatic relief.,650,Coconut water for rehydration.,Applying Colgate/toothpaste on burns (causes infection).
358,Heat Stroke (Variant 358),General,"Itching, Nausea, Fatigue",5,General Physician,Pomegranate,Cold drinks,Light stretching,Ibuprofen,Standard OTC Ibuprofen for symptomatic relief.,650,Warm turmeric milk (Haldi Doodh) for immunity.,Using battery acid for skin patches.
359,Vitamin D Deficiency (Variant 359),General,"Fever, Headache, Stomach pain",9,Specialist Doctor,Moong Dal Khichdi,Spicy street food,Yoga (Pranayama),N/A - Prescription Required,Severity is high. Automatic recommendation disabled to ensure safety. Consult a doctor.,0,Coconut water for rehydration.,Rubbing heavy salt on rashes.
360,Heat Stroke (Variant 360),General,"Nausea, Itching, Fever",10,Specialist Doctor,Pomegranate,Excessive caffeine,Brisk walking,N/A - Prescription Required,Severity is high. Automatic recommendation disabled to ensure safety. Consult a doctor.,0,Warm turmeric milk (Haldi Doodh) for immunity.,Rubbing heavy salt on rashes.
361,Acne (Variant 361),Skin,"Fatigue, Fever, Vomiting",7,Specialist Doctor,Moong Dal Khichdi,Spicy street food,Anulom Vilom,N/A - Prescription Required,Severity is high. Automatic recommendation disabled to ensure safety. Consult a doctor.,0,Coconut water for rehydration.,Rubbing heavy salt on rashes.
362,Amoebiasis (Variant 362),Gastrointestinal,"Fatigue, Cough, Body ache",6,Specialist Doctor,Papaya,Excessive caffeine,Complete Bed Rest,N/A - Prescription Required,Severity is high. Automatic recommendation disabled to ensure safety. Consult a doctor.,0,Jeera water for digestion.,Putting oil or ghee on open wounds.
363,Sinusitis (Variant 363),Respiratory,"Nausea, Fever, Fatigue",10,Specialist Doctor,Papaya,Excessive caffeine,Anulom Vilom,N/A - Prescription Required,Severity is high. Automatic recommendation disabled to ensure safety. Consult a doctor.,0,Coconut water for rehydration.,Rubbing heavy salt on rashes.
364,Fungal Infection (Variant 364),Skin,"Fever, Fatigue, Nausea",2,General Physician,Papaya,Spicy street food,Complete Bed Rest,Paracetamol,Standard OTC Paracetamol for symptomatic relief.,500,Jeera water for digestion.,Applying Colgate/toothpaste on burns (causes infection).
365,Heat Rash (Variant 365),Skin,"Fatigue, Stomach pain, Itching",9,Specialist Doctor,Curd rice,Spicy street food,Yoga (Pranayama),N/A - Prescription Required,Severity is high. Automatic recommendation disabled to ensure safety. Consult a doctor.,0,Saltwater gargles for throat infection.,Putting oil or ghee on open wounds.
366,Malaria (Variant 366),Infectious,"Fever, Cough, Stomach pain",9,Specialist Doctor,Pomegranate,Cold drinks,Complete Bed Rest,N/A - Prescription Required,Severity is high. Automatic recommendation disabled to ensure safety. Consult a doctor.,0,Warm turmeric milk (Haldi Doodh) for immunity.,Rubbing heavy salt on rashes.
367,Fungal Infection (Variant 367),Skin,"Cough, Fever, Vomiting",4,General Physician,Papaya,Raw salads (if infectious),Anulom Vilom,Ibuprofen,Standard OTC Ibuprofen for symptomatic relief.,500,Saltwater gargles for throat infection.,Rubbing heavy salt on rashes.
368,Heat Rash (Variant 368),Skin,"Fatigue, Fever, Stomach pain",6,Specialist Doctor,Moong Dal Khichdi,Cold drinks,Brisk walking,N/A - Prescription Required,Severity is high. Automatic recommendation disabled to ensure safety. Consult a doctor.,0,Saltwater gargles for throat infection.,Rubbing heavy salt on rashes.
369,Typhoid (Variant 369),Infectious,"Headache, Itching, Stomach pain",8,Specialist Doctor,Papaya,Cold drinks,Brisk walking,N/A - Prescription Required,Severity is high. Automatic recommendation disabled to ensure safety. Consult a doctor.,0,Warm turmeric milk (Haldi Doodh) for immunity.,Applying Colgate/toothpaste on burns (causes infection).
370,Typhoid (Variant 370),Infectious,"Fatigue, Vomiting, Itching",10,Specialist Doctor,Moong Dal Khichdi,Cold drinks,Yoga (Pranayama),N/A - Prescription Required,Severity is high. Automatic recommendation disabled to ensure safety. Consult a doctor.,0,Saltwater gargles for throat infection.,Applying Colgate/toothpaste on burns (causes infection).
371,Vitamin D Deficiency (Variant 371),General,"Fatigue, Headache, Cough",1,General Physician,Boiled vegetables,Spicy street food,Complete Bed Rest,Paracetamol,Standard OTC Paracetamol for symptomatic relief.,500,Coconut water for rehydration.,Putting oil or ghee on open wounds.
372,Allergic Rhinitis (Variant 372),Respiratory,"Nausea, Headache, Stomach pain",7,Specialist Doctor,Pomegranate,Cold drinks,Light stretching,N/A - Prescription Required,Severity is high. Automatic recommendation disabled to ensure safety. Consult a doctor.,0,Warm turmeric milk (Haldi Doodh) for immunity.,Putting oil or ghee on open wounds.
373,Eczema (Variant 373),Skin,"Vomiting, Headache, Fatigue",3,General Physician,Pomegranate,Excessive caffeine,Complete Bed Rest,Ibuprofen,Standard OTC Ibuprofen for symptomatic relief.,250,Ginger and honey tea for sore throat.,Putting oil or ghee on open wounds.
374,Bronchitis (Variant 374),Respiratory,"Fever, Body ache, Stomach pain",4,General Physician,Curd rice,Cold drinks,Brisk walking,Loperamide,Standard OTC Loperamide for symptomatic relief.,250,Ginger and honey tea for sore throat.,Applying Colgate/toothpaste on burns (causes infection).
375,Sinusitis (Variant 375),Respiratory,"Fatigue, Cough, Body ache",1,General Physician,Papaya,Deep-fried pakoras,Yoga (Pranayama),Loperamide,Standard OTC Loperamide for symptomatic relief.,500,Coconut water for rehydration.,Using battery acid for skin patches.
376,Malaria (Variant 376),Infectious,"Vomiting, Cough, Stomach pain",5,General Physician,Curd rice,Deep-fried pakoras,Yoga (Pranayama),Omeprazole,Standard OTC Omeprazole for symptomatic relief.,500,Saltwater gargles for throat infection.,Putting onions in armpits to reduce fever.
377,Heat Rash (Variant 377),Skin,"Itching, Body ache, Fever",10,Specialist Doctor,Moong Dal Khichdi,Deep-fried pakoras,Brisk walking,N/A - Prescription Required,Severity is high. Automatic recommendation disabled to ensure safety. Consult a doctor.,0,Jeera water for digestion.,Rubbing heavy salt on rashes.
378,Acidity (Variant 378),Gastrointestinal,"Vomiting, Fatigue, Fever",2,General Physician,Pomegranate,Cold drinks,Light stretching,Cetirizine,Standard OTC Cetirizine for symptomatic relief.,650,Warm turmeric milk (Haldi Doodh) for immunity.,Rubbing heavy salt on rashes.
379,Allergic Rhinitis (Variant 379),Respiratory,"Fever, Body ache, Fatigue",9,Specialist Doctor,Pomegranate,Raw salads (if infectious),Yoga (Pranayama),N/A - Prescription Required,Severity is high. Automatic recommendation disabled to ensure safety. Consult a doctor.,0,Ginger and honey tea for sore throat.,Applying Colgate/toothpaste on burns (causes infection).
380,Bronchitis (Variant 380),Respiratory,"Vomiting, Itching, Stomach pain",1,General Physician,Pomegranate,Spicy street food,Brisk walking,ORS,Standard OTC ORS for symptomatic relief.,650,Ginger and honey tea for sore throat.,Putting oil or ghee on open wounds.
381,Sunburn (Variant 381),Skin,"Nausea, Body ache, Vomiting",1,General Physician,Boiled vegetables,Cold drinks,Complete Bed Rest,Ibuprofen,Standard OTC Ibuprofen for symptomatic relief.,500,Saltwater gargles for throat infection.,Putting onions in armpits to reduce fever.
382,Chickenpox (Variant 382),Infectious,"Body ache, Itching, Nausea",1,General Physician,Moong Dal Khichdi,Cold drinks,Light stretching,Paracetamol,Standard OTC Paracetamol for symptomatic relief.,250,Ginger and honey tea for sore throat.,Using battery acid for skin patches.
383,Influenza (Variant 383),Infectious,"Vomiting, Itching, Headache",6,Specialist Doctor,Papaya,Cold drinks,Complete Bed Rest,N/A - Prescription Required,Severity is high. Automatic recommendation disabled to ensure safety. Consult a doctor.,0,Coconut water for rehydration.,Putting onions in armpits to reduce fever.
384,Amoebiasis (Variant 384),Gastrointestinal,"Fever, Fatigue, Cough",7,Specialist Doctor,Boiled vegetables,Cold drinks,Complete Bed Rest,N/A - Prescription Required,Severity is high. Automatic recommendation disabled to ensure safety. Consult a doctor.,0,Saltwater gargles for throat infection.,Using battery acid for skin patches.
385,Acidity (Variant 385),Gastrointestinal,"Body ache, Nausea, Headache",4,General Physician,Pomegranate,Spicy street food,Brisk walking,Omeprazole,Standard OTC Omeprazole for symptomatic relief.,500,Saltwater gargles for throat infection.,Rubbing heavy salt on rashes.
386,Food Poisoning (Variant 386),Gastrointestinal,"Stomach pain, Itching, Nausea",7,Specialist Doctor,Papaya,Raw salads (if infectious),Complete Bed Rest,N/A - Prescription Required,Severity is high. Automatic recommendation disabled to ensure safety. Consult a doctor.,0,Warm turmeric milk (Haldi Doodh) for immunity.,Putting onions in armpits to reduce fever.
387,Dehydration (Variant 387),General,"Fatigue, Body ache, Vomiting",1,General Physician,Pomegranate,Excessive caffeine,Brisk walking,Loperamide,Standard OTC Loperamide for symptomatic relief.,250,Jeera water for digestion.,Putting oil or ghee on open wounds.
388,Amoebiasis (Variant 388),Gastrointestinal,"Headache, Cough, Fatigue",6,Specialist Doctor,Moong Dal Khichdi,Deep-fried pakoras,Complete Bed Rest,N/A - Prescription Required,Severity is high. Automatic recommendation disabled to ensure safety. Consult a doctor.,0,Coconut water for rehydration.,Applying Colgate/toothpaste on burns (causes infection).
389,Common Cold (Variant 389),Infectious,"Fatigue, Nausea, Fever",7,Specialist Doctor,Moong Dal Khichdi,Cold drinks,Brisk walking,N/A - Prescription Required,Severity is high. Automatic recommendation disabled to ensure safety. Consult a doctor.,0,Saltwater gargles for throat infection.,Putting onions in armpits to reduce fever.
390,Bronchitis (Variant 390),Respiratory,"Vomiting, Fatigue, Stomach pain",5,General Physician,Papaya,Spicy street food,Brisk walking,Paracetamol,Standard OTC Paracetamol for symptomatic relief.,250,Saltwater gargles for throat infection.,Using battery acid for skin patches.
391,Gastritis (Variant 391),Gastrointestinal,"Stomach pain, Fever, Fatigue",6,Specialist Doctor,Boiled vegetables,Deep-fried pakoras,Light stretching,N/A - Prescription Required,Severity is high. Automatic recommendation disabled to ensure safety. Consult a doctor.,0,Warm turmeric milk (Haldi Doodh) for immunity.,Applying Colgate/toothpaste on burns (causes infection).
392,Anemia (Variant 392),General,"Body ache, Headache, Fatigue",7,Specialist Doctor,Moong Dal Khichdi,Raw salads (if infectious),Brisk walking,N/A - Prescription Required,Severity is high. Automatic recommendation disabled to ensure safety. Consult a doctor.,0,Warm turmeric milk (Haldi Doodh) for immunity.,Rubbing heavy salt on rashes.
393,Bronchitis (Variant 393),Respiratory,"Body ache, Fatigue, Itching",8,Specialist Doctor,Curd rice,Raw salads (if infectious),Complete Bed Rest,N/A - Prescription Required,Severity is high. Automatic recommendation disabled to ensure safety. Consult a doctor.,0,Warm turmeric milk (Haldi Doodh) for immunity.,Applying Colgate/toothpaste on burns (causes infection).
394,Malaria (Variant 394),Infectious,"Cough, Itching, Vomiting",2,General Physician,Curd rice,Raw salads (if infectious),Anulom Vilom,Ibuprofen,Standard OTC Ibuprofen for symptomatic relief.,500,Jeera water for digestion.,Rubbing heavy salt on rashes.
395,Acidity (Variant 395),Gastrointestinal,"Headache, Itching, Fever",4,General Physician,Pomegranate,Excessive caffeine,Brisk walking,Omeprazole,Standard OTC Omeprazole for symptomatic relief.,500,Saltwater gargles for throat infection.,Putting onions in armpits to reduce fever.
396,Vitamin D Deficiency (Variant 396),General,"Fatigue, Stomach pain, Headache",5,General Physician,Boiled vegetables,Deep-fried pakoras,Brisk walking,Omeprazole,Standard OTC Omeprazole for symptomatic relief.,250,Jeera water for digestion.,Applying Colgate/toothpaste on burns (causes infection).
397,Common Cold (Variant 397),Infectious,"Body ache, Vomiting, Stomach pain",1,General Physician,Curd rice,Excessive caffeine,Brisk walking,Ibuprofen,Standard OTC Ibuprofen for symptomatic relief.,250,Ginger and honey tea for sore throat.,Rubbing heavy salt on rashes.
398,Vitamin D Deficiency (Variant 398),General,"Itching, Stomach pain, Body ache",4,General Physician,Pomegranate,Raw salads (if infectious),Light stretching,ORS,Standard OTC ORS for symptomatic relief.,650,Jeera water for digestion.,Putting oil or ghee on open wounds.
399,Diarrhea (Variant 399),Gastrointestinal,"Fatigue, Fever, Vomiting",6,Specialist Doctor,Curd rice,Cold drinks,Brisk walking,N/A - Prescription Required,Severity is high. Automatic recommendation disabled to ensure safety. Consult a doctor.,0,Ginger and honey tea for sore throat.,Applying Colgate/toothpaste on burns (causes infection).
400,Acne (Variant 400),Skin,"Vomiting, Cough, Headache",4,General Physician,Papaya,Spicy street food,Complete Bed Rest,Cetirizine,Standard OTC Cetirizine for symptomatic relief.,650,Ginger and honey tea for sore throat.,Rubbing heavy salt on rashes.
401,Sunburn (Variant 401),Skin,"Itching, Vomiting, Cough",5,General Physician,Papaya,Cold drinks,Light stretching,Ibuprofen,Standard OTC Ibuprofen for symptomatic relief.,650,Warm turmeric milk (Haldi Doodh) for immunity.,Applying Colgate/toothpaste on burns (causes infection).
402,Allergic Rhinitis (Variant 402),Respiratory,"Fever, Fatigue, Stomach pain",2,General Physician,Pomegranate,Excessive caffeine,Light stretching,Paracetamol,Standard OTC Paracetamol for symptomatic relief.,250,Ginger and honey tea for sore throat.,Putting onions in armpits to reduce fever.
403,Diarrhea (Variant 403),Gastrointestinal,"Itching, Nausea, Cough",10,Specialist Doctor,Moong Dal Khichdi,Cold drinks,Complete Bed Rest,N/A - Prescription Required,Severity is high. Automatic recommendation disabled to ensure safety. Consult a doctor.,0,Ginger and honey tea for sore throat.,Rubbing heavy salt on rashes.
404,Gastritis (Variant 404),Gastrointestinal,"Headache, Vomiting, Body ache",6,Specialist Doctor,Boiled vegetables,Excessive caffeine,Yoga (Pranayama),N/A - Prescription Required,Severity is high. Automatic recommendation disabled to ensure safety. Consult a doctor.,0,Coconut water for rehydration.,Rubbing heavy salt on rashes.
405,Allergic Rhinitis (Variant 405),Respiratory,"Body ache, Vomiting, Nausea",8,Specialist Doctor,Pomegranate,Deep-fried pakoras,Complete Bed Rest,N/A - Prescription Required,Severity is high. Automatic recommendation disabled to ensure safety. Consult a doctor.,0,Ginger and honey tea for sore throat.,Putting oil or ghee on open wounds.
406,Common Cold (Variant 406),Infectious,"Cough, Stomach pain, Itching",4,General Physician,Curd rice,Spicy street food,Brisk walking,Loperamide,Standard OTC Loperamide for symptomatic relief.,250,Warm turmeric milk (Haldi Doodh) for immunity.,Putting oil or ghee on open wounds.
407,Gastritis (Variant 407),Gastrointestinal,"Nausea, Itching, Cough",4,General Physician,Papaya,Raw salads (if infectious),Brisk walking,ORS,Standard OTC ORS for symptomatic relief.,650,Saltwater gargles for throat infection.,Rubbing heavy salt on rashes.
408,Vitamin D Deficiency (Variant 408),General,"Body ache, Vomiting, Itching",3,General Physician,Moong Dal Khichdi,Raw salads (if infectious),Light stretching,Paracetamol,Standard OTC Paracetamol for symptomatic relief.,500,Jeera water for digestion.,Putting onions in armpits to reduce fever.
409,Diarrhea (Variant 409),Gastrointestinal,"Fever, Fatigue, Cough",3,General Physician,Curd rice,Raw salads (if infectious),Brisk walking,Loperamide,Standard OTC Loperamide for symptomatic relief.,500,Jeera water for digestion.,Putting oil or ghee on open wounds.
410,Sunburn (Variant 410),Skin,"Itching, Headache, Stomach pain",4,General Physician,Papaya,Deep-fried pakoras,Anulom Vilom,Loperamide,Standard OTC Loperamide for symptomatic relief.,650,Jeera water for digestion.,Putting oil or ghee on open wounds.
411,Sunburn (Variant 411),Skin,"Stomach pain, Fever, Nausea",10,Specialist Doctor,Papaya,Cold drinks,Complete Bed Rest,N/A - Prescription Required,Severity is high. Automatic recommendation disabled to ensure safety. Consult a doctor.,0,Ginger and honey tea for sore throat.,Putting oil or ghee on open wounds.
412,Anemia (Variant 412),General,"Fatigue, Headache, Stomach pain",6,Specialist Doctor,Papaya,Spicy street food,Anulom Vilom,N/A - Prescription Required,Severity is high. Automatic recommendation disabled to ensure safety. Consult a doctor.,0,Warm turmeric milk (Haldi Doodh) for immunity.,Putting onions in armpits to reduce fever.
413,Typhoid (Variant 413),Infectious,"Fatigue, Vomiting, Fever",6,Specialist Doctor,Moong Dal Khichdi,Deep-fried pakoras,Light stretching,N/A - Prescription Required,Severity is high. Automatic recommendation disabled to ensure safety. Consult a doctor.,0,Ginger and honey tea for sore throat.,Using battery acid for skin patches.
414,Amoebiasis (Variant 414),Gastrointestinal,"Fatigue, Itching, Nausea",3,General Physician,Papaya,Raw salads (if infectious),Light stretching,ORS,Standard OTC ORS for symptomatic relief.,250,Coconut water for rehydration.,Using battery acid for skin patches.
415,Acne (Variant 415),Skin,"Headache, Body ache, Itching",6,Specialist Doctor,Curd rice,Deep-fried pakoras,Yoga (Pranayama),N/A - Prescription Required,Severity is high. Automatic recommendation disabled to ensure safety. Consult a doctor.,0,Coconut water for rehydration.,Rubbing heavy salt on rashes.
416,Allergic Rhinitis (Variant 416),Respiratory,"Headache, Itching, Stomach pain",8,Specialist Doctor,Curd rice,Raw salads (if infectious),Complete Bed Rest,N/A - Prescription Required,Severity is high. Automatic recommendation disabled to ensure safety. Consult a doctor.,0,Saltwater gargles for throat infection.,Applying Colgate/toothpaste on burns (causes infection).
417,Anemia (Variant 417),General,"Cough, Fatigue, Vomiting",1,General Physician,Boiled vegetables,Deep-fried pakoras,Light stretching,Cetirizine,Standard OTC Cetirizine for symptomatic relief.,650,Coconut water for rehydration.,Putting oil or ghee on open wounds.
418,Bronchitis (Variant 418),Respiratory,"Fever, Vomiting, Fatigue",3,General Physician,Boiled vegetables,Raw salads (if infectious),Brisk walking,ORS,Standard OTC ORS for symptomatic relief.,650,Coconut water for rehydration.,Using battery acid for skin patches.
419,Malaria (Variant 419),Infectious,"Nausea, Vomiting, Headache",8,Specialist Doctor,Papaya,Raw salads (if infectious),Complete Bed Rest,N/A - Prescription Required,Severity is high. Automatic recommendation disabled to ensure safety. Consult a doctor.,0,Warm turmeric milk (Haldi Doodh) for immunity.,Using battery acid for skin patches.
420,Sinusitis (Variant 420),Respiratory,"Stomach pain, Headache, Fatigue",10,Specialist Doctor,Boiled vegetables,Excessive caffeine,Light stretching,N/A - Prescription Required,Severity is high. Automatic recommendation disabled to ensure safety. Consult a doctor.,0,Saltwater gargles for throat infection.,Applying Colgate/toothpaste on burns (causes infection).
421,Vitamin D Deficiency (Variant 421),General,"Vomiting, Cough, Fatigue",9,Specialist Doctor,Pomegranate,Spicy street food,Anulom Vilom,N/A - Prescription Required,Severity is high. Automatic recommendation disabled to ensure safety. Consult a doctor.,0,Ginger and honey tea for sore throat.,Rubbing heavy salt on rashes.
422,Vitamin D Deficiency (Variant 422),General,"Headache, Nausea, Cough",4,General Physician,Curd rice,Deep-fried pakoras,Light stretching,Paracetamol,Standard OTC Paracetamol for symptomatic relief.,650,Saltwater gargles for throat infection.,Applying Colgate/toothpaste on burns (causes infection).
423,Acidity (Variant 423),Gastrointestinal,"Cough, Vomiting, Stomach pain",7,Specialist Doctor,Papaya,Raw salads (if infectious),Yoga (Pranayama),N/A - Prescription Required,Severity is high. Automatic recommendation disabled to ensure safety. Consult a doctor.,0,Saltwater gargles for throat infection.,Putting onions in armpits to reduce fever.
424,Vitamin D Deficiency (Variant 424),General,"Itching, Vomiting, Headache",5,General Physician,Boiled vegetables,Excessive caffeine,Brisk walking,ORS,Standard OTC ORS for symptomatic relief.,500,Jeera water for digestion.,Applying Colgate/toothpaste on burns (causes infection).
425,Fungal Infection (Variant 425),Skin,"Itching, Stomach pain, Body ache",4,General Physician,Curd rice,Raw salads (if infectious),Brisk walking,Loperamide,Standard OTC Loperamide for symptomatic relief.,650,Warm turmeric milk (Haldi Doodh) for immunity.,Using battery acid for skin patches.
426,Diarrhea (Variant 426),Gastrointestinal,"Cough, Fever, Headache",6,Specialist Doctor,Pomegranate,Raw salads (if infectious),Brisk walking,N/A - Prescription Required,Severity is high. Automatic recommendation disabled to ensure safety. Consult a doctor.,0,Ginger and honey tea for sore throat.,Putting onions in armpits to reduce fever.
427,Bronchitis (Variant 427),Respiratory,"Body ache, Headache, Cough",10,Specialist Doctor,Boiled vegetables,Cold drinks,Light stretching,N/A - Prescription Required,Severity is high. Automatic recommendation disabled to ensure safety. Consult a doctor.,0,Warm turmeric milk (Haldi Doodh) for immunity.,Putting onions in armpits to reduce fever.
428,Acne (Variant 428),Skin,"Body ache, Headache, Fatigue",9,Specialist Doctor,Pomegranate,Excessive caffeine,Light stretching,N/A - Prescription Required,Severity is high. Automatic recommendation disabled to ensure safety. Consult a doctor.,0,Coconut water for rehydration.,Rubbing heavy salt on rashes.
429,Diarrhea (Variant 429),Gastrointestinal,"Headache, Nausea, Stomach pain",6,Specialist Doctor,Curd rice,Raw salads (if infectious),Yoga (Pranayama),N/A - Prescription Required,Severity is high. Automatic recommendation disabled to ensure safety. Consult a doctor.,0,Ginger and honey tea for sore throat.,Putting oil or ghee on open wounds.
430,Acne (Variant 430),Skin,"Headache, Stomach pain, Itching",9,Specialist Doctor,Curd rice,Deep-fried pakoras,Yoga (Pranayama),N/A - Prescription Required,Severity is high. Automatic recommendation disabled to ensure safety. Consult a doctor.,0,Ginger and honey tea for sore throat.,Putting oil or ghee on open wounds.
431,Vitamin D Deficiency (Variant 431),General,"Fever, Itching, Fatigue",6,Specialist Doctor,Pomegranate,Cold drinks,Complete Bed Rest,N/A - Prescription Required,Severity is high. Automatic recommendation disabled to ensure safety. Consult a doctor.,0,Saltwater gargles for throat infection.,Rubbing heavy salt on rashes.
432,Dengue (Variant 432),Infectious,"Itching, Fatigue, Vomiting",4,General Physician,Papaya,Excessive caffeine,Complete Bed Rest,ORS,Standard OTC ORS for symptomatic relief.,250,Coconut water for rehydration.,Applying Colgate/toothpaste on burns (causes infection).
433,Allergic Rhinitis (Variant 433),Respiratory,"Stomach pain, Itching, Nausea",3,General Physician,Curd rice,Spicy street food,Light stretching,Omeprazole,Standard OTC Omeprazole for symptomatic relief.,650,Ginger and honey tea for sore throat.,Putting onions in armpits to reduce fever.
434,Acne (Variant 434),Skin,"Headache, Fatigue, Vomiting",5,General Physician,Moong Dal Khichdi,Excessive caffeine,Light stretching,Cetirizine,Standard OTC Cetirizine for symptomatic relief.,650,Saltwater gargles for throat infection.,Putting oil or ghee on open wounds.
435,Bronchitis (Variant 435),Respiratory,"Body ache, Itching, Fatigue",5,General Physician,Pomegranate,Cold drinks,Brisk walking,Cetirizine,Standard OTC Cetirizine for symptomatic relief.,250,Saltwater gargles for throat infection.,Putting oil or ghee on open wounds.
436,Acne (Variant 436),Skin,"Nausea, Fever, Headache",6,Specialist Doctor,Pomegranate,Cold drinks,Light stretching,N/A - Prescription Required,Severity is high. Automatic recommendation disabled to ensure safety. Consult a doctor.,0,Coconut water for rehydration.,Putting oil or ghee on open wounds.
437,Asthma (Variant 437),Respiratory,"Headache, Itching, Body ache",5,General Physician,Curd rice,Spicy street food,Complete Bed Rest,Loperamide,Standard OTC Loperamide for symptomatic relief.,250,Jeera water for digestion.,Using battery acid for skin patches.
438,Bronchitis (Variant 438),Respiratory,"Itching, Fever, Body ache",8,Specialist Doctor,Papaya,Spicy street food,Complete Bed Rest,N/A - Prescription Required,Severity is high. Automatic recommendation disabled to ensure safety. Consult a doctor.,0,Saltwater gargles for throat infection.,Using battery acid for skin patches.
439,Chickenpox (Variant 439),Infectious,"Body ache, Stomach pain, Headache",1,General Physician,Curd rice,Excessive caffeine,Light stretching,Omeprazole,Standard OTC Omeprazole for symptomatic relief.,650,Warm turmeric milk (Haldi Doodh) for immunity.,Using battery acid for skin patches.
440,Dehydration (Variant 440),General,"Cough, Nausea, Itching",5,General Physician,Curd rice,Excessive caffeine,Light stretching,Paracetamol,Standard OTC Paracetamol for symptomatic relief.,650,Warm turmeric milk (Haldi Doodh) for immunity.,Putting onions in armpits to reduce fever.
441,Sunburn (Variant 441),Skin,"Nausea, Stomach pain, Vomiting",1,General Physician,Pomegranate,Raw salads (if infectious),Anulom Vilom,Cetirizine,Standard OTC Cetirizine for symptomatic relief.,250,Coconut water for rehydration.,Using battery acid for skin patches.
442,Bronchitis (Variant 442),Respiratory,"Fatigue, Vomiting, Body ache",2,General Physician,Moong Dal Khichdi,Cold drinks,Anulom Vilom,Paracetamol,Standard OTC Paracetamol for symptomatic relief.,650,Jeera water for digestion.,Applying Colgate/toothpaste on burns (causes infection).
443,Food Poisoning (Variant 443),Gastrointestinal,"Body ache, Vomiting, Nausea",2,General Physician,Curd rice,Raw salads (if infectious),Complete Bed Rest,Ibuprofen,Standard OTC Ibuprofen for symptomatic relief.,500,Ginger and honey tea for sore throat.,Using battery acid for skin patches.
444,Anemia (Variant 444),General,"Body ache, Cough, Itching",6,Specialist Doctor,Moong Dal Khichdi,Deep-fried pakoras,Light stretching,N/A - Prescription Required,Severity is high. Automatic recommendation disabled to ensure safety. Consult a doctor.,0,Saltwater gargles for throat infection.,Putting oil or ghee on open wounds.
445,Asthma (Variant 445),Respiratory,"Itching, Fever, Fatigue",2,General Physician,Boiled vegetables,Cold drinks,Brisk walking,Paracetamol,Standard OTC Paracetamol for symptomatic relief.,250,Jeera water for digestion.,Applying Colgate/toothpaste on burns (causes infection).
446,Common Cold (Variant 446),Infectious,"Itching, Body ache, Cough",3,General Physician,Papaya,Spicy street food,Yoga (Pranayama),Ibuprofen,Standard OTC Ibuprofen for symptomatic relief.,500,Jeera water for digestion.,Putting oil or ghee on open wounds.
447,Dehydration (Variant 447),General,"Fatigue, Nausea, Itching",9,Specialist Doctor,Curd rice,Cold drinks,Complete Bed Rest,N/A - Prescription Required,Severity is high. Automatic recommendation disabled to ensure safety. Consult a doctor.,0,Saltwater gargles for throat infection.,Using battery acid for skin patches.
448,Chickenpox (Variant 448),Infectious,"Cough, Itching, Nausea",1,General Physician,Papaya,Cold drinks,Light stretching,Paracetamol,Standard OTC Paracetamol for symptomatic relief.,500,Ginger and honey tea for sore throat.,Putting onions in armpits to reduce fever.
449,Diarrhea (Variant 449),Gastrointestinal,"Body ache, Headache, Vomiting",5,General Physician,Moong Dal Khichdi,Cold drinks,Light stretching,Omeprazole,Standard OTC Omeprazole for symptomatic relief.,500,Saltwater gargles for throat infection.,Putting onions in armpits to reduce fever.
450,Fungal Infection (Variant 450),Skin,"Itching, Fatigue, Body ache",5,General Physician,Curd rice,Spicy street food,Anulom Vilom,ORS,Standard OTC ORS for symptomatic relief.,650,Coconut water for rehydration.,Using battery acid for skin patches.
451,Asthma (Variant 451),Respiratory,"Nausea, Vomiting, Cough",10,Specialist Doctor,Curd rice,Spicy street food,Brisk walking,N/A - Prescription Required,Severity is high. Automatic recommendation disabled to ensure safety. Consult a doctor.,0,Coconut water for rehydration.,Putting oil or ghee on open wounds.
452,Sinusitis (Variant 452),Respiratory,"Headache, Cough, Body ache",2,General Physician,Papaya,Spicy street food,Light stretching,Omeprazole,Standard OTC Omeprazole for symptomatic relief.,250,Coconut water for rehydration.,Putting onions in armpits to reduce fever.
453,Influenza (Variant 453),Infectious,"Itching, Nausea, Stomach pain",6,Specialist Doctor,Moong Dal Khichdi,Excessive caffeine,Yoga (Pranayama),N/A - Prescription Required,Severity is high. Automatic recommendation disabled to ensure safety. Consult a doctor.,0,Saltwater gargles for throat infection.,Putting oil or ghee on open wounds.
454,Influenza (Variant 454),Infectious,"Fatigue, Body ache, Stomach pain",9,Specialist Doctor,Moong Dal Khichdi,Cold drinks,Yoga (Pranayama),N/A - Prescription Required,Severity is high. Automatic recommendation disabled to ensure safety. Consult a doctor.,0,Jeera water for digestion.,Applying Colgate/toothpaste on burns (causes infection).
455,Bronchitis (Variant 455),Respiratory,"Itching, Nausea, Stomach pain",9,Specialist Doctor,Pomegranate,Excessive caffeine,Light stretching,N/A - Prescription Required,Severity is high. Automatic recommendation disabled to ensure safety. Consult a doctor.,0,Saltwater gargles for throat infection.,Rubbing heavy salt on rashes.
456,Dehydration (Variant 456),General,"Body ache, Fever, Nausea",6,Specialist Doctor,Papaya,Spicy street food,Anulom Vilom,N/A - Prescription Required,Severity is high. Automatic recommendation disabled to ensure safety. Consult a doctor.,0,Ginger and honey tea for sore throat.,Putting onions in armpits to reduce fever.
457,Fungal Infection (Variant 457),Skin,"Fever, Fatigue, Headache",1,General Physician,Moong Dal Khichdi,Deep-fried pakoras,Yoga (Pranayama),Ibuprofen,Standard OTC Ibuprofen for symptomatic relief.,650,Coconut water for rehydration.,Using battery acid for skin patches.
458,Heat Stroke (Variant 458),General,"Vomiting, Body ache, Cough",10,Specialist Doctor,Curd rice,Excessive caffeine,Yoga (Pranayama),N/A - Prescription Required,Severity is high. Automatic recommendation disabled to ensure safety. Consult a doctor.,0,Ginger and honey tea for sore throat.,Applying Colgate/toothpaste on burns (causes infection).
459,Eczema (Variant 459),Skin,"Body ache, Nausea, Fever",6,Specialist Doctor,Papaya,Cold drinks,Yoga (Pranayama),N/A - Prescription Required,Severity is high. Automatic recommendation disabled to ensure safety. Consult a doctor.,0,Saltwater gargles for throat infection.,Putting oil or ghee on open wounds.
460,Gastritis (Variant 460),Gastrointestinal,"Headache, Fatigue, Fever",4,General Physician,Papaya,Excessive caffeine,Anulom Vilom,Paracetamol,Standard OTC Paracetamol for symptomatic relief.,500,Ginger and honey tea for sore throat.,Applying Colgate/toothpaste on burns (causes infection).
461,Bronchitis (Variant 461),Respiratory,"Cough, Body ache, Fatigue",5,General Physician,Papaya,Spicy street food,Complete Bed Rest,Paracetamol,Standard OTC Paracetamol for symptomatic relief.,250,Warm turmeric milk (Haldi Doodh) for immunity.,Using battery acid for skin patches.
462,Heat Stroke (Variant 462),General,"Fatigue, Headache, Body ache",4,General Physician,Moong Dal Khichdi,Cold drinks,Yoga (Pranayama),Ibuprofen,Standard OTC Ibuprofen for symptomatic relief.,500,Jeera water for digestion.,Rubbing heavy salt on rashes.
463,Sunburn (Variant 463),Skin,"Itching, Vomiting, Headache",7,Specialist Doctor,Boiled vegetables,Raw salads (if infectious),Anulom Vilom,N/A - Prescription Required,Severity is high. Automatic recommendation disabled to ensure safety. Consult a doctor.,0,Jeera water for digestion.,Putting onions in armpits to reduce fever.
464,Common Cold (Variant 464),Infectious,"Fatigue, Fever, Vomiting",3,General Physician,Moong Dal Khichdi,Spicy street food,Brisk walking,Ibuprofen,Standard OTC Ibuprofen for symptomatic relief.,250,Saltwater gargles for throat infection.,Putting oil or ghee on open wounds.
465,Acne (Variant 465),Skin,"Nausea, Fatigue, Stomach pain",9,Specialist Doctor,Boiled vegetables,Raw salads (if infectious),Brisk walking,N/A - Prescription Required,Severity is high. Automatic recommendation disabled to ensure safety. Consult a doctor.,0,Coconut water for rehydration.,Putting oil or ghee on open wounds.
466,Heat Rash (Variant 466),Skin,"Stomach pain, Itching, Nausea",3,General Physician,Boiled vegetables,Deep-fried pakoras,Brisk walking,Paracetamol,Standard OTC Paracetamol for symptomatic relief.,250,Jeera water for digestion.,Putting oil or ghee on open wounds.
467,Vitamin D Deficiency (Variant 467),General,"Fever, Vomiting, Nausea",10,Specialist Doctor,Papaya,Cold drinks,Complete Bed Rest,N/A - Prescription Required,Severity is high. Automatic recommendation disabled to ensure safety. Consult a doctor.,0,Saltwater gargles for throat infection.,Rubbing heavy salt on rashes.
468,Dengue (Variant 468),Infectious,"Vomiting, Body ache, Stomach pain",6,Specialist Doctor,Boiled vegetables,Deep-fried pakoras,Complete Bed Rest,N/A - Prescription Required,Severity is high. Automatic recommendation disabled to ensure safety. Consult a doctor.,0,Saltwater gargles for throat infection.,Putting onions in armpits to reduce fever.
469,Diarrhea (Variant 469),Gastrointestinal,"Itching, Fatigue, Vomiting",8,Specialist Doctor,Moong Dal Khichdi,Deep-fried pakoras,Anulom Vilom,N/A - Prescription Required,Severity is high. Automatic recommendation disabled to ensure safety. Consult a doctor.,0,Ginger and honey tea for sore throat.,Applying Colgate/toothpaste on burns (causes infection).
470,Vitamin D Deficiency (Variant 470),General,"Fatigue, Itching, Vomiting",1,General Physician,Curd rice,Excessive caffeine,Light stretching,Loperamide,Standard OTC Loperamide for symptomatic relief.,500,Warm turmeric milk (Haldi Doodh) for immunity.,Using battery acid for skin patches.
471,Sinusitis (Variant 471),Respiratory,"Fever, Itching, Body ache",4,General Physician,Pomegranate,Deep-fried pakoras,Complete Bed Rest,Omeprazole,Standard OTC Omeprazole for symptomatic relief.,250,Saltwater gargles for throat infection.,Putting oil or ghee on open wounds.
472,Sinusitis (Variant 472),Respiratory,"Vomiting, Itching, Headache",3,General Physician,Moong Dal Khichdi,Raw salads (if infectious),Yoga (Pranayama),Cetirizine,Standard OTC Cetirizine for symptomatic relief.,650,Coconut water for rehydration.,Using battery acid for skin patches.
473,Diarrhea (Variant 473),Gastrointestinal,"Fatigue, Body ache, Headache",3,General Physician,Curd rice,Raw salads (if infectious),Yoga (Pranayama),Loperamide,Standard OTC Loperamide for symptomatic relief.,250,Ginger and honey tea for sore throat.,Putting oil or ghee on open wounds.
474,Fungal Infection (Variant 474),Skin,"Fever, Cough, Vomiting",5,General Physician,Moong Dal Khichdi,Cold drinks,Complete Bed Rest,Omeprazole,Standard OTC Omeprazole for symptomatic relief.,650,Warm turmeric milk (Haldi Doodh) for immunity.,Rubbing heavy salt on rashes.
475,Anemia (Variant 475),General,"Stomach pain, Headache, Vomiting",9,Specialist Doctor,Boiled vegetables,Spicy street food,Brisk walking,N/A - Prescription Required,Severity is high. Automatic recommendation disabled to ensure safety. Consult a doctor.,0,Jeera water for digestion.,Putting onions in armpits to reduce fever.
476,Dehydration (Variant 476),General,"Fatigue, Vomiting, Cough",9,Specialist Doctor,Pomegranate,Spicy street food,Brisk walking,N/A - Prescription Required,Severity is high. Automatic recommendation disabled to ensure safety. Consult a doctor.,0,Warm turmeric milk (Haldi Doodh) for immunity.,Putting oil or ghee on open wounds.
477,Dehydration (Variant 477),General,"Fever, Itching, Headache",2,General Physician,Pomegranate,Spicy street food,Light stretching,Paracetamol,Standard OTC Paracetamol for symptomatic relief.,500,Coconut water for rehydration.,Rubbing heavy salt on rashes.
478,Amoebiasis (Variant 478),Gastrointestinal,"Headache, Fever, Nausea",3,General Physician,Boiled vegetables,Raw salads (if infectious),Anulom Vilom,Paracetamol,Standard OTC Paracetamol for symptomatic relief.,500,Saltwater gargles for throat infection.,Rubbing heavy salt on rashes.
479,Sunburn (Variant 479),Skin,"Body ache, Headache, Vomiting",5,General Physician,Pomegranate,Excessive caffeine,Anulom Vilom,Omeprazole,Standard OTC Omeprazole for symptomatic relief.,250,Saltwater gargles for throat infection.,Rubbing heavy salt on rashes.
480,Malaria (Variant 480),Infectious,"Headache, Body ache, Fatigue",10,Specialist Doctor,Pomegranate,Cold drinks,Anulom Vilom,N/A - Prescription Required,Severity is high. Automatic recommendation disabled to ensure safety. Consult a doctor.,0,Warm turmeric milk (Haldi Doodh) for immunity.,Putting oil or ghee on open wounds.
481,Amoebiasis (Variant 481),Gastrointestinal,"Fever, Cough, Headache",1,General Physician,Papaya,Raw salads (if infectious),Light stretching,Cetirizine,Standard OTC Cetirizine for symptomatic relief.,250,Ginger and honey tea for sore throat.,Applying Colgate/toothpaste on burns (causes infection).
482,Food Poisoning (Variant 482),Gastrointestinal,"Itching, Headache, Cough",6,Specialist Doctor,Boiled vegetables,Cold drinks,Yoga (Pranayama),N/A - Prescription Required,Severity is high. Automatic recommendation disabled to ensure safety. Consult a doctor.,0,Ginger and honey tea for sore throat.,Using battery acid for skin patches.
483,Common Cold (Variant 483),Infectious,"Nausea, Body ache, Fatigue",9,Specialist Doctor,Curd rice,Excessive caffeine,Yoga (Pranayama),N/A - Prescription Required,Severity is high. Automatic recommendation disabled to ensure safety. Consult a doctor.,0,Warm turmeric milk (Haldi Doodh) for immunity.,Applying Colgate/toothpaste on burns (causes infection).
484,Diarrhea (Variant 484),Gastrointestinal,"Body ache, Fever, Headache",6,Specialist Doctor,Moong Dal Khichdi,Spicy street food,Light stretching,N/A - Prescription Required,Severity is high. Automatic recommendation disabled to ensure safety. Consult a doctor.,0,Ginger and honey tea for sore throat.,Putting oil or ghee on open wounds.
485,Dehydration (Variant 485),General,"Fatigue, Vomiting, Cough",8,Specialist Doctor,Pomegranate,Raw salads (if infectious),Complete Bed Rest,N/A - Prescription Required,Severity is high. Automatic recommendation disabled to ensure safety. Consult a doctor.,0,Saltwater gargles for throat infection.,Applying Colgate/toothpaste on burns (causes infection).
486,Typhoid (Variant 486),Infectious,"Body ache, Nausea, Stomach pain",2,General Physician,Moong Dal Khichdi,Spicy street food,Yoga (Pranayama),Paracetamol,Standard OTC Paracetamol for symptomatic relief.,250,Coconut water for rehydration.,Putting oil or ghee on open wounds.
487,Food Poisoning (Variant 487),Gastrointestinal,"Fever, Body ache, Itching",4,General Physician,Moong Dal Khichdi,Raw salads (if infectious),Yoga (Pranayama),Omeprazole,Standard OTC Omeprazole for symptomatic relief.,500,Warm turmeric milk (Haldi Doodh) for immunity.,Applying Colgate/toothpaste on burns (causes infection).
488,Fungal Infection (Variant 488),Skin,"Cough, Vomiting, Nausea",2,General Physician,Boiled vegetables,Spicy street food,Complete Bed Rest,Omeprazole,Standard OTC Omeprazole for symptomatic relief.,650,Ginger and honey tea for sore throat.,Rubbing heavy salt on rashes.
489,Bronchitis (Variant 489),Respiratory,"Cough, Nausea, Headache",8,Specialist Doctor,Papaya,Excessive caffeine,Anulom Vilom,N/A - Prescription Required,Severity is high. Automatic recommendation disabled to ensure safety. Consult a doctor.,0,Warm turmeric milk (Haldi Doodh) for immunity.,Applying Colgate/toothpaste on burns (causes infection).
490,Vitamin D Deficiency (Variant 490),General,"Cough, Vomiting, Fever",1,General Physician,Papaya,Excessive caffeine,Yoga (Pranayama),ORS,Standard OTC ORS for symptomatic relief.,650,Saltwater gargles for throat infection.,Rubbing heavy salt on rashes.
491,Typhoid (Variant 491),Infectious,"Vomiting, Headache, Itching",5,General Physician,Moong Dal Khichdi,Deep-fried pakoras,Anulom Vilom,ORS,Standard OTC ORS for symptomatic relief.,650,Warm turmeric milk (Haldi Doodh) for immunity.,Using battery acid for skin patches.
492,Bronchitis (Variant 492),Respiratory,"Fever, Body ache, Itching",1,General Physician,Papaya,Deep-fried pakoras,Light stretching,Ibuprofen,Standard OTC Ibuprofen for symptomatic relief.,500,Coconut water for rehydration.,Applying Colgate/toothpaste on burns (causes infection).
493,Acne (Variant 493),Skin,"Fever, Nausea, Stomach pain",1,General Physician,Boiled vegetables,Deep-fried pakoras,Brisk walking,Ibuprofen,Standard OTC Ibuprofen for symptomatic relief.,650,Warm turmeric milk (Haldi Doodh) for immunity.,Putting onions in armpits to reduce fever.
494,Dengue (Variant 494),Infectious,"Itching, Fatigue, Body ache",1,General Physician,Pomegranate,Deep-fried pakoras,Light stretching,Paracetamol,Standard OTC Paracetamol for symptomatic relief.,500,Coconut water for rehydration.,Applying Colgate/toothpaste on burns (causes infection).
495,Chickenpox (Variant 495),Infectious,"Cough, Body ache, Itching",9,Specialist Doctor,Papaya,Raw salads (if infectious),Light stretching,N/A - Prescription Required,Severity is high. Automatic recommendation disabled to ensure safety. Consult a doctor.,0,Warm turmeric milk (Haldi Doodh) for immunity.,Putting onions in armpits to reduce fever.
496,Allergic Rhinitis (Variant 496),Respiratory,"Fatigue, Body ache, Headache",3,General Physician,Curd rice,Excessive caffeine,Light stretching,Ibuprofen,Standard OTC Ibuprofen for symptomatic relief.,250,Saltwater gargles for throat infection.,Using battery acid for skin patches.
497,Vitamin D Deficiency (Variant 497),General,"Body ache, Itching, Fever",7,Specialist Doctor,Curd rice,Deep-fried pakoras,Anulom Vilom,N/A - Prescription Required,Severity is high. Automatic recommendation disabled to ensure safety. Consult a doctor.,0,Coconut water for rehydration.,Putting oil or ghee on open wounds.
498,Anemia (Variant 498),General,"Stomach pain, Vomiting, Nausea",9,Specialist Doctor,Pomegranate,Deep-fried pakoras,Complete Bed Rest,N/A - Prescription Required,Severity is high. Automatic recommendation disabled to ensure safety. Consult a doctor.,0,Jeera water for digestion.,Rubbing heavy salt on rashes.
499,Sunburn (Variant 499),Skin,"Nausea, Cough, Itching",1,General Physician,Boiled vegetables,Deep-fried pakoras,Light stretching,ORS,Standard OTC ORS for symptomatic relief.,500,Ginger and honey tea for sore throat.,Putting oil or ghee on open wounds.
500,Eczema (Variant 500),Skin,"Itching, Fatigue, Vomiting",2,General Physician,Boiled vegetables,Excessive caffeine,Brisk walking,Loperamide,Standard OTC Loperamide for symptomatic relief.,250,Coconut water for rehydration.,Putting onions in armpits to reduce fever.
501,Sunburn (Variant 501),Skin,"Nausea, Itching, Vomiting",1,General Physician,Boiled vegetables,Spicy street food,Complete Bed Rest,Paracetamol,Standard OTC Paracetamol for symptomatic relief.,250,Ginger and honey tea for sore throat.,Putting onions in armpits to reduce fever.
502,Dehydration (Variant 502),General,"Cough, Fever, Nausea",8,Specialist Doctor,Moong Dal Khichdi,Excessive caffeine,Anulom Vilom,N/A - Prescription Required,Severity is high. Automatic recommendation disabled to ensure safety. Consult a doctor.,0,Jeera water for digestion.,Putting onions in armpits to reduce fever.
503,Fungal Infection (Variant 503),Skin,"Nausea, Fever, Vomiting",1,General Physician,Papaya,Raw salads (if infectious),Light stretching,Loperamide,Standard OTC Loperamide for symptomatic relief.,250,Coconut water for rehydration.,Putting oil or ghee on open wounds.
504,Allergic Rhinitis (Variant 504),Respiratory,"Body ache, Fever, Cough",1,General Physician,Boiled vegetables,Raw salads (if infectious),Anulom Vilom,ORS,Standard OTC ORS for symptomatic relief.,500,Ginger and honey tea for sore throat.,Putting onions in armpits to reduce fever.
505,Diarrhea (Variant 505),Gastrointestinal,"Itching, Fatigue, Body ache",10,Specialist Doctor,Boiled vegetables,Raw salads (if infectious),Complete Bed Rest,N/A - Prescription Required,Severity is high. Automatic recommendation disabled to ensure safety. Consult a doctor.,0,Warm turmeric milk (Haldi Doodh) for immunity.,Applying Colgate/toothpaste on burns (causes infection).
506,Allergic Rhinitis (Variant 506),Respiratory,"Fatigue, Cough, Fever",5,General Physician,Boiled vegetables,Deep-fried pakoras,Brisk walking,ORS,Standard OTC ORS for symptomatic relief.,500,Coconut water for rehydration.,Putting onions in armpits to reduce fever.
507,Amoebiasis (Variant 507),Gastrointestinal,"Fatigue, Itching, Cough",6,Specialist Doctor,Moong Dal Khichdi,Spicy street food,Anulom Vilom,N/A - Prescription Required,Severity is high. Automatic recommendation disabled to ensure safety. Consult a doctor.,0,Warm turmeric milk (Haldi Doodh) for immunity.,Rubbing heavy salt on rashes.
508,Heat Stroke (Variant 508),General,"Itching, Nausea, Vomiting",7,Specialist Doctor,Curd rice,Cold drinks,Light stretching,N/A - Prescription Required,Severity is high. Automatic recommendation disabled to ensure safety. Consult a doctor.,0,Ginger and honey tea for sore throat.,Applying Colgate/toothpaste on burns (causes infection).
509,Amoebiasis (Variant 509),Gastrointestinal,"Fever, Body ache, Cough",5,General Physician,Pomegranate,Spicy street food,Complete Bed Rest,ORS,Standard OTC ORS for symptomatic relief.,500,Coconut water for rehydration.,Putting onions in armpits to reduce fever.
510,Acne (Variant 510),Skin,"Nausea, Headache, Fever",6,Specialist Doctor,Moong Dal Khichdi,Cold drinks,Brisk walking,N/A - Prescription Required,Severity is high. Automatic recommendation disabled to ensure safety. Consult a doctor.,0,Jeera water for digestion.,Using battery acid for skin patches.
511,Chickenpox (Variant 511),Infectious,"Body ache, Nausea, Headache",10,Specialist Doctor,Papaya,Raw salads (if infectious),Light stretching,N/A - Prescription Required,Severity is high. Automatic recommendation disabled to ensure safety. Consult a doctor.,0,Saltwater gargles for throat infection.,Using battery acid for skin patches.
512,Sunburn (Variant 512),Skin,"Itching, Stomach pain, Cough",2,General Physician,Papaya,Raw salads (if infectious),Anulom Vilom,Cetirizine,Standard OTC Cetirizine for symptomatic relief.,650,Ginger and honey tea for sore throat.,Putting oil or ghee on open wounds.
513,Bronchitis (Variant 513),Respiratory,"Headache, Stomach pain, Body ache",10,Specialist Doctor,Curd rice,Raw salads (if infectious),Light stretching,N/A - Prescription Required,Severity is high. Automatic recommendation disabled to ensure safety. Consult a doctor.,0,Ginger and honey tea for sore throat.,Rubbing heavy salt on rashes.
514,Common Cold (Variant 514),Infectious,"Stomach pain, Nausea, Itching",6,Specialist Doctor,Papaya,Cold drinks,Yoga (Pranayama),N/A - Prescription Required,Severity is high. Automatic recommendation disabled to ensure safety. Consult a doctor.,0,Saltwater gargles for throat infection.,Applying Colgate/toothpaste on burns (causes infection).
515,Acne (Variant 515),Skin,"Stomach pain, Vomiting, Fatigue",1,General Physician,Boiled vegetables,Raw salads (if infectious),Anulom Vilom,Omeprazole,Standard OTC Omeprazole for symptomatic relief.,650,Jeera water for digestion.,Putting oil or ghee on open wounds.
516,Heat Stroke (Variant 516),General,"Nausea, Itching, Vomiting",8,Specialist Doctor,Curd rice,Spicy street food,Brisk walking,N/A - Prescription Required,Severity is high. Automatic recommendation disabled to ensure safety. Consult a doctor.,0,Saltwater gargles for throat infection.,Putting onions in armpits to reduce fever.
517,Heat Rash (Variant 517),Skin,"Itching, Headache, Vomiting",3,General Physician,Pomegranate,Excessive caffeine,Light stretching,ORS,Standard OTC ORS for symptomatic relief.,650,Saltwater gargles for throat infection.,Using battery acid for skin patches.
518,Bronchitis (Variant 518),Respiratory,"Fever, Fatigue, Cough",2,General Physician,Moong Dal Khichdi,Deep-fried pakoras,Brisk walking,Ibuprofen,Standard OTC Ibuprofen for symptomatic relief.,250,Ginger and honey tea for sore throat.,Applying Colgate/toothpaste on burns (causes infection).
519,Common Cold (Variant 519),Infectious,"Fever, Body ache, Fatigue",3,General Physician,Moong Dal Khichdi,Raw salads (if infectious),Light stretching,Loperamide,Standard OTC Loperamide for symptomatic relief.,250,Saltwater gargles for throat infection.,Using battery acid for skin patches.
520,Gastritis (Variant 520),Gastrointestinal,"Itching, Fatigue, Cough",3,General Physician,Papaya,Cold drinks,Light stretching,ORS,Standard OTC ORS for symptomatic relief.,250,Coconut water for rehydration.,Rubbing heavy salt on rashes.
521,Chickenpox (Variant 521),Infectious,"Fatigue, Vomiting, Itching",2,General Physician,Moong Dal Khichdi,Spicy street food,Light stretching,Omeprazole,Standard OTC Omeprazole for symptomatic relief.,650,Saltwater gargles for throat infection.,Putting onions in armpits to reduce fever.
522,Vitamin D Deficiency (Variant 522),General,"Fever, Stomach pain, Nausea",1,General Physician,Papaya,Cold drinks,Yoga (Pranayama),Paracetamol,Standard OTC Paracetamol for symptomatic relief.,650,Jeera water for digestion.,Using battery acid for skin patches.
523,Typhoid (Variant 523),Infectious,"Fever, Stomach pain, Nausea",1,General Physician,Boiled vegetables,Spicy street food,Brisk walking,Omeprazole,Standard OTC Omeprazole for symptomatic relief.,500,Coconut water for rehydration.,Rubbing heavy salt on rashes.
524,Anemia (Variant 524),General,"Stomach pain, Body ache, Cough",2,General Physician,Pomegranate,Excessive caffeine,Anulom Vilom,Cetirizine,Standard OTC Cetirizine for symptomatic relief.,250,Ginger and honey tea for sore throat.,Putting oil or ghee on open wounds.
525,Asthma (Variant 525),Respiratory,"Body ache, Fatigue, Nausea",9,Specialist Doctor,Curd rice,Excessive caffeine,Brisk walking,N/A - Prescription Required,Severity is high. Automatic recommendation disabled to ensure safety. Consult a doctor.,0,Saltwater gargles for throat infection.,Applying Colgate/toothpaste on burns (causes infection).
526,Fungal Infection (Variant 526),Skin,"Body ache, Itching, Fever",5,General Physician,Pomegranate,Cold drinks,Brisk walking,Paracetamol,Standard OTC Paracetamol for symptomatic relief.,250,Saltwater gargles for throat infection.,Using battery acid for skin patches.
527,Eczema (Variant 527),Skin,"Cough, Fever, Headache",7,Specialist Doctor,Moong Dal Khichdi,Raw salads (if infectious),Anulom Vilom,N/A - Prescription Required,Severity is high. Automatic recommendation disabled to ensure safety. Consult a doctor.,0,Jeera water for digestion.,Using battery acid for skin patches.
528,Asthma (Variant 528),Respiratory,"Fever, Cough, Headache",9,Specialist Doctor,Boiled vegetables,Raw salads (if infectious),Brisk walking,N/A - Prescription Required,Severity is high. Automatic recommendation disabled to ensure safety. Consult a doctor.,0,Coconut water for rehydration.,Putting oil or ghee on open wounds.
529,Amoebiasis (Variant 529),Gastrointestinal,"Body ache, Nausea, Headache",9,Specialist Doctor,Pomegranate,Deep-fried pakoras,Complete Bed Rest,N/A - Prescription Required,Severity is high. Automatic recommendation disabled to ensure safety. Consult a doctor.,0,Warm turmeric milk (Haldi Doodh) for immunity.,Putting oil or ghee on open wounds.
530,Heat Rash (Variant 530),Skin,"Itching, Cough, Fever",10,Specialist Doctor,Moong Dal Khichdi,Spicy street food,Yoga (Pranayama),N/A - Prescription Required,Severity is high. Automatic recommendation disabled to ensure safety. Consult a doctor.,0,Coconut water for rehydration.,Using battery acid for skin patches.
531,Sunburn (Variant 531),Skin,"Fatigue, Body ache, Cough",4,General Physician,Moong Dal Khichdi,Spicy street food,Brisk walking,Ibuprofen,Standard OTC Ibuprofen for symptomatic relief.,650,Ginger and honey tea for sore throat.,Applying Colgate/toothpaste on burns (causes infection).
532,Fungal Infection (Variant 532),Skin,"Fever, Fatigue, Itching",5,General Physician,Pomegranate,Excessive caffeine,Anulom Vilom,Omeprazole,Standard OTC Omeprazole for symptomatic relief.,250,Ginger and honey tea for sore throat.,Rubbing heavy salt on rashes.
533,Vitamin D Deficiency (Variant 533),General,"Cough, Fever, Body ache",1,General Physician,Curd rice,Excessive caffeine,Yoga (Pranayama),Ibuprofen,Standard OTC Ibuprofen for symptomatic relief.,250,Ginger and honey tea for sore throat.,Rubbing heavy salt on rashes.
534,Sinusitis (Variant 534),Respiratory,"Cough, Itching, Fatigue",7,Specialist Doctor,Moong Dal Khichdi,Spicy street food,Light stretching,N/A - Prescription Required,Severity is high. Automatic recommendation disabled to ensure safety. Consult a doctor.,0,Jeera water for digestion.,Applying Colgate/toothpaste on burns (causes infection).
535,Malaria (Variant 535),Infectious,"Vomiting, Nausea, Headache",6,Specialist Doctor,Moong Dal Khichdi,Excessive caffeine,Yoga (Pranayama),N/A - Prescription Required,Severity is high. Automatic recommendation disabled to ensure safety. Consult a doctor.,0,Saltwater gargles for throat infection.,Applying Colgate/toothpaste on burns (causes infection).
536,Sinusitis (Variant 536),Respiratory,"Headache, Nausea, Vomiting",7,Specialist Doctor,Pomegranate,Excessive caffeine,Light stretching,N/A - Prescription Required,Severity is high. Automatic recommendation disabled to ensure safety. Consult a doctor.,0,Ginger and honey tea for sore throat.,Rubbing heavy salt on rashes.
537,Amoebiasis (Variant 537),Gastrointestinal,"Itching, Nausea, Fever",9,Specialist Doctor,Moong Dal Khichdi,Cold drinks,Anulom Vilom,N/A - Prescription Required,Severity is high. Automatic recommendation disabled to ensure safety. Consult a doctor.,0,Saltwater gargles for throat infection.,Rubbing heavy salt on rashes.
538,Gastritis (Variant 538),Gastrointestinal,"Body ache, Headache, Stomach pain",1,General Physician,Curd rice,Excessive caffeine,Complete Bed Rest,Ibuprofen,Standard OTC Ibuprofen for symptomatic relief.,250,Ginger and honey tea for sore throat.,Putting onions in armpits to reduce fever.
539,Typhoid (Variant 539),Infectious,"Fatigue, Nausea, Stomach pain",5,General Physician,Curd rice,Spicy street food,Complete Bed Rest,Ibuprofen,Standard OTC Ibuprofen for symptomatic relief.,250,Ginger and honey tea for sore throat.,Putting onions in armpits to reduce fever.
540,Allergic Rhinitis (Variant 540),Respiratory,"Itching, Headache, Stomach pain",7,Specialist Doctor,Pomegranate,Cold drinks,Anulom Vilom,N/A - Prescription Required,Severity is high. Automatic recommendation disabled to ensure safety. Consult a doctor.,0,Ginger and honey tea for sore throat.,Applying Colgate/toothpaste on burns (causes infection).
541,Eczema (Variant 541),Skin,"Body ache, Stomach pain, Itching",1,General Physician,Curd rice,Excessive caffeine,Anulom Vilom,Loperamide,Standard OTC Loperamide for symptomatic relief.,650,Jeera water for digestion.,Applying Colgate/toothpaste on burns (causes infection).
542,Influenza (Variant 542),Infectious,"Cough, Stomach pain, Fever",5,General Physician,Papaya,Deep-fried pakoras,Anulom Vilom,Loperamide,Standard OTC Loperamide for symptomatic relief.,650,Jeera water for digestion.,Putting oil or ghee on open wounds.
543,Common Cold (Variant 543),Infectious,"Fatigue, Body ache, Vomiting",7,Specialist Doctor,Boiled vegetables,Raw salads (if infectious),Light stretching,N/A - Prescription Required,Severity is high. Automatic recommendation disabled to ensure safety. Consult a doctor.,0,Ginger and honey tea for sore throat.,Using battery acid for skin patches.
544,Acidity (Variant 544),Gastrointestinal,"Vomiting, Nausea, Cough",9,Specialist Doctor,Moong Dal Khichdi,Excessive caffeine,Anulom Vilom,N/A - Prescription Required,Severity is high. Automatic recommendation disabled to ensure safety. Consult a doctor.,0,Jeera water for digestion.,Rubbing heavy salt on rashes.
545,Heat Rash (Variant 545),Skin,"Fever, Nausea, Vomiting",7,Specialist Doctor,Papaya,Cold drinks,Complete Bed Rest,N/A - Prescription Required,Severity is high. Automatic recommendation disabled to ensure safety. Consult a doctor.,0,Ginger and honey tea for sore throat.,Using battery acid for skin patches.
546,Allergic Rhinitis (Variant 546),Respiratory,"Body ache, Fatigue, Headache",7,Specialist Doctor,Curd rice,Raw salads (if infectious),Brisk walking,N/A - Prescription Required,Severity is high. Automatic recommendation disabled to ensure safety. Consult a doctor.,0,Ginger and honey tea for sore throat.,Putting oil or ghee on open wounds.
547,Sunburn (Variant 547),Skin,"Itching, Fever, Nausea",8,Specialist Doctor,Curd rice,Cold drinks,Anulom Vilom,N/A - Prescription Required,Severity is high. Automatic recommendation disabled to ensure safety. Consult a doctor.,0,Warm turmeric milk (Haldi Doodh) for immunity.,Putting oil or ghee on open wounds.
548,Heat Rash (Variant 548),Skin,"Fever, Itching, Nausea",6,Specialist Doctor,Curd rice,Raw salads (if infectious),Light stretching,N/A - Prescription Required,Severity is high. Automatic recommendation disabled to ensure safety. Consult a doctor.,0,Jeera water for digestion.,Putting oil or ghee on open wounds.
549,Heat Stroke (Variant 549),General,"Vomiting, Cough, Itching",10,Specialist Doctor,Pomegranate,Excessive caffeine,Yoga (Pranayama),N/A - Prescription Required,Severity is high. Automatic recommendation disabled to ensure safety. Consult a doctor.,0,Warm turmeric milk (Haldi Doodh) for immunity.,Using battery acid for skin patches.
550,Dehydration (Variant 550),General,"Body ache, Cough, Nausea",10,Specialist Doctor,Boiled vegetables,Deep-fried pakoras,Anulom Vilom,N/A - Prescription Required,Severity is high. Automatic recommendation disabled to ensure safety. Consult a doctor.,0,Warm turmeric milk (Haldi Doodh) for immunity.,Using battery acid for skin patches.
551,Bronchitis (Variant 551),Respiratory,"Body ache, Headache, Nausea",7,Specialist Doctor,Moong Dal Khichdi,Excessive caffeine,Light stretching,N/A - Prescription Required,Severity is high. Automatic recommendation disabled to ensure safety. Consult a doctor.,0,Jeera water for digestion.,Putting onions in armpits to reduce fever.
552,Fungal Infection (Variant 552),Skin,"Nausea, Fatigue, Vomiting",4,General Physician,Curd rice,Excessive caffeine,Light stretching,Loperamide,Standard OTC Loperamide for symptomatic relief.,650,Ginger and honey tea for sore throat.,Applying Colgate/toothpaste on burns (causes infection).
553,Typhoid (Variant 553),Infectious,"Fatigue, Body ache, Cough",7,Specialist Doctor,Boiled vegetables,Excessive caffeine,Complete Bed Rest,N/A - Prescription Required,Severity is high. Automatic recommendation disabled to ensure safety. Consult a doctor.,0,Saltwater gargles for throat infection.,Using battery acid for skin patches.
554,Allergic Rhinitis (Variant 554),Respiratory,"Nausea, Body ache, Cough",6,Specialist Doctor,Pomegranate,Raw salads (if infectious),Anulom Vilom,N/A - Prescription Required,Severity is high. Automatic recommendation disabled to ensure safety. Consult a doctor.,0,Saltwater gargles for throat infection.,Rubbing heavy salt on rashes.
555,Dehydration (Variant 555),General,"Itching, Headache, Body ache",5,General Physician,Papaya,Raw salads (if infectious),Complete Bed Rest,Paracetamol,Standard OTC Paracetamol for symptomatic relief.,250,Jeera water for digestion.,Rubbing heavy salt on rashes.
556,Typhoid (Variant 556),Infectious,"Headache, Fatigue, Vomiting",5,General Physician,Papaya,Excessive caffeine,Yoga (Pranayama),Ibuprofen,Standard OTC Ibuprofen for symptomatic relief.,650,Warm turmeric milk (Haldi Doodh) for immunity.,Putting oil or ghee on open wounds.
557,Sinusitis (Variant 557),Respiratory,"Vomiting, Itching, Fever",6,Specialist Doctor,Moong Dal Khichdi,Raw salads (if infectious),Anulom Vilom,N/A - Prescription Required,Severity is high. Automatic recommendation disabled to ensure safety. Consult a doctor.,0,Saltwater gargles for throat infection.,Rubbing heavy salt on rashes.
558,Diarrhea (Variant 558),Gastrointestinal,"Cough, Headache, Vomiting",4,General Physician,Pomegranate,Deep-fried pakoras,Light stretching,Ibuprofen,Standard OTC Ibuprofen for symptomatic relief.,500,Saltwater gargles for throat infection.,Using battery acid for skin patches.
559,Amoebiasis (Variant 559),Gastrointestinal,"Nausea, Stomach pain, Headache",2,General Physician,Pomegranate,Spicy street food,Light stretching,Ibuprofen,Standard OTC Ibuprofen for symptomatic relief.,500,Saltwater gargles for throat infection.,Using battery acid for skin patches.
560,Malaria (Variant 560),Infectious,"Fever, Cough, Headache",8,Specialist Doctor,Papaya,Excessive caffeine,Complete Bed Rest,N/A - Prescription Required,Severity is high. Automatic recommendation disabled to ensure safety. Consult a doctor.,0,Ginger and honey tea for sore throat.,Using battery acid for skin patches.
561,Vitamin D Deficiency (Variant 561),General,"Cough, Vomiting, Headache",6,Specialist Doctor,Pomegranate,Deep-fried pakoras,Anulom Vilom,N/A - Prescription Required,Severity is high. Automatic recommendation disabled to ensure safety. Consult a doctor.,0,Jeera water for digestion.,Putting oil or ghee on open wounds.
562,Sinusitis (Variant 562),Respiratory,"Cough, Nausea, Headache",4,General Physician,Moong Dal Khichdi,Cold drinks,Complete Bed Rest,Paracetamol,Standard OTC Paracetamol for symptomatic relief.,650,Jeera water for digestion.,Using battery acid for skin patches.
563,Asthma (Variant 563),Respiratory,"Body ache, Fatigue, Vomiting",2,General Physician,Moong Dal Khichdi,Deep-fried pakoras,Complete Bed Rest,ORS,Standard OTC ORS for symptomatic relief.,250,Saltwater gargles for throat infection.,Using battery acid for skin patches.
564,Diarrhea (Variant 564),Gastrointestinal,"Body ache, Fatigue, Headache",1,General Physician,Curd rice,Cold drinks,Brisk walking,Paracetamol,Standard OTC Paracetamol for symptomatic relief.,650,Warm turmeric milk (Haldi Doodh) for immunity.,Rubbing heavy salt on rashes.
565,Sunburn (Variant 565),Skin,"Itching, Body ache, Fever",7,Specialist Doctor,Pomegranate,Cold drinks,Yoga (Pranayama),N/A - Prescription Required,Severity is high. Automatic recommendation disabled to ensure safety. Consult a doctor.,0,Jeera water for digestion.,Putting onions in armpits to reduce fever.
566,Diarrhea (Variant 566),Gastrointestinal,"Nausea, Headache, Itching",9,Specialist Doctor,Curd rice,Deep-fried pakoras,Complete Bed Rest,N/A - Prescription Required,Severity is high. Automatic recommendation disabled to ensure safety. Consult a doctor.,0,Warm turmeric milk (Haldi Doodh) for immunity.,Applying Colgate/toothpaste on burns (causes infection).
567,Food Poisoning (Variant 567),Gastrointestinal,"Fever, Cough, Itching",1,General Physician,Papaya,Deep-fried pakoras,Anulom Vilom,Ibuprofen,Standard OTC Ibuprofen for symptomatic relief.,500,Coconut water for rehydration.,Putting onions in armpits to reduce fever.
568,Allergic Rhinitis (Variant 568),Respiratory,"Nausea, Headache, Stomach pain",2,General Physician,Curd rice,Deep-fried pakoras,Brisk walking,Loperamide,Standard OTC Loperamide for symptomatic relief.,500,Coconut water for rehydration.,Applying Colgate/toothpaste on burns (causes infection).
569,Food Poisoning (Variant 569),Gastrointestinal,"Nausea, Cough, Fever",4,General Physician,Moong Dal Khichdi,Spicy street food,Brisk walking,ORS,Standard OTC ORS for symptomatic relief.,500,Jeera water for digestion.,Rubbing heavy salt on rashes.
570,Allergic Rhinitis (Variant 570),Respiratory,"Vomiting, Itching, Fatigue",2,General Physician,Boiled vegetables,Raw salads (if infectious),Light stretching,Paracetamol,Standard OTC Paracetamol for symptomatic relief.,500,Jeera water for digestion.,Putting oil or ghee on open wounds.
571,Allergic Rhinitis (Variant 571),Respiratory,"Body ache, Nausea, Stomach pain",6,Specialist Doctor,Pomegranate,Spicy street food,Light stretching,N/A - Prescription Required,Severity is high. Automatic recommendation disabled to ensure safety. Consult a doctor.,0,Coconut water for rehydration.,Rubbing heavy salt on rashes.
572,Anemia (Variant 572),General,"Cough, Itching, Stomach pain",9,Specialist Doctor,Moong Dal Khichdi,Cold drinks,Brisk walking,N/A - Prescription Required,Severity is high. Automatic recommendation disabled to ensure safety. Consult a doctor.,0,Warm turmeric milk (Haldi Doodh) for immunity.,Putting onions in armpits to reduce fever.
573,Acidity (Variant 573),Gastrointestinal,"Fatigue, Vomiting, Nausea",9,Specialist Doctor,Curd rice,Cold drinks,Yoga (Pranayama),N/A - Prescription Required,Severity is high. Automatic recommendation disabled to ensure safety. Consult a doctor.,0,Saltwater gargles for throat infection.,Applying Colgate/toothpaste on burns (causes infection).
574,Amoebiasis (Variant 574),Gastrointestinal,"Stomach pain, Nausea, Itching",6,Specialist Doctor,Boiled vegetables,Deep-fried pakoras,Complete Bed Rest,N/A - Prescription Required,Severity is high. Automatic recommendation disabled to ensure safety. Consult a doctor.,0,Coconut water for rehydration.,Putting oil or ghee on open wounds.
575,Dengue (Variant 575),Infectious,"Headache, Fatigue, Itching",7,Specialist Doctor,Papaya,Spicy street food,Light stretching,N/A - Prescription Required,Severity is high. Automatic recommendation disabled to ensure safety. Consult a doctor.,0,Jeera water for digestion.,Putting onions in armpits to reduce fever.
576,Chickenpox (Variant 576),Infectious,"Cough, Stomach pain, Nausea",4,General Physician,Pomegranate,Spicy street food,Brisk walking,Omeprazole,Standard OTC Omeprazole for symptomatic relief.,650,Warm turmeric milk (Haldi Doodh) for immunity.,Rubbing heavy salt on rashes.
577,Gastritis (Variant 577),Gastrointestinal,"Nausea, Fatigue, Body ache",8,Specialist Doctor,Moong Dal Khichdi,Spicy street food,Brisk walking,N/A - Prescription Required,Severity is high. Automatic recommendation disabled to ensure safety. Consult a doctor.,0,Warm turmeric milk (Haldi Doodh) for immunity.,Using battery acid for skin patches.
578,Typhoid (Variant 578),Infectious,"Itching, Fever, Vomiting",10,Specialist Doctor,Boiled vegetables,Cold drinks,Light stretching,N/A - Prescription Required,Severity is high. Automatic recommendation disabled to ensure safety. Consult a doctor.,0,Ginger and honey tea for sore throat.,Rubbing heavy salt on rashes.
579,Heat Rash (Variant 579),Skin,"Nausea, Fever, Headache",1,General Physician,Moong Dal Khichdi,Deep-fried pakoras,Complete Bed Rest,Ibuprofen,Standard OTC Ibuprofen for symptomatic relief.,500,Coconut water for rehydration.,Rubbing heavy salt on rashes.
580,Sunburn (Variant 580),Skin,"Itching, Stomach pain, Body ache",5,General Physician,Pomegranate,Raw salads (if infectious),Brisk walking,Loperamide,Standard OTC Loperamide for symptomatic relief.,500,Warm turmeric milk (Haldi Doodh) for immunity.,Applying Colgate/toothpaste on burns (causes infection).
581,Fungal Infection (Variant 581),Skin,"Fever, Headache, Nausea",7,Specialist Doctor,Moong Dal Khichdi,Excessive caffeine,Brisk walking,N/A - Prescription Required,Severity is high. Automatic recommendation disabled to ensure safety. Consult a doctor.,0,Jeera water for digestion.,Putting oil or ghee on open wounds.
582,Dehydration (Variant 582),General,"Fatigue, Body ache, Fever",1,General Physician,Moong Dal Khichdi,Deep-fried pakoras,Yoga (Pranayama),Paracetamol,Standard OTC Paracetamol for symptomatic relief.,500,Ginger and honey tea for sore throat.,Putting oil or ghee on open wounds.
583,Allergic Rhinitis (Variant 583),Respiratory,"Fatigue, Nausea, Cough",3,General Physician,Moong Dal Khichdi,Raw salads (if infectious),Light stretching,ORS,Standard OTC ORS for symptomatic relief.,650,Warm turmeric milk (Haldi Doodh) for immunity.,Putting oil or ghee on open wounds.
584,Acidity (Variant 584),Gastrointestinal,"Itching, Body ache, Nausea",10,Specialist Doctor,Curd rice,Raw salads (if infectious),Complete Bed Rest,N/A - Prescription Required,Severity is high. Automatic recommendation disabled to ensure safety. Consult a doctor.,0,Jeera water for digestion.,Putting oil or ghee on open wounds.
585,Dehydration (Variant 585),General,"Body ache, Itching, Cough",8,Specialist Doctor,Pomegranate,Deep-fried pakoras,Light stretching,N/A - Prescription Required,Severity is high. Automatic recommendation disabled to ensure safety. Consult a doctor.,0,Warm turmeric milk (Haldi Doodh) for immunity.,Putting onions in armpits to reduce fever.
586,Asthma (Variant 586),Respiratory,"Stomach pain, Itching, Cough",8,Specialist Doctor,Pomegranate,Deep-fried pakoras,Light stretching,N/A - Prescription Required,Severity is high. Automatic recommendation disabled to ensure safety. Consult a doctor.,0,Jeera water for digestion.,Putting oil or ghee on open wounds.
587,Dehydration (Variant 587),General,"Fever, Headache, Itching",1,General Physician,Moong Dal Khichdi,Spicy street food,Complete Bed Rest,Loperamide,Standard OTC Loperamide for symptomatic relief.,500,Jeera water for digestion.,Using battery acid for skin patches.
588,Bronchitis (Variant 588),Respiratory,"Fatigue, Itching, Fever",8,Specialist Doctor,Papaya,Cold drinks,Complete Bed Rest,N/A - Prescription Required,Severity is high. Automatic recommendation disabled to ensure safety. Consult a doctor.,0,Warm turmeric milk (Haldi Doodh) for immunity.,Rubbing heavy salt on rashes.
589,Diarrhea (Variant 589),Gastrointestinal,"Itching, Fever, Cough",3,General Physician,Boiled vegetables,Cold drinks,Anulom Vilom,Paracetamol,Standard OTC Paracetamol for symptomatic relief.,250,Saltwater gargles for throat infection.,Putting onions in armpits to reduce fever.
590,Dehydration (Variant 590),General,"Nausea, Stomach pain, Headache",8,Specialist Doctor,Boiled vegetables,Cold drinks,Brisk walking,N/A - Prescription Required,Severity is high. Automatic recommendation disabled to ensure safety. Consult a doctor.,0,Jeera water for digestion.,Rubbing heavy salt on rashes.
591,Gastritis (Variant 591),Gastrointestinal,"Headache, Stomach pain, Vomiting",7,Specialist Doctor,Pomegranate,Raw salads (if infectious),Anulom Vilom,N/A - Prescription Required,Severity is high. Automatic recommendation disabled to ensure safety. Consult a doctor.,0,Saltwater gargles for throat infection.,Applying Colgate/toothpaste on burns (causes infection).
592,Anemia (Variant 592),General,"Nausea, Itching, Cough",8,Specialist Doctor,Curd rice,Deep-fried pakoras,Light stretching,N/A - Prescription Required,Severity is high. Automatic recommendation disabled to ensure safety. Consult a doctor.,0,Ginger and honey tea for sore throat.,Putting oil or ghee on open wounds.
593,Typhoid (Variant 593),Infectious,"Fever, Stomach pain, Nausea",6,Specialist Doctor,Papaya,Excessive caffeine,Brisk walking,N/A - Prescription Required,Severity is high. Automatic recommendation disabled to ensure safety. Consult a doctor.,0,Saltwater gargles for throat infection.,Applying Colgate/toothpaste on burns (causes infection).
594,Diarrhea (Variant 594),Gastrointestinal,"Cough, Vomiting, Stomach pain",4,General Physician,Curd rice,Spicy street food,Anulom Vilom,Ibuprofen,Standard OTC Ibuprofen for symptomatic relief.,250,Coconut water for rehydration.,Putting onions in armpits to reduce fever.
595,Malaria (Variant 595),Infectious,"Fever, Cough, Stomach pain",4,General Physician,Curd rice,Raw salads (if infectious),Complete Bed Rest,Loperamide,Standard OTC Loperamide for symptomatic relief.,500,Ginger and honey tea for sore throat.,Using battery acid for skin patches.
596,Malaria (Variant 596),Infectious,"Nausea, Itching, Cough",6,Specialist Doctor,Papaya,Cold drinks,Yoga (Pranayama),N/A - Prescription Required,Severity is high. Automatic recommendation disabled to ensure safety. Consult a doctor.,0,Saltwater gargles for throat infection.,Rubbing heavy salt on rashes.
597,Anemia (Variant 597),General,"Headache, Vomiting, Nausea",6,Specialist Doctor,Curd rice,Deep-fried pakoras,Light stretching,N/A - Prescription Required,Severity is high. Automatic recommendation disabled to ensure safety. Consult a doctor.,0,Warm turmeric milk (Haldi Doodh) for immunity.,Using battery acid for skin patches.
598,Food Poisoning (Variant 598),Gastrointestinal,"Itching, Fatigue, Headache",1,General Physician,Moong Dal Khichdi,Spicy street food,Light stretching,Loperamide,Standard OTC Loperamide for symptomatic relief.,650,Coconut water for rehydration.,Using battery acid for skin patches.
599,Fungal Infection (Variant 599),Skin,"Headache, Vomiting, Stomach pain",3,General Physician,Papaya,Spicy street food,Brisk walking,Ibuprofen,Standard OTC Ibuprofen for symptomatic relief.,500,Ginger and honey tea for sore throat.,Rubbing heavy salt on rashes.
600,Chickenpox (Variant 600),Infectious,"Body ache, Itching, Vomiting",1,General Physician,Boiled vegetables,Spicy street food,Brisk walking,Cetirizine,Standard OTC Cetirizine for symptomatic relief.,500,Warm turmeric milk (Haldi Doodh) for immunity.,Putting oil or ghee on open wounds.
601,Bronchitis (Variant 601),Respiratory,"Body ache, Cough, Headache",10,Specialist Doctor,Boiled vegetables,Deep-fried pakoras,Yoga (Pranayama),N/A - Prescription Required,Severity is high. Automatic recommendation disabled to ensure safety. Consult a doctor.,0,Jeera water for digestion.,Applying Colgate/toothpaste on burns (causes infection).
602,Influenza (Variant 602),Infectious,"Headache, Stomach pain, Body ache",1,General Physician,Curd rice,Cold drinks,Brisk walking,Paracetamol,Standard OTC Paracetamol for symptomatic relief.,250,Jeera water for digestion.,Putting oil or ghee on open wounds.
603,Asthma (Variant 603),Respiratory,"Itching, Cough, Stomach pain",5,General Physician,Papaya,Deep-fried pakoras,Brisk walking,ORS,Standard OTC ORS for symptomatic relief.,250,Jeera water for digestion.,Putting onions in armpits to reduce fever.
604,Acne (Variant 604),Skin,"Stomach pain, Itching, Body ache",4,General Physician,Boiled vegetables,Spicy street food,Light stretching,ORS,Standard OTC ORS for symptomatic relief.,650,Coconut water for rehydration.,Putting onions in armpits to reduce fever.
605,Sunburn (Variant 605),Skin,"Fatigue, Fever, Vomiting",8,Specialist Doctor,Curd rice,Cold drinks,Brisk walking,N/A - Prescription Required,Severity is high. Automatic recommendation disabled to ensure safety. Consult a doctor.,0,Saltwater gargles for throat infection.,Putting oil or ghee on open wounds.
606,Malaria (Variant 606),Infectious,"Headache, Fever, Nausea",8,Specialist Doctor,Curd rice,Raw salads (if infectious),Brisk walking,N/A - Prescription Required,Severity is high. Automatic recommendation disabled to ensure safety. Consult a doctor.,0,Saltwater gargles for throat infection.,Putting onions in armpits to reduce fever.
607,Diarrhea (Variant 607),Gastrointestinal,"Itching, Fatigue, Cough",1,General Physician,Pomegranate,Deep-fried pakoras,Brisk walking,Ibuprofen,Standard OTC Ibuprofen for symptomatic relief.,650,Coconut water for rehydration.,Putting oil or ghee on open wounds.
608,Amoebiasis (Variant 608),Gastrointestinal,"Fever, Headache, Fatigue",9,Specialist Doctor,Papaya,Raw salads (if infectious),Brisk walking,N/A - Prescription Required,Severity is high. Automatic recommendation disabled to ensure safety. Consult a doctor.,0,Coconut water for rehydration.,Putting oil or ghee on open wounds.
609,Heat Rash (Variant 609),Skin,"Nausea, Itching, Fatigue",6,Specialist Doctor,Boiled vegetables,Cold drinks,Anulom Vilom,N/A - Prescription Required,Severity is high. Automatic recommendation disabled to ensure safety. Consult a doctor.,0,Coconut water for rehydration.,Using battery acid for skin patches.
610,Dengue (Variant 610),Infectious,"Body ache, Stomach pain, Vomiting",7,Specialist Doctor,Boiled vegetables,Cold drinks,Brisk walking,N/A - Prescription Required,Severity is high. Automatic recommendation disabled to ensure safety. Consult a doctor.,0,Coconut water for rehydration.,Putting onions in armpits to reduce fever.
611,Chickenpox (Variant 611),Infectious,"Headache, Itching, Vomiting",2,General Physician,Curd rice,Excessive caffeine,Anulom Vilom,Cetirizine,Standard OTC Cetirizine for symptomatic relief.,500,Ginger and honey tea for sore throat.,Putting onions in armpits to reduce fever.
612,Acidity (Variant 612),Gastrointestinal,"Vomiting, Fatigue, Body ache",1,General Physician,Boiled vegetables,Excessive caffeine,Complete Bed Rest,ORS,Standard OTC ORS for symptomatic relief.,500,Jeera water for digestion.,Putting onions in armpits to reduce fever.
613,Anemia (Variant 613),General,"Stomach pain, Vomiting, Cough",4,General Physician,Papaya,Deep-fried pakoras,Complete Bed Rest,Loperamide,Standard OTC Loperamide for symptomatic relief.,250,Jeera water for digestion.,Applying Colgate/toothpaste on burns (causes infection).
614,Allergic Rhinitis (Variant 614),Respiratory,"Body ache, Nausea, Vomiting",2,General Physician,Boiled vegetables,Cold drinks,Complete Bed Rest,Cetirizine,Standard OTC Cetirizine for symptomatic relief.,250,Saltwater gargles for throat infection.,Putting onions in armpits to reduce fever.
615,Asthma (Variant 615),Respiratory,"Itching, Nausea, Vomiting",6,Specialist Doctor,Curd rice,Raw salads (if infectious),Anulom Vilom,N/A - Prescription Required,Severity is high. Automatic recommendation disabled to ensure safety. Consult a doctor.,0,Saltwater gargles for throat infection.,Putting onions in armpits to reduce fever.
616,Dehydration (Variant 616),General,"Itching, Headache, Body ache",3,General Physician,Pomegranate,Excessive caffeine,Brisk walking,Ibuprofen,Standard OTC Ibuprofen for symptomatic relief.,650,Warm turmeric milk (Haldi Doodh) for immunity.,Putting onions in armpits to reduce fever.
617,Sinusitis (Variant 617),Respiratory,"Itching, Stomach pain, Headache",4,General Physician,Curd rice,Raw salads (if infectious),Brisk walking,Paracetamol,Standard OTC Paracetamol for symptomatic relief.,250,Saltwater gargles for throat infection.,Putting oil or ghee on open wounds.
618,Common Cold (Variant 618),Infectious,"Vomiting, Itching, Fatigue",9,Specialist Doctor,Papaya,Cold drinks,Yoga (Pranayama),N/A - Prescription Required,Severity is high. Automatic recommendation disabled to ensure safety. Consult a doctor.,0,Jeera water for digestion.,Applying Colgate/toothpaste on burns (causes infection).
619,Influenza (Variant 619),Infectious,"Stomach pain, Fever, Nausea",10,Specialist Doctor,Boiled vegetables,Excessive caffeine,Light stretching,N/A - Prescription Required,Severity is high. Automatic recommendation disabled to ensure safety. Consult a doctor.,0,Coconut water for rehydration.,Putting onions in armpits to reduce fever.
620,Fungal Infection (Variant 620),Skin,"Itching, Fever, Nausea",3,General Physician,Pomegranate,Raw salads (if infectious),Complete Bed Rest,Omeprazole,Standard OTC Omeprazole for symptomatic relief.,250,Coconut water for rehydration.,Putting onions in armpits to reduce fever.
621,Acidity (Variant 621),Gastrointestinal,"Headache, Body ache, Fever",8,Specialist Doctor,Moong Dal Khichdi,Deep-fried pakoras,Anulom Vilom,N/A - Prescription Required,Severity is high. Automatic recommendation disabled to ensure safety. Consult a doctor.,0,Ginger and honey tea for sore throat.,Applying Colgate/toothpaste on burns (causes infection).
622,Acne (Variant 622),Skin,"Itching, Vomiting, Body ache",6,Specialist Doctor,Curd rice,Raw salads (if infectious),Complete Bed Rest,N/A - Prescription Required,Severity is high. Automatic recommendation disabled to ensure safety. Consult a doctor.,0,Ginger and honey tea for sore throat.,Putting oil or ghee on open wounds.
623,Amoebiasis (Variant 623),Gastrointestinal,"Stomach pain, Nausea, Itching",1,General Physician,Curd rice,Raw salads (if infectious),Anulom Vilom,Omeprazole,Standard OTC Omeprazole for symptomatic relief.,250,Jeera water for digestion.,Using battery acid for skin patches.
624,Amoebiasis (Variant 624),Gastrointestinal,"Stomach pain, Cough, Fever",7,Specialist Doctor,Papaya,Raw salads (if infectious),Anulom Vilom,N/A - Prescription Required,Severity is high. Automatic recommendation disabled to ensure safety. Consult a doctor.,0,Jeera water for digestion.,Applying Colgate/toothpaste on burns (causes infection).
625,Diarrhea (Variant 625),Gastrointestinal,"Fever, Stomach pain, Cough",2,General Physician,Curd rice,Deep-fried pakoras,Complete Bed Rest,Loperamide,Standard OTC Loperamide for symptomatic relief.,500,Ginger and honey tea for sore throat.,Applying Colgate/toothpaste on burns (causes infection).
626,Bronchitis (Variant 626),Respiratory,"Itching, Headache, Vomiting",1,General Physician,Curd rice,Cold drinks,Anulom Vilom,Paracetamol,Standard OTC Paracetamol for symptomatic relief.,650,Coconut water for rehydration.,Putting onions in armpits to reduce fever.
627,Fungal Infection (Variant 627),Skin,"Cough, Fever, Headache",9,Specialist Doctor,Papaya,Cold drinks,Anulom Vilom,N/A - Prescription Required,Severity is high. Automatic recommendation disabled to ensure safety. Consult a doctor.,0,Saltwater gargles for throat infection.,Using battery acid for skin patches.
628,Amoebiasis (Variant 628),Gastrointestinal,"Stomach pain, Cough, Vomiting",7,Specialist Doctor,Boiled vegetables,Spicy street food,Complete Bed Rest,N/A - Prescription Required,Severity is high. Automatic recommendation disabled to ensure safety. Consult a doctor.,0,Jeera water for digestion.,Rubbing heavy salt on rashes.
629,Acidity (Variant 629),Gastrointestinal,"Headache, Fatigue, Vomiting",2,General Physician,Moong Dal Khichdi,Spicy street food,Light stretching,Omeprazole,Standard OTC Omeprazole for symptomatic relief.,250,Saltwater gargles for throat infection.,Using battery acid for skin patches.
630,Heat Rash (Variant 630),Skin,"Headache, Itching, Stomach pain",2,General Physician,Moong Dal Khichdi,Cold drinks,Light stretching,Ibuprofen,Standard OTC Ibuprofen for symptomatic relief.,500,Warm turmeric milk (Haldi Doodh) for immunity.,Applying Colgate/toothpaste on burns (causes infection).
631,Chickenpox (Variant 631),Infectious,"Body ache, Nausea, Cough",6,Specialist Doctor,Curd rice,Cold drinks,Yoga (Pranayama),N/A - Prescription Required,Severity is high. Automatic recommendation disabled to ensure safety. Consult a doctor.,0,Coconut water for rehydration.,Putting oil or ghee on open wounds.
632,Dehydration (Variant 632),General,"Cough, Headache, Nausea",6,Specialist Doctor,Papaya,Cold drinks,Light stretching,N/A - Prescription Required,Severity is high. Automatic recommendation disabled to ensure safety. Consult a doctor.,0,Ginger and honey tea for sore throat.,Using battery acid for skin patches.
633,Fungal Infection (Variant 633),Skin,"Fatigue, Body ache, Nausea",6,Specialist Doctor,Moong Dal Khichdi,Raw salads (if infectious),Light stretching,N/A - Prescription Required,Severity is high. Automatic recommendation disabled to ensure safety. Consult a doctor.,0,Coconut water for rehydration.,Putting oil or ghee on open wounds.
634,Gastritis (Variant 634),Gastrointestinal,"Fever, Fatigue, Itching",2,General Physician,Papaya,Deep-fried pakoras,Brisk walking,Omeprazole,Standard OTC Omeprazole for symptomatic relief.,250,Saltwater gargles for throat infection.,Putting onions in armpits to reduce fever.
635,Anemia (Variant 635),General,"Stomach pain, Fatigue, Headache",7,Specialist Doctor,Boiled vegetables,Cold drinks,Anulom Vilom,N/A - Prescription Required,Severity is high. Automatic recommendation disabled to ensure safety. Consult a doctor.,0,Coconut water for rehydration.,Applying Colgate/toothpaste on burns (causes infection).
636,Food Poisoning (Variant 636),Gastrointestinal,"Nausea, Headache, Fatigue",1,General Physician,Curd rice,Spicy street food,Brisk walking,Cetirizine,Standard OTC Cetirizine for symptomatic relief.,500,Warm turmeric milk (Haldi Doodh) for immunity.,Putting onions in armpits to reduce fever.
637,Anemia (Variant 637),General,"Fatigue, Fever, Nausea",1,General Physician,Boiled vegetables,Raw salads (if infectious),Brisk walking,Ibuprofen,Standard OTC Ibuprofen for symptomatic relief.,250,Saltwater gargles for throat infection.,Applying Colgate/toothpaste on burns (causes infection).
638,Amoebiasis (Variant 638),Gastrointestinal,"Itching, Stomach pain, Fever",7,Specialist Doctor,Curd rice,Cold drinks,Complete Bed Rest,N/A - Prescription Required,Severity is high. Automatic recommendation disabled to ensure safety. Consult a doctor.,0,Warm turmeric milk (Haldi Doodh) for immunity.,Putting onions in armpits to reduce fever.
639,Diarrhea (Variant 639),Gastrointestinal,"Vomiting, Body ache, Nausea",6,Specialist Doctor,Curd rice,Deep-fried pakoras,Brisk walking,N/A - Prescription Required,Severity is high. Automatic recommendation disabled to ensure safety. Consult a doctor.,0,Ginger and honey tea for sore throat.,Using battery acid for skin patches.
640,Asthma (Variant 640),Respiratory,"Cough, Fever, Vomiting",8,Specialist Doctor,Papaya,Cold drinks,Complete Bed Rest,N/A - Prescription Required,Severity is high. Automatic recommendation disabled to ensure safety. Consult a doctor.,0,Ginger and honey tea for sore throat.,Applying Colgate/toothpaste on burns (causes infection).
641,Food Poisoning (Variant 641),Gastrointestinal,"Fever, Vomiting, Nausea",9,Specialist Doctor,Boiled vegetables,Cold drinks,Brisk walking,N/A - Prescription Required,Severity is high. Automatic recommendation disabled to ensure safety. Consult a doctor.,0,Coconut water for rehydration.,Rubbing heavy salt on rashes.
642,Heat Stroke (Variant 642),General,"Stomach pain, Body ache, Headache",6,Specialist Doctor,Curd rice,Excessive caffeine,Complete Bed Rest,N/A - Prescription Required,Severity is high. Automatic recommendation disabled to ensure safety. Consult a doctor.,0,Jeera water for digestion.,Rubbing heavy salt on rashes.
643,Allergic Rhinitis (Variant 643),Respiratory,"Cough, Itching, Headache",4,General Physician,Papaya,Raw salads (if infectious),Light stretching,Ibuprofen,Standard OTC Ibuprofen for symptomatic relief.,500,Jeera water for digestion.,Applying Colgate/toothpaste on burns (causes infection).
644,Typhoid (Variant 644),Infectious,"Stomach pain, Fever, Cough",8,Specialist Doctor,Papaya,Deep-fried pakoras,Complete Bed Rest,N/A - Prescription Required,Severity is high. Automatic recommendation disabled to ensure safety. Consult a doctor.,0,Warm turmeric milk (Haldi Doodh) for immunity.,Putting oil or ghee on open wounds.
645,Diarrhea (Variant 645),Gastrointestinal,"Stomach pain, Vomiting, Nausea",9,Specialist Doctor,Pomegranate,Raw salads (if infectious),Anulom Vilom,N/A - Prescription Required,Severity is high. Automatic recommendation disabled to ensure safety. Consult a doctor.,0,Ginger and honey tea for sore throat.,Putting onions in armpits to reduce fever.
646,Dehydration (Variant 646),General,"Fever, Stomach pain, Itching",9,Specialist Doctor,Boiled vegetables,Deep-fried pakoras,Light stretching,N/A - Prescription Required,Severity is high. Automatic recommendation disabled to ensure safety. Consult a doctor.,0,Warm turmeric milk (Haldi Doodh) for immunity.,Using battery acid for skin patches.
647,Chickenpox (Variant 647),Infectious,"Headache, Fever, Cough",8,Specialist Doctor,Papaya,Deep-fried pakoras,Brisk walking,N/A - Prescription Required,Severity is high. Automatic recommendation disabled to ensure safety. Consult a doctor.,0,Warm turmeric milk (Haldi Doodh) for immunity.,Rubbing heavy salt on rashes.
648,Heat Stroke (Variant 648),General,"Fever, Stomach pain, Headache",1,General Physician,Boiled vegetables,Cold drinks,Light stretching,Paracetamol,Standard OTC Paracetamol for symptomatic relief.,500,Coconut water for rehydration.,Applying Colgate/toothpaste on burns (causes infection).
649,Heat Rash (Variant 649),Skin,"Cough, Body ache, Fever",4,General Physician,Curd rice,Deep-fried pakoras,Yoga (Pranayama),Omeprazole,Standard OTC Omeprazole for symptomatic relief.,250,Coconut water for rehydration.,Putting oil or ghee on open wounds.
650,Sinusitis (Variant 650),Respiratory,"Stomach pain, Vomiting, Headache",8,Specialist Doctor,Pomegranate,Excessive caffeine,Brisk walking,N/A - Prescription Required,Severity is high. Automatic recommendation disabled to ensure safety. Consult a doctor.,0,Warm turmeric milk (Haldi Doodh) for immunity.,Using battery acid for skin patches.
651,Dengue (Variant 651),Infectious,"Headache, Cough, Itching",4,General Physician,Papaya,Raw salads (if infectious),Light stretching,Omeprazole,Standard OTC Omeprazole for symptomatic relief.,500,Warm turmeric milk (Haldi Doodh) for immunity.,Using battery acid for skin patches.
652,Acne (Variant 652),Skin,"Fatigue, Vomiting, Headache",4,General Physician,Pomegranate,Deep-fried pakoras,Light stretching,Omeprazole,Standard OTC Omeprazole for symptomatic relief.,500,Warm turmeric milk (Haldi Doodh) for immunity.,Applying Colgate/toothpaste on burns (causes infection).
653,Acne (Variant 653),Skin,"Fatigue, Itching, Cough",10,Specialist Doctor,Curd rice,Spicy street food,Light stretching,N/A - Prescription Required,Severity is high. Automatic recommendation disabled to ensure safety. Consult a doctor.,0,Coconut water for rehydration.,Applying Colgate/toothpaste on burns (causes infection).
654,Acne (Variant 654),Skin,"Stomach pain, Itching, Headache",8,Specialist Doctor,Pomegranate,Spicy street food,Light stretching,N/A - Prescription Required,Severity is high. Automatic recommendation disabled to ensure safety. Consult a doctor.,0,Saltwater gargles for throat infection.,Rubbing heavy salt on rashes.
655,Allergic Rhinitis (Variant 655),Respiratory,"Nausea, Itching, Fever",9,Specialist Doctor,Curd rice,Raw salads (if infectious),Brisk walking,N/A - Prescription Required,Severity is high. Automatic recommendation disabled to ensure safety. Consult a doctor.,0,Jeera water for digestion.,Applying Colgate/toothpaste on burns (causes infection).
656,Dehydration (Variant 656),General,"Body ache, Headache, Fatigue",6,Specialist Doctor,Boiled vegetables,Excessive caffeine,Yoga (Pranayama),N/A - Prescription Required,Severity is high. Automatic recommendation disabled to ensure safety. Consult a doctor.,0,Jeera water for digestion.,Applying Colgate/toothpaste on burns (causes infection).
657,Vitamin D Deficiency (Variant 657),General,"Headache, Cough, Fatigue",8,Specialist Doctor,Moong Dal Khichdi,Spicy street food,Light stretching,N/A - Prescription Required,Severity is high. Automatic recommendation disabled to ensure safety. Consult a doctor.,0,Jeera water for digestion.,Using battery acid for skin patches.
658,Allergic Rhinitis (Variant 658),Respiratory,"Fever, Cough, Nausea",3,General Physician,Pomegranate,Deep-fried pakoras,Brisk walking,Loperamide,Standard OTC Loperamide for symptomatic relief.,500,Ginger and honey tea for sore throat.,Applying Colgate/toothpaste on burns (causes infection).
659,Chickenpox (Variant 659),Infectious,"Body ache, Fatigue, Headache",9,Specialist Doctor,Boiled vegetables,Raw salads (if infectious),Yoga (Pranayama),N/A - Prescription Required,Severity is high. Automatic recommendation disabled to ensure safety. Consult a doctor.,0,Saltwater gargles for throat infection.,Putting oil or ghee on open wounds.
660,Dengue (Variant 660),Infectious,"Nausea, Vomiting, Body ache",8,Specialist Doctor,Curd rice,Cold drinks,Yoga (Pranayama),N/A - Prescription Required,Severity is high. Automatic recommendation disabled to ensure safety. Consult a doctor.,0,Warm turmeric milk (Haldi Doodh) for immunity.,Rubbing heavy salt on rashes.
661,Dehydration (Variant 661),General,"Stomach pain, Cough, Vomiting",10,Specialist Doctor,Pomegranate,Spicy street food,Complete Bed Rest,N/A - Prescription Required,Severity is high. Automatic recommendation disabled to ensure safety. Consult a doctor.,0,Ginger and honey tea for sore throat.,Putting onions in armpits to reduce fever.
662,Typhoid (Variant 662),Infectious,"Stomach pain, Vomiting, Cough",9,Specialist Doctor,Pomegranate,Cold drinks,Complete Bed Rest,N/A - Prescription Required,Severity is high. Automatic recommendation disabled to ensure safety. Consult a doctor.,0,Saltwater gargles for throat infection.,Putting oil or ghee on open wounds.
663,Amoebiasis (Variant 663),Gastrointestinal,"Body ache, Nausea, Cough",4,General Physician,Moong Dal Khichdi,Spicy street food,Complete Bed Rest,ORS,Standard OTC ORS for symptomatic relief.,650,Ginger and honey tea for sore throat.,Rubbing heavy salt on rashes.
664,Common Cold (Variant 664),Infectious,"Body ache, Fatigue, Nausea",6,Specialist Doctor,Curd rice,Raw salads (if infectious),Brisk walking,N/A - Prescription Required,Severity is high. Automatic recommendation disabled to ensure safety. Consult a doctor.,0,Ginger and honey tea for sore throat.,Putting oil or ghee on open wounds.
665,Sunburn (Variant 665),Skin,"Fatigue, Headache, Vomiting",5,General Physician,Boiled vegetables,Deep-fried pakoras,Complete Bed Rest,Cetirizine,Standard OTC Cetirizine for symptomatic relief.,500,Coconut water for rehydration.,Using battery acid for skin patches.
666,Amoebiasis (Variant 666),Gastrointestinal,"Vomiting, Headache, Itching",8,Specialist Doctor,Papaya,Spicy street food,Yoga (Pranayama),N/A - Prescription Required,Severity is high. Automatic recommendation disabled to ensure safety. Consult a doctor.,0,Ginger and honey tea for sore throat.,Rubbing heavy salt on rashes.
667,Influenza (Variant 667),Infectious,"Cough, Headache, Fever",5,General Physician,Moong Dal Khichdi,Excessive caffeine,Complete Bed Rest,Cetirizine,Standard OTC Cetirizine for symptomatic relief.,500,Warm turmeric milk (Haldi Doodh) for immunity.,Rubbing heavy salt on rashes.
668,Eczema (Variant 668),Skin,"Cough, Vomiting, Stomach pain",1,General Physician,Curd rice,Cold drinks,Brisk walking,Loperamide,Standard OTC Loperamide for symptomatic relief.,250,Warm turmeric milk (Haldi Doodh) for immunity.,Putting oil or ghee on open wounds.
669,Amoebiasis (Variant 669),Gastrointestinal,"Cough, Stomach pain, Itching",7,Specialist Doctor,Curd rice,Cold drinks,Brisk walking,N/A - Prescription Required,Severity is high. Automatic recommendation disabled to ensure safety. Consult a doctor.,0,Jeera water for digestion.,Putting oil or ghee on open wounds.
670,Sunburn (Variant 670),Skin,"Stomach pain, Itching, Headache",4,General Physician,Moong Dal Khichdi,Excessive caffeine,Anulom Vilom,Loperamide,Standard OTC Loperamide for symptomatic relief.,250,Saltwater gargles for throat infection.,Putting oil or ghee on open wounds.
671,Heat Rash (Variant 671),Skin,"Nausea, Headache, Itching",5,General Physician,Pomegranate,Deep-fried pakoras,Yoga (Pranayama),Loperamide,Standard OTC Loperamide for symptomatic relief.,500,Jeera water for digestion.,Rubbing heavy salt on rashes.
672,Bronchitis (Variant 672),Respiratory,"Stomach pain, Body ache, Nausea",3,General Physician,Pomegranate,Raw salads (if infectious),Yoga (Pranayama),Ibuprofen,Standard OTC Ibuprofen for symptomatic relief.,650,Saltwater gargles for throat infection.,Putting onions in armpits to reduce fever.
673,Asthma (Variant 673),Respiratory,"Fatigue, Stomach pain, Headache",2,General Physician,Curd rice,Raw salads (if infectious),Complete Bed Rest,Omeprazole,Standard OTC Omeprazole for symptomatic relief.,250,Coconut water for rehydration.,Rubbing heavy salt on rashes.
674,Anemia (Variant 674),General,"Vomiting, Cough, Nausea",3,General Physician,Moong Dal Khichdi,Raw salads (if infectious),Complete Bed Rest,Cetirizine,Standard OTC Cetirizine for symptomatic relief.,650,Warm turmeric milk (Haldi Doodh) for immunity.,Putting onions in armpits to reduce fever.
675,Gastritis (Variant 675),Gastrointestinal,"Stomach pain, Itching, Body ache",1,General Physician,Pomegranate,Spicy street food,Light stretching,Cetirizine,Standard OTC Cetirizine for symptomatic relief.,650,Saltwater gargles for throat infection.,Using battery acid for skin patches.
676,Asthma (Variant 676),Respiratory,"Itching, Headache, Stomach pain",10,Specialist Doctor,Boiled vegetables,Raw salads (if infectious),Brisk walking,N/A - Prescription Required,Severity is high. Automatic recommendation disabled to ensure safety. Consult a doctor.,0,Jeera water for digestion.,Putting oil or ghee on open wounds.
677,Anemia (Variant 677),General,"Cough, Vomiting, Fatigue",8,Specialist Doctor,Boiled vegetables,Raw salads (if infectious),Light stretching,N/A - Prescription Required,Severity is high. Automatic recommendation disabled to ensure safety. Consult a doctor.,0,Ginger and honey tea for sore throat.,Rubbing heavy salt on rashes.
678,Acidity (Variant 678),Gastrointestinal,"Body ache, Itching, Fatigue",10,Specialist Doctor,Papaya,Spicy street food,Brisk walking,N/A - Prescription Required,Severity is high. Automatic recommendation disabled to ensure safety. Consult a doctor.,0,Ginger and honey tea for sore throat.,Putting oil or ghee on open wounds.
679,Vitamin D Deficiency (Variant 679),General,"Fatigue, Body ache, Fever",5,General Physician,Curd rice,Deep-fried pakoras,Yoga (Pranayama),Ibuprofen,Standard OTC Ibuprofen for symptomatic relief.,500,Saltwater gargles for throat infection.,Applying Colgate/toothpaste on burns (causes infection).
680,Diarrhea (Variant 680),Gastrointestinal,"Headache, Fever, Body ache",6,Specialist Doctor,Papaya,Deep-fried pakoras,Anulom Vilom,N/A - Prescription Required,Severity is high. Automatic recommendation disabled to ensure safety. Consult a doctor.,0,Saltwater gargles for throat infection.,Putting oil or ghee on open wounds.
681,Amoebiasis (Variant 681),Gastrointestinal,"Nausea, Headache, Cough",1,General Physician,Boiled vegetables,Raw salads (if infectious),Brisk walking,Paracetamol,Standard OTC Paracetamol for symptomatic relief.,250,Coconut water for rehydration.,Rubbing heavy salt on rashes.
682,Amoebiasis (Variant 682),Gastrointestinal,"Vomiting, Fever, Nausea",3,General Physician,Pomegranate,Excessive caffeine,Anulom Vilom,ORS,Standard OTC ORS for symptomatic relief.,250,Jeera water for digestion.,Putting onions in armpits to reduce fever.
683,Heat Rash (Variant 683),Skin,"Fever, Nausea, Cough",2,General Physician,Boiled vegetables,Cold drinks,Light stretching,Ibuprofen,Standard OTC Ibuprofen for symptomatic relief.,650,Warm turmeric milk (Haldi Doodh) for immunity.,Using battery acid for skin patches.
684,Acne (Variant 684),Skin,"Itching, Nausea, Fatigue",3,General Physician,Moong Dal Khichdi,Spicy street food,Anulom Vilom,Paracetamol,Standard OTC Paracetamol for symptomatic relief.,650,Saltwater gargles for throat infection.,Rubbing heavy salt on rashes.
685,Gastritis (Variant 685),Gastrointestinal,"Cough, Nausea, Itching",9,Specialist Doctor,Curd rice,Spicy street food,Brisk walking,N/A - Prescription Required,Severity is high. Automatic recommendation disabled to ensure safety. Consult a doctor.,0,Saltwater gargles for throat infection.,Applying Colgate/toothpaste on burns (causes infection).
686,Heat Stroke (Variant 686),General,"Itching, Fever, Cough",2,General Physician,Boiled vegetables,Cold drinks,Anulom Vilom,Omeprazole,Standard OTC Omeprazole for symptomatic relief.,500,Saltwater gargles for throat infection.,Putting oil or ghee on open wounds.
687,Vitamin D Deficiency (Variant 687),General,"Stomach pain, Fatigue, Headache",2,General Physician,Moong Dal Khichdi,Spicy street food,Yoga (Pranayama),ORS,Standard OTC ORS for symptomatic relief.,650,Coconut water for rehydration.,Putting oil or ghee on open wounds.
688,Dehydration (Variant 688),General,"Nausea, Stomach pain, Headache",9,Specialist Doctor,Boiled vegetables,Raw salads (if infectious),Complete Bed Rest,N/A - Prescription Required,Severity is high. Automatic recommendation disabled to ensure safety. Consult a doctor.,0,Saltwater gargles for throat infection.,Putting oil or ghee on open wounds.
689,Typhoid (Variant 689),Infectious,"Itching, Nausea, Body ache",10,Specialist Doctor,Boiled vegetables,Excessive caffeine,Light stretching,N/A - Prescription Required,Severity is high. Automatic recommendation disabled to ensure safety. Consult a doctor.,0,Coconut water for rehydration.,Putting onions in armpits to reduce fever.
690,Food Poisoning (Variant 690),Gastrointestinal,"Cough, Fatigue, Vomiting",7,Specialist Doctor,Curd rice,Excessive caffeine,Light stretching,N/A - Prescription Required,Severity is high. Automatic recommendation disabled to ensure safety. Consult a doctor.,0,Saltwater gargles for throat infection.,Putting oil or ghee on open wounds.
691,Food Poisoning (Variant 691),Gastrointestinal,"Stomach pain, Cough, Fever",7,Specialist Doctor,Papaya,Excessive caffeine,Complete Bed Rest,N/A - Prescription Required,Severity is high. Automatic recommendation disabled to ensure safety. Consult a doctor.,0,Jeera water for digestion.,Rubbing heavy salt on rashes.
692,Anemia (Variant 692),General,"Fever, Fatigue, Body ache",8,Specialist Doctor,Curd rice,Excessive caffeine,Yoga (Pranayama),N/A - Prescription Required,Severity is high. Automatic recommendation disabled to ensure safety. Consult a doctor.,0,Warm turmeric milk (Haldi Doodh) for immunity.,Putting oil or ghee on open wounds.
693,Eczema (Variant 693),Skin,"Cough, Body ache, Headache",1,General Physician,Boiled vegetables,Cold drinks,Yoga (Pranayama),Cetirizine,Standard OTC Cetirizine for symptomatic relief.,500,Jeera water for digestion.,Applying Colgate/toothpaste on burns (causes infection).
694,Sunburn (Variant 694),Skin,"Nausea, Stomach pain, Vomiting",2,General Physician,Moong Dal Khichdi,Spicy street food,Complete Bed Rest,Ibuprofen,Standard OTC Ibuprofen for symptomatic relief.,250,Coconut water for rehydration.,Using battery acid for skin patches.
695,Vitamin D Deficiency (Variant 695),General,"Body ache, Itching, Fever",4,General Physician,Moong Dal Khichdi,Spicy street food,Brisk walking,ORS,Standard OTC ORS for symptomatic relief.,500,Coconut water for rehydration.,Using battery acid for skin patches.
696,Acne (Variant 696),Skin,"Nausea, Fatigue, Vomiting",8,Specialist Doctor,Pomegranate,Cold drinks,Brisk walking,N/A - Prescription Required,Severity is high. Automatic recommendation disabled to ensure safety. Consult a doctor.,0,Jeera water for digestion.,Applying Colgate/toothpaste on burns (causes infection).
697,Asthma (Variant 697),Respiratory,"Body ache, Fatigue, Nausea",10,Specialist Doctor,Moong Dal Khichdi,Raw salads (if infectious),Light stretching,N/A - Prescription Required,Severity is high. Automatic recommendation disabled to ensure safety. Consult a doctor.,0,Jeera water for digestion.,Putting onions in armpits to reduce fever.
698,Sinusitis (Variant 698),Respiratory,"Itching, Cough, Body ache",10,Specialist Doctor,Boiled vegetables,Cold drinks,Yoga (Pranayama),N/A - Prescription Required,Severity is high. Automatic recommendation disabled to ensure safety. Consult a doctor.,0,Coconut water for rehydration.,Putting oil or ghee on open wounds.
699,Sunburn (Variant 699),Skin,"Itching, Stomach pain, Cough",5,General Physician,Curd rice,Spicy street food,Complete Bed Rest,Omeprazole,Standard OTC Omeprazole for symptomatic relief.,250,Jeera water for digestion.,Putting oil or ghee on open wounds.
700,Anemia (Variant 700),General,"Fatigue, Cough, Vomiting",10,Specialist Doctor,Papaya,Raw salads (if infectious),Yoga (Pranayama),N/A - Prescription Required,Severity is high. Automatic recommendation disabled to ensure safety. Consult a doctor.,0,Warm turmeric milk (Haldi Doodh) for immunity.,Putting oil or ghee on open wounds.
701,Sinusitis (Variant 701),Respiratory,"Fatigue, Cough, Vomiting",2,General Physician,Papaya,Deep-fried pakoras,Yoga (Pranayama),Cetirizine,Standard OTC Cetirizine for symptomatic relief.,250,Saltwater gargles for throat infection.,Putting onions in armpits to reduce fever.
702,Diarrhea (Variant 702),Gastrointestinal,"Cough, Headache, Body ache",6,Specialist Doctor,Curd rice,Deep-fried pakoras,Yoga (Pranayama),N/A - Prescription Required,Severity is high. Automatic recommendation disabled to ensure safety. Consult a doctor.,0,Ginger and honey tea for sore throat.,Applying Colgate/toothpaste on burns (causes infection).
703,Allergic Rhinitis (Variant 703),Respiratory,"Cough, Body ache, Nausea",9,Specialist Doctor,Curd rice,Raw salads (if infectious),Light stretching,N/A - Prescription Required,Severity is high. Automatic recommendation disabled to ensure safety. Consult a doctor.,0,Jeera water for digestion.,Rubbing heavy salt on rashes.
704,Dehydration (Variant 704),General,"Cough, Itching, Stomach pain",4,General Physician,Moong Dal Khichdi,Spicy street food,Brisk walking,Ibuprofen,Standard OTC Ibuprofen for symptomatic relief.,500,Ginger and honey tea for sore throat.,Using battery acid for skin patches.
705,Dengue (Variant 705),Infectious,"Itching, Headache, Cough",9,Specialist Doctor,Curd rice,Cold drinks,Brisk walking,N/A - Prescription Required,Severity is high. Automatic recommendation disabled to ensure safety. Consult a doctor.,0,Jeera water for digestion.,Putting onions in armpits to reduce fever.
706,Bronchitis (Variant 706),Respiratory,"Cough, Nausea, Fatigue",3,General Physician,Boiled vegetables,Cold drinks,Anulom Vilom,Paracetamol,Standard OTC Paracetamol for symptomatic relief.,250,Ginger and honey tea for sore throat.,Rubbing heavy salt on rashes.
707,Anemia (Variant 707),General,"Headache, Cough, Stomach pain",3,General Physician,Curd rice,Deep-fried pakoras,Brisk walking,Paracetamol,Standard OTC Paracetamol for symptomatic relief.,250,Warm turmeric milk (Haldi Doodh) for immunity.,Rubbing heavy salt on rashes.
708,Sinusitis (Variant 708),Respiratory,"Cough, Fever, Body ache",3,General Physician,Moong Dal Khichdi,Excessive caffeine,Light stretching,Ibuprofen,Standard OTC Ibuprofen for symptomatic relief.,250,Saltwater gargles for throat infection.,Applying Colgate/toothpaste on burns (causes infection).
709,Dehydration (Variant 709),General,"Headache, Nausea, Body ache",6,Specialist Doctor,Boiled vegetables,Deep-fried pakoras,Light stretching,N/A - Prescription Required,Severity is high. Automatic recommendation disabled to ensure safety. Consult a doctor.,0,Coconut water for rehydration.,Rubbing heavy salt on rashes.
710,Bronchitis (Variant 710),Respiratory,"Stomach pain, Body ache, Itching",3,General Physician,Moong Dal Khichdi,Spicy street food,Anulom Vilom,Ibuprofen,Standard OTC Ibuprofen for symptomatic relief.,650,Warm turmeric milk (Haldi Doodh) for immunity.,Rubbing heavy salt on rashes.
711,Food Poisoning (Variant 711),Gastrointestinal,"Vomiting, Headache, Nausea",8,Specialist Doctor,Papaya,Raw salads (if infectious),Complete Bed Rest,N/A - Prescription Required,Severity is high. Automatic recommendation disabled to ensure safety. Consult a doctor.,0,Ginger and honey tea for sore throat.,Putting onions in armpits to reduce fever.
712,Heat Stroke (Variant 712),General,"Nausea, Vomiting, Stomach pain",8,Specialist Doctor,Curd rice,Cold drinks,Brisk walking,N/A - Prescription Required,Severity is high. Automatic recommendation disabled to ensure safety. Consult a doctor.,0,Saltwater gargles for throat infection.,Using battery acid for skin patches.
713,Sinusitis (Variant 713),Respiratory,"Itching, Vomiting, Body ache",3,General Physician,Curd rice,Raw salads (if infectious),Anulom Vilom,Paracetamol,Standard OTC Paracetamol for symptomatic relief.,250,Ginger and honey tea for sore throat.,Putting oil or ghee on open wounds.
714,Heat Stroke (Variant 714),General,"Fatigue, Body ache, Cough",5,General Physician,Moong Dal Khichdi,Excessive caffeine,Anulom Vilom,Paracetamol,Standard OTC Paracetamol for symptomatic relief.,250,Ginger and honey tea for sore throat.,Putting oil or ghee on open wounds.
715,Bronchitis (Variant 715),Respiratory,"Stomach pain, Cough, Fever",4,General Physician,Pomegranate,Cold drinks,Light stretching,Paracetamol,Standard OTC Paracetamol for symptomatic relief.,500,Coconut water for rehydration.,Applying Colgate/toothpaste on burns (causes infection).
716,Bronchitis (Variant 716),Respiratory,"Stomach pain, Cough, Fatigue",1,General Physician,Curd rice,Deep-fried pakoras,Light stretching,ORS,Standard OTC ORS for symptomatic relief.,250,Jeera water for digestion.,Using battery acid for skin patches.
717,Sinusitis (Variant 717),Respiratory,"Fatigue, Body ache, Cough",1,General Physician,Curd rice,Deep-fried pakoras,Light stretching,Paracetamol,Standard OTC Paracetamol for symptomatic relief.,500,Coconut water for rehydration.,Applying Colgate/toothpaste on burns (causes infection).
718,Amoebiasis (Variant 718),Gastrointestinal,"Stomach pain, Body ache, Fatigue",6,Specialist Doctor,Moong Dal Khichdi,Excessive caffeine,Anulom Vilom,N/A - Prescription Required,Severity is high. Automatic recommendation disabled to ensure safety. Consult a doctor.,0,Warm turmeric milk (Haldi Doodh) for immunity.,Using battery acid for skin patches.
719,Sunburn (Variant 719),Skin,"Cough, Fever, Itching",8,Specialist Doctor,Moong Dal Khichdi,Cold drinks,Yoga (Pranayama),N/A - Prescription Required,Severity is high. Automatic recommendation disabled to ensure safety. Consult a doctor.,0,Warm turmeric milk (Haldi Doodh) for immunity.,Rubbing heavy salt on rashes.
720,Common Cold (Variant 720),Infectious,"Vomiting, Fatigue, Fever",6,Specialist Doctor,Curd rice,Spicy street food,Anulom Vilom,N/A - Prescription Required,Severity is high. Automatic recommendation disabled to ensure safety. Consult a doctor.,0,Warm turmeric milk (Haldi Doodh) for immunity.,Rubbing heavy salt on rashes.
721,Acne (Variant 721),Skin,"Itching, Headache, Nausea",1,General Physician,Boiled vegetables,Cold drinks,Light stretching,Omeprazole,Standard OTC Omeprazole for symptomatic relief.,250,Jeera water for digestion.,Rubbing heavy salt on rashes.
722,Gastritis (Variant 722),Gastrointestinal,"Fever, Cough, Itching",1,General Physician,Boiled vegetables,Raw salads (if infectious),Light stretching,Loperamide,Standard OTC Loperamide for symptomatic relief.,500,Jeera water for digestion.,Rubbing heavy salt on rashes.
723,Influenza (Variant 723),Infectious,"Nausea, Cough, Stomach pain",2,General Physician,Papaya,Cold drinks,Brisk walking,Omeprazole,Standard OTC Omeprazole for symptomatic relief.,500,Jeera water for digestion.,Putting oil or ghee on open wounds.
724,Sinusitis (Variant 724),Respiratory,"Vomiting, Body ache, Headache",2,General Physician,Boiled vegetables,Cold drinks,Complete Bed Rest,Cetirizine,Standard OTC Cetirizine for symptomatic relief.,650,Warm turmeric milk (Haldi Doodh) for immunity.,Using battery acid for skin patches.
725,Heat Rash (Variant 725),Skin,"Body ache, Nausea, Itching",1,General Physician,Pomegranate,Spicy street food,Yoga (Pranayama),Paracetamol,Standard OTC Paracetamol for symptomatic relief.,250,Saltwater gargles for throat infection.,Putting oil or ghee on open wounds.
726,Dengue (Variant 726),Infectious,"Cough, Stomach pain, Itching",5,General Physician,Papaya,Spicy street food,Light stretching,ORS,Standard OTC ORS for symptomatic relief.,500,Coconut water for rehydration.,Rubbing heavy salt on rashes.
727,Anemia (Variant 727),General,"Fatigue, Itching, Headache",5,General Physician,Moong Dal Khichdi,Excessive caffeine,Brisk walking,Ibuprofen,Standard OTC Ibuprofen for symptomatic relief.,250,Coconut water for rehydration.,Putting onions in armpits to reduce fever.
728,Sinusitis (Variant 728),Respiratory,"Fatigue, Headache, Stomach pain",5,General Physician,Pomegranate,Excessive caffeine,Complete Bed Rest,Cetirizine,Standard OTC Cetirizine for symptomatic relief.,650,Saltwater gargles for throat infection.,Rubbing heavy salt on rashes.
729,Eczema (Variant 729),Skin,"Headache, Fever, Itching",9,Specialist Doctor,Pomegranate,Cold drinks,Light stretching,N/A - Prescription Required,Severity is high. Automatic recommendation disabled to ensure safety. Consult a doctor.,0,Ginger and honey tea for sore throat.,Rubbing heavy salt on rashes.
730,Allergic Rhinitis (Variant 730),Respiratory,"Body ache, Fatigue, Nausea",6,Specialist Doctor,Boiled vegetables,Excessive caffeine,Anulom Vilom,N/A - Prescription Required,Severity is high. Automatic recommendation disabled to ensure safety. Consult a doctor.,0,Saltwater gargles for throat infection.,Applying Colgate/toothpaste on burns (causes infection).
731,Asthma (Variant 731),Respiratory,"Itching, Headache, Nausea",6,Specialist Doctor,Boiled vegetables,Spicy street food,Anulom Vilom,N/A - Prescription Required,Severity is high. Automatic recommendation disabled to ensure safety. Consult a doctor.,0,Warm turmeric milk (Haldi Doodh) for immunity.,Applying Colgate/toothpaste on burns (causes infection).
732,Eczema (Variant 732),Skin,"Stomach pain, Body ache, Itching",5,General Physician,Papaya,Excessive caffeine,Anulom Vilom,Loperamide,Standard OTC Loperamide for symptomatic relief.,650,Saltwater gargles for throat infection.,Putting oil or ghee on open wounds.
733,Vitamin D Deficiency (Variant 733),General,"Itching, Body ache, Stomach pain",6,Specialist Doctor,Curd rice,Deep-fried pakoras,Anulom Vilom,N/A - Prescription Required,Severity is high. Automatic recommendation disabled to ensure safety. Consult a doctor.,0,Saltwater gargles for throat infection.,Rubbing heavy salt on rashes.
734,Influenza (Variant 734),Infectious,"Vomiting, Fatigue, Nausea",8,Specialist Doctor,Moong Dal Khichdi,Raw salads (if infectious),Anulom Vilom,N/A - Prescription Required,Severity is high. Automatic recommendation disabled to ensure safety. Consult a doctor.,0,Warm turmeric milk (Haldi Doodh) for immunity.,Putting oil or ghee on open wounds.
735,Asthma (Variant 735),Respiratory,"Itching, Headache, Fever",3,General Physician,Boiled vegetables,Raw salads (if infectious),Complete Bed Rest,Omeprazole,Standard OTC Omeprazole for symptomatic relief.,500,Saltwater gargles for throat infection.,Putting oil or ghee on open wounds.
736,Allergic Rhinitis (Variant 736),Respiratory,"Itching, Body ache, Nausea",3,General Physician,Moong Dal Khichdi,Spicy street food,Complete Bed Rest,Ibuprofen,Standard OTC Ibuprofen for symptomatic relief.,250,Saltwater gargles for throat infection.,Putting onions in armpits to reduce fever.
737,Malaria (Variant 737),Infectious,"Headache, Body ache, Vomiting",8,Specialist Doctor,Moong Dal Khichdi,Raw salads (if infectious),Brisk walking,N/A - Prescription Required,Severity is high. Automatic recommendation disabled to ensure safety. Consult a doctor.,0,Coconut water for rehydration.,Putting onions in armpits to reduce fever.
738,Bronchitis (Variant 738),Respiratory,"Nausea, Vomiting, Itching",5,General Physician,Papaya,Raw salads (if infectious),Yoga (Pranayama),Loperamide,Standard OTC Loperamide for symptomatic relief.,500,Ginger and honey tea for sore throat.,Using battery acid for skin patches.
739,Acne (Variant 739),Skin,"Fatigue, Vomiting, Cough",2,General Physician,Pomegranate,Deep-fried pakoras,Light stretching,ORS,Standard OTC ORS for symptomatic relief.,500,Warm turmeric milk (Haldi Doodh) for immunity.,Putting onions in armpits to reduce fever.
740,Eczema (Variant 740),Skin,"Vomiting, Headache, Body ache",7,Specialist Doctor,Curd rice,Raw salads (if infectious),Anulom Vilom,N/A - Prescription Required,Severity is high. Automatic recommendation disabled to ensure safety. Consult a doctor.,0,Warm turmeric milk (Haldi Doodh) for immunity.,Using battery acid for skin patches.
741,Heat Rash (Variant 741),Skin,"Stomach pain, Vomiting, Body ache",5,General Physician,Moong Dal Khichdi,Deep-fried pakoras,Anulom Vilom,Paracetamol,Standard OTC Paracetamol for symptomatic relief.,250,Coconut water for rehydration.,Using battery acid for skin patches.
742,Allergic Rhinitis (Variant 742),Respiratory,"Nausea, Headache, Cough",2,General Physician,Boiled vegetables,Deep-fried pakoras,Anulom Vilom,Cetirizine,Standard OTC Cetirizine for symptomatic relief.,500,Warm turmeric milk (Haldi Doodh) for immunity.,Putting onions in armpits to reduce fever.
743,Sunburn (Variant 743),Skin,"Cough, Itching, Nausea",8,Specialist Doctor,Curd rice,Excessive caffeine,Yoga (Pranayama),N/A - Prescription Required,Severity is high. Automatic recommendation disabled to ensure safety. Consult a doctor.,0,Saltwater gargles for throat infection.,Rubbing heavy salt on rashes.
744,Vitamin D Deficiency (Variant 744),General,"Headache, Nausea, Fever",5,General Physician,Pomegranate,Raw salads (if infectious),Yoga (Pranayama),Omeprazole,Standard OTC Omeprazole for symptomatic relief.,250,Coconut water for rehydration.,Applying Colgate/toothpaste on burns (causes infection).
745,Anemia (Variant 745),General,"Cough, Vomiting, Nausea",7,Specialist Doctor,Papaya,Cold drinks,Complete Bed Rest,N/A - Prescription Required,Severity is high. Automatic recommendation disabled to ensure safety. Consult a doctor.,0,Ginger and honey tea for sore throat.,Using battery acid for skin patches.
746,Dehydration (Variant 746),General,"Cough, Fever, Vomiting",1,General Physician,Curd rice,Cold drinks,Brisk walking,Omeprazole,Standard OTC Omeprazole for symptomatic relief.,250,Ginger and honey tea for sore throat.,Using battery acid for skin patches.
747,Sinusitis (Variant 747),Respiratory,"Vomiting, Itching, Stomach pain",7,Specialist Doctor,Moong Dal Khichdi,Spicy street food,Light stretching,N/A - Prescription Required,Severity is high. Automatic recommendation disabled to ensure safety. Consult a doctor.,0,Jeera water for digestion.,Using battery acid for skin patches.
748,Heat Stroke (Variant 748),General,"Fever, Body ache, Itching",10,Specialist Doctor,Boiled vegetables,Deep-fried pakoras,Yoga (Pranayama),N/A - Prescription Required,Severity is high. Automatic recommendation disabled to ensure safety. Consult a doctor.,0,Saltwater gargles for throat infection.,Using battery acid for skin patches.
749,Dengue (Variant 749),Infectious,"Itching, Stomach pain, Vomiting",6,Specialist Doctor,Papaya,Deep-fried pakoras,Brisk walking,N/A - Prescription Required,Severity is high. Automatic recommendation disabled to ensure safety. Consult a doctor.,0,Ginger and honey tea for sore throat.,Putting oil or ghee on open wounds.
750,Dengue (Variant 750),Infectious,"Body ache, Fatigue, Headache",8,Specialist Doctor,Papaya,Cold drinks,Complete Bed Rest,N/A - Prescription Required,Severity is high. Automatic recommendation disabled to ensure safety. Consult a doctor.,0,Jeera water for digestion.,Putting oil or ghee on open wounds.
751,Sinusitis (Variant 751),Respiratory,"Fever, Vomiting, Cough",1,General Physician,Pomegranate,Deep-fried pakoras,Yoga (Pranayama),Ibuprofen,Standard OTC Ibuprofen for symptomatic relief.,650,Coconut water for rehydration.,Applying Colgate/toothpaste on burns (causes infection).
752,Common Cold (Variant 752),Infectious,"Itching, Fatigue, Stomach pain",1,General Physician,Pomegranate,Raw salads (if infectious),Complete Bed Rest,Paracetamol,Standard OTC Paracetamol for symptomatic relief.,250,Ginger and honey tea for sore throat.,Applying Colgate/toothpaste on burns (causes infection).
753,Allergic Rhinitis (Variant 753),Respiratory,"Body ache, Fatigue, Headache",8,Specialist Doctor,Boiled vegetables,Raw salads (if infectious),Anulom Vilom,N/A - Prescription Required,Severity is high. Automatic recommendation disabled to ensure safety. Consult a doctor.,0,Coconut water for rehydration.,Rubbing heavy salt on rashes.
754,Asthma (Variant 754),Respiratory,"Fatigue, Headache, Body ache",4,General Physician,Moong Dal Khichdi,Spicy street food,Anulom Vilom,ORS,Standard OTC ORS for symptomatic relief.,650,Coconut water for rehydration.,Using battery acid for skin patches.
755,Amoebiasis (Variant 755),Gastrointestinal,"Vomiting, Itching, Stomach pain",5,General Physician,Pomegranate,Spicy street food,Brisk walking,ORS,Standard OTC ORS for symptomatic relief.,650,Saltwater gargles for throat infection.,Rubbing heavy salt on rashes.
756,Eczema (Variant 756),Skin,"Nausea, Stomach pain, Fatigue",2,General Physician,Pomegranate,Spicy street food,Brisk walking,Cetirizine,Standard OTC Cetirizine for symptomatic relief.,500,Ginger and honey tea for sore throat.,Using battery acid for skin patches.
757,Heat Stroke (Variant 757),General,"Itching, Fever, Cough",9,Specialist Doctor,Curd rice,Cold drinks,Complete Bed Rest,N/A - Prescription Required,Severity is high. Automatic recommendation disabled to ensure safety. Consult a doctor.,0,Warm turmeric milk (Haldi Doodh) for immunity.,Using battery acid for skin patches.
758,Acidity (Variant 758),Gastrointestinal,"Itching, Nausea, Vomiting",9,Specialist Doctor,Boiled vegetables,Deep-fried pakoras,Light stretching,N/A - Prescription Required,Severity is high. Automatic recommendation disabled to ensure safety. Consult a doctor.,0,Jeera water for digestion.,Putting oil or ghee on open wounds.
759,Common Cold (Variant 759),Infectious,"Headache, Vomiting, Fever",2,General Physician,Pomegranate,Excessive caffeine,Yoga (Pranayama),Omeprazole,Standard OTC Omeprazole for symptomatic relief.,250,Warm turmeric milk (Haldi Doodh) for immunity.,Putting onions in armpits to reduce fever.
760,Fungal Infection (Variant 760),Skin,"Headache, Itching, Stomach pain",8,Specialist Doctor,Papaya,Deep-fried pakoras,Brisk walking,N/A - Prescription Required,Severity is high. Automatic recommendation disabled to ensure safety. Consult a doctor.,0,Jeera water for digestion.,Rubbing heavy salt on rashes.
761,Fungal Infection (Variant 761),Skin,"Nausea, Body ache, Vomiting",8,Specialist Doctor,Papaya,Raw salads (if infectious),Brisk walking,N/A - Prescription Required,Severity is high. Automatic recommendation disabled to ensure safety. Consult a doctor.,0,Warm turmeric milk (Haldi Doodh) for immunity.,Putting oil or ghee on open wounds.
762,Eczema (Variant 762),Skin,"Vomiting, Cough, Body ache",9,Specialist Doctor,Papaya,Excessive caffeine,Brisk walking,N/A - Prescription Required,Severity is high. Automatic recommendation disabled to ensure safety. Consult a doctor.,0,Warm turmeric milk (Haldi Doodh) for immunity.,Applying Colgate/toothpaste on burns (causes infection).
763,Sunburn (Variant 763),Skin,"Fever, Vomiting, Fatigue",5,General Physician,Curd rice,Spicy street food,Anulom Vilom,Cetirizine,Standard OTC Cetirizine for symptomatic relief.,500,Saltwater gargles for throat infection.,Putting oil or ghee on open wounds.
764,Asthma (Variant 764),Respiratory,"Fatigue, Nausea, Fever",2,General Physician,Pomegranate,Deep-fried pakoras,Light stretching,Omeprazole,Standard OTC Omeprazole for symptomatic relief.,650,Warm turmeric milk (Haldi Doodh) for immunity.,Using battery acid for skin patches.
765,Heat Stroke (Variant 765),General,"Body ache, Nausea, Itching",2,General Physician,Papaya,Raw salads (if infectious),Brisk walking,Cetirizine,Standard OTC Cetirizine for symptomatic relief.,250,Coconut water for rehydration.,Applying Colgate/toothpaste on burns (causes infection).
766,Allergic Rhinitis (Variant 766),Respiratory,"Vomiting, Body ache, Stomach pain",10,Specialist Doctor,Papaya,Raw salads (if infectious),Complete Bed Rest,N/A - Prescription Required,Severity is high. Automatic recommendation disabled to ensure safety. Consult a doctor.,0,Warm turmeric milk (Haldi Doodh) for immunity.,Putting oil or ghee on open wounds.
767,Influenza (Variant 767),Infectious,"Nausea, Headache, Stomach pain",7,Specialist Doctor,Papaya,Raw salads (if infectious),Yoga (Pranayama),N/A - Prescription Required,Severity is high. Automatic recommendation disabled to ensure safety. Consult a doctor.,0,Jeera water for digestion.,Rubbing heavy salt on rashes.
768,Anemia (Variant 768),General,"Headache, Fatigue, Nausea",4,General Physician,Boiled vegetables,Excessive caffeine,Yoga (Pranayama),Cetirizine,Standard OTC Cetirizine for symptomatic relief.,500,Warm turmeric milk (Haldi Doodh) for immunity.,Rubbing heavy salt on rashes.
769,Dehydration (Variant 769),General,"Headache, Stomach pain, Nausea",8,Specialist Doctor,Curd rice,Raw salads (if infectious),Anulom Vilom,N/A - Prescription Required,Severity is high. Automatic recommendation disabled to ensure safety. Consult a doctor.,0,Saltwater gargles for throat infection.,Putting oil or ghee on open wounds.
770,Gastritis (Variant 770),Gastrointestinal,"Cough, Vomiting, Fatigue",6,Specialist Doctor,Papaya,Excessive caffeine,Yoga (Pranayama),N/A - Prescription Required,Severity is high. Automatic recommendation disabled to ensure safety. Consult a doctor.,0,Ginger and honey tea for sore throat.,Using battery acid for skin patches.
771,Heat Rash (Variant 771),Skin,"Fever, Cough, Body ache",4,General Physician,Papaya,Raw salads (if infectious),Light stretching,Ibuprofen,Standard OTC Ibuprofen for symptomatic relief.,650,Warm turmeric milk (Haldi Doodh) for immunity.,Applying Colgate/toothpaste on burns (causes infection).
772,Common Cold (Variant 772),Infectious,"Nausea, Body ache, Fever",7,Specialist Doctor,Papaya,Raw salads (if infectious),Brisk walking,N/A - Prescription Required,Severity is high. Automatic recommendation disabled to ensure safety. Consult a doctor.,0,Jeera water for digestion.,Putting oil or ghee on open wounds.
773,Dengue (Variant 773),Infectious,"Fatigue, Fever, Itching",2,General Physician,Curd rice,Spicy street food,Yoga (Pranayama),Cetirizine,Standard OTC Cetirizine for symptomatic relief.,650,Coconut water for rehydration.,Using battery acid for skin patches.
774,Amoebiasis (Variant 774),Gastrointestinal,"Stomach pain, Fatigue, Body ache",8,Specialist Doctor,Moong Dal Khichdi,Spicy street food,Anulom Vilom,N/A - Prescription Required,Severity is high. Automatic recommendation disabled to ensure safety. Consult a doctor.,0,Jeera water for digestion.,Using battery acid for skin patches.
775,Allergic Rhinitis (Variant 775),Respiratory,"Nausea, Cough, Stomach pain",1,General Physician,Papaya,Cold drinks,Anulom Vilom,Ibuprofen,Standard OTC Ibuprofen for symptomatic relief.,500,Coconut water for rehydration.,Rubbing heavy salt on rashes.
776,Allergic Rhinitis (Variant 776),Respiratory,"Cough, Vomiting, Body ache",10,Specialist Doctor,Curd rice,Excessive caffeine,Complete Bed Rest,N/A - Prescription Required,Severity is high. Automatic recommendation disabled to ensure safety. Consult a doctor.,0,Saltwater gargles for throat infection.,Applying Colgate/toothpaste on burns (causes infection).
777,Dehydration (Variant 777),General,"Fatigue, Stomach pain, Fever",1,General Physician,Pomegranate,Deep-fried pakoras,Complete Bed Rest,Cetirizine,Standard OTC Cetirizine for symptomatic relief.,650,Coconut water for rehydration.,Rubbing heavy salt on rashes.
778,Influenza (Variant 778),Infectious,"Fever, Cough, Nausea",6,Specialist Doctor,Curd rice,Excessive caffeine,Brisk walking,N/A - Prescription Required,Severity is high. Automatic recommendation disabled to ensure safety. Consult a doctor.,0,Saltwater gargles for throat infection.,Putting oil or ghee on open wounds.
779,Fungal Infection (Variant 779),Skin,"Itching, Stomach pain, Fever",8,Specialist Doctor,Papaya,Raw salads (if infectious),Complete Bed Rest,N/A - Prescription Required,Severity is high. Automatic recommendation disabled to ensure safety. Consult a doctor.,0,Coconut water for rehydration.,Using battery acid for skin patches.
780,Acidity (Variant 780),Gastrointestinal,"Headache, Cough, Nausea",6,Specialist Doctor,Papaya,Raw salads (if infectious),Brisk walking,N/A - Prescription Required,Severity is high. Automatic recommendation disabled to ensure safety. Consult a doctor.,0,Warm turmeric milk (Haldi Doodh) for immunity.,Rubbing heavy salt on rashes.
781,Asthma (Variant 781),Respiratory,"Fever, Cough, Vomiting",2,General Physician,Pomegranate,Deep-fried pakoras,Complete Bed Rest,Cetirizine,Standard OTC Cetirizine for symptomatic relief.,250,Jeera water for digestion.,Putting oil or ghee on open wounds.
782,Chickenpox (Variant 782),Infectious,"Nausea, Stomach pain, Body ache",2,General Physician,Boiled vegetables,Raw salads (if infectious),Brisk walking,Loperamide,Standard OTC Loperamide for symptomatic relief.,500,Coconut water for rehydration.,Putting oil or ghee on open wounds.
783,Sinusitis (Variant 783),Respiratory,"Cough, Body ache, Vomiting",3,General Physician,Boiled vegetables,Deep-fried pakoras,Complete Bed Rest,Cetirizine,Standard OTC Cetirizine for symptomatic relief.,650,Coconut water for rehydration.,Rubbing heavy salt on rashes.
784,Dengue (Variant 784),Infectious,"Itching, Fatigue, Fever",9,Specialist Doctor,Moong Dal Khichdi,Raw salads (if infectious),Light stretching,N/A - Prescription Required,Severity is high. Automatic recommendation disabled to ensure safety. Consult a doctor.,0,Coconut water for rehydration.,Using battery acid for skin patches.
785,Heat Rash (Variant 785),Skin,"Nausea, Fatigue, Cough",3,General Physician,Papaya,Spicy street food,Brisk walking,ORS,Standard OTC ORS for symptomatic relief.,650,Saltwater gargles for throat infection.,Putting oil or ghee on open wounds.
786,Diarrhea (Variant 786),Gastrointestinal,"Cough, Stomach pain, Vomiting",7,Specialist Doctor,Moong Dal Khichdi,Spicy street food,Complete Bed Rest,N/A - Prescription Required,Severity is high. Automatic recommendation disabled to ensure safety. Consult a doctor.,0,Jeera water for digestion.,Rubbing heavy salt on rashes.
787,Acne (Variant 787),Skin,"Itching, Headache, Body ache",6,Specialist Doctor,Boiled vegetables,Cold drinks,Brisk walking,N/A - Prescription Required,Severity is high. Automatic recommendation disabled to ensure safety. Consult a doctor.,0,Saltwater gargles for throat infection.,Applying Colgate/toothpaste on burns (causes infection).
788,Asthma (Variant 788),Respiratory,"Headache, Body ache, Fatigue",3,General Physician,Curd rice,Excessive caffeine,Anulom Vilom,ORS,Standard OTC ORS for symptomatic relief.,500,Warm turmeric milk (Haldi Doodh) for immunity.,Putting oil or ghee on open wounds.
789,Heat Rash (Variant 789),Skin,"Cough, Stomach pain, Fatigue",9,Specialist Doctor,Pomegranate,Spicy street food,Yoga (Pranayama),N/A - Prescription Required,Severity is high. Automatic recommendation disabled to ensure safety. Consult a doctor.,0,Coconut water for rehydration.,Using battery acid for skin patches.
790,Gastritis (Variant 790),Gastrointestinal,"Vomiting, Body ache, Stomach pain",6,Specialist Doctor,Boiled vegetables,Cold drinks,Yoga (Pranayama),N/A - Prescription Required,Severity is high. Automatic recommendation disabled to ensure safety. Consult a doctor.,0,Warm turmeric milk (Haldi Doodh) for immunity.,Putting oil or ghee on open wounds.
791,Asthma (Variant 791),Respiratory,"Cough, Fever, Fatigue",3,General Physician,Papaya,Cold drinks,Brisk walking,Paracetamol,Standard OTC Paracetamol for symptomatic relief.,250,Saltwater gargles for throat infection.,Applying Colgate/toothpaste on burns (causes infection).
792,Food Poisoning (Variant 792),Gastrointestinal,"Itching, Body ache, Vomiting",6,Specialist Doctor,Moong Dal Khichdi,Deep-fried pakoras,Complete Bed Rest,N/A - Prescription Required,Severity is high. Automatic recommendation disabled to ensure safety. Consult a doctor.,0,Jeera water for digestion.,Putting onions in armpits to reduce fever.
793,Sinusitis (Variant 793),Respiratory,"Fatigue, Fever, Itching",7,Specialist Doctor,Moong Dal Khichdi,Excessive caffeine,Complete Bed Rest,N/A - Prescription Required,Severity is high. Automatic recommendation disabled to ensure safety. Consult a doctor.,0,Saltwater gargles for throat infection.,Using battery acid for skin patches.
794,Asthma (Variant 794),Respiratory,"Fatigue, Body ache, Stomach pain",4,General Physician,Papaya,Spicy street food,Anulom Vilom,Cetirizine,Standard OTC Cetirizine for symptomatic relief.,250,Saltwater gargles for throat infection.,Putting onions in armpits to reduce fever.
795,Acidity (Variant 795),Gastrointestinal,"Headache, Itching, Body ache",8,Specialist Doctor,Curd rice,Excessive caffeine,Brisk walking,N/A - Prescription Required,Severity is high. Automatic recommendation disabled to ensure safety. Consult a doctor.,0,Ginger and honey tea for sore throat.,Rubbing heavy salt on rashes.
796,Sinusitis (Variant 796),Respiratory,"Body ache, Fever, Vomiting",8,Specialist Doctor,Curd rice,Spicy street food,Complete Bed Rest,N/A - Prescription Required,Severity is high. Automatic recommendation disabled to ensure safety. Consult a doctor.,0,Coconut water for rehydration.,Applying Colgate/toothpaste on burns (causes infection).
797,Heat Stroke (Variant 797),General,"Cough, Vomiting, Stomach pain",5,General Physician,Curd rice,Raw salads (if infectious),Yoga (Pranayama),ORS,Standard OTC ORS for symptomatic relief.,500,Jeera water for digestion.,Applying Colgate/toothpaste on burns (causes infection).
798,Sunburn (Variant 798),Skin,"Stomach pain, Nausea, Cough",4,General Physician,Moong Dal Khichdi,Excessive caffeine,Yoga (Pranayama),Cetirizine,Standard OTC Cetirizine for symptomatic relief.,250,Saltwater gargles for throat infection.,Rubbing heavy salt on rashes.
799,Amoebiasis (Variant 799),Gastrointestinal,"Stomach pain, Nausea, Fatigue",8,Specialist Doctor,Curd rice,Raw salads (if infectious),Light stretching,N/A - Prescription Required,Severity is high. Automatic recommendation disabled to ensure safety. Consult a doctor.,0,Jeera water for digestion.,Rubbing heavy salt on rashes.
800,Sinusitis (Variant 800),Respiratory,"Cough, Itching, Fever",10,Specialist Doctor,Moong Dal Khichdi,Excessive caffeine,Light stretching,N/A - Prescription Required,Severity is high. Automatic recommendation disabled to ensure safety. Consult a doctor.,0,Saltwater gargles for throat infection.,Putting oil or ghee on open wounds.
801,Sinusitis (Variant 801),Respiratory,"Fatigue, Vomiting, Nausea",2,General Physician,Moong Dal Khichdi,Cold drinks,Light stretching,Cetirizine,Standard OTC Cetirizine for symptomatic relief.,250,Coconut water for rehydration.,Rubbing heavy salt on rashes.
802,Heat Stroke (Variant 802),General,"Fatigue, Itching, Cough",1,General Physician,Moong Dal Khichdi,Excessive caffeine,Light stretching,Paracetamol,Standard OTC Paracetamol for symptomatic relief.,650,Jeera water for digestion.,Rubbing heavy salt on rashes.
803,Anemia (Variant 803),General,"Headache, Cough, Nausea",5,General Physician,Curd rice,Spicy street food,Anulom Vilom,Paracetamol,Standard OTC Paracetamol for symptomatic relief.,500,Saltwater gargles for throat infection.,Rubbing heavy salt on rashes.
804,Bronchitis (Variant 804),Respiratory,"Cough, Stomach pain, Itching",10,Specialist Doctor,Boiled vegetables,Raw salads (if infectious),Complete Bed Rest,N/A - Prescription Required,Severity is high. Automatic recommendation disabled to ensure safety. Consult a doctor.,0,Ginger and honey tea for sore throat.,Putting onions in armpits to reduce fever.
805,Acne (Variant 805),Skin,"Itching, Fatigue, Body ache",2,General Physician,Moong Dal Khichdi,Deep-fried pakoras,Light stretching,Ibuprofen,Standard OTC Ibuprofen for symptomatic relief.,500,Coconut water for rehydration.,Rubbing heavy salt on rashes.
806,Amoebiasis (Variant 806),Gastrointestinal,"Itching, Nausea, Body ache",3,General Physician,Boiled vegetables,Spicy street food,Complete Bed Rest,Paracetamol,Standard OTC Paracetamol for symptomatic relief.,650,Ginger and honey tea for sore throat.,Putting onions in armpits to reduce fever.
807,Vitamin D Deficiency (Variant 807),General,"Vomiting, Nausea, Itching",3,General Physician,Pomegranate,Spicy street food,Complete Bed Rest,Loperamide,Standard OTC Loperamide for symptomatic relief.,250,Saltwater gargles for throat infection.,Putting onions in armpits to reduce fever.
808,Anemia (Variant 808),General,"Fever, Body ache, Fatigue",2,General Physician,Curd rice,Spicy street food,Anulom Vilom,Cetirizine,Standard OTC Cetirizine for symptomatic relief.,500,Warm turmeric milk (Haldi Doodh) for immunity.,Applying Colgate/toothpaste on burns (causes infection).
809,Amoebiasis (Variant 809),Gastrointestinal,"Headache, Fatigue, Stomach pain",5,General Physician,Papaya,Deep-fried pakoras,Yoga (Pranayama),Omeprazole,Standard OTC Omeprazole for symptomatic relief.,250,Warm turmeric milk (Haldi Doodh) for immunity.,Putting onions in armpits to reduce fever.
810,Acidity (Variant 810),Gastrointestinal,"Vomiting, Fever, Stomach pain",1,General Physician,Curd rice,Raw salads (if infectious),Light stretching,Omeprazole,Standard OTC Omeprazole for symptomatic relief.,500,Warm turmeric milk (Haldi Doodh) for immunity.,Applying Colgate/toothpaste on burns (causes infection).
811,Fungal Infection (Variant 811),Skin,"Vomiting, Body ache, Itching",10,Specialist Doctor,Curd rice,Spicy street food,Brisk walking,N/A - Prescription Required,Severity is high. Automatic recommendation disabled to ensure safety. Consult a doctor.,0,Warm turmeric milk (Haldi Doodh) for immunity.,Putting oil or ghee on open wounds.
812,Allergic Rhinitis (Variant 812),Respiratory,"Body ache, Fever, Nausea",1,General Physician,Pomegranate,Deep-fried pakoras,Yoga (Pranayama),Paracetamol,Standard OTC Paracetamol for symptomatic relief.,500,Warm turmeric milk (Haldi Doodh) for immunity.,Putting onions in armpits to reduce fever.
813,Typhoid (Variant 813),Infectious,"Fever, Nausea, Vomiting",1,General Physician,Curd rice,Excessive caffeine,Brisk walking,ORS,Standard OTC ORS for symptomatic relief.,650,Warm turmeric milk (Haldi Doodh) for immunity.,Using battery acid for skin patches.
814,Acne (Variant 814),Skin,"Fatigue, Fever, Stomach pain",5,General Physician,Boiled vegetables,Raw salads (if infectious),Light stretching,Cetirizine,Standard OTC Cetirizine for symptomatic relief.,500,Coconut water for rehydration.,Putting oil or ghee on open wounds.
815,Typhoid (Variant 815),Infectious,"Body ache, Cough, Itching",8,Specialist Doctor,Moong Dal Khichdi,Excessive caffeine,Complete Bed Rest,N/A - Prescription Required,Severity is high. Automatic recommendation disabled to ensure safety. Consult a doctor.,0,Warm turmeric milk (Haldi Doodh) for immunity.,Using battery acid for skin patches.
816,Vitamin D Deficiency (Variant 816),General,"Stomach pain, Fever, Itching",10,Specialist Doctor,Papaya,Raw salads (if infectious),Yoga (Pranayama),N/A - Prescription Required,Severity is high. Automatic recommendation disabled to ensure safety. Consult a doctor.,0,Jeera water for digestion.,Using battery acid for skin patches.
817,Asthma (Variant 817),Respiratory,"Fatigue, Nausea, Fever",5,General Physician,Moong Dal Khichdi,Excessive caffeine,Yoga (Pranayama),Loperamide,Standard OTC Loperamide for symptomatic relief.,650,Coconut water for rehydration.,Putting oil or ghee on open wounds.
818,Dehydration (Variant 818),General,"Itching, Headache, Cough",2,General Physician,Curd rice,Raw salads (if infectious),Light stretching,Loperamide,Standard OTC Loperamide for symptomatic relief.,250,Ginger and honey tea for sore throat.,Putting onions in armpits to reduce fever.
819,Heat Stroke (Variant 819),General,"Headache, Cough, Fatigue",10,Specialist Doctor,Curd rice,Spicy street food,Complete Bed Rest,N/A - Prescription Required,Severity is high. Automatic recommendation disabled to ensure safety. Consult a doctor.,0,Jeera water for digestion.,Applying Colgate/toothpaste on burns (causes infection).
820,Asthma (Variant 820),Respiratory,"Fatigue, Headache, Cough",1,General Physician,Curd rice,Excessive caffeine,Anulom Vilom,Cetirizine,Standard OTC Cetirizine for symptomatic relief.,250,Ginger and honey tea for sore throat.,Putting oil or ghee on open wounds.
821,Common Cold (Variant 821),Infectious,"Cough, Body ache, Headache",4,General Physician,Moong Dal Khichdi,Deep-fried pakoras,Brisk walking,Paracetamol,Standard OTC Paracetamol for symptomatic relief.,250,Warm turmeric milk (Haldi Doodh) for immunity.,Putting onions in armpits to reduce fever.
822,Allergic Rhinitis (Variant 822),Respiratory,"Fever, Fatigue, Itching",1,General Physician,Curd rice,Spicy street food,Brisk walking,Loperamide,Standard OTC Loperamide for symptomatic relief.,500,Saltwater gargles for throat infection.,Putting onions in armpits to reduce fever.
823,Food Poisoning (Variant 823),Gastrointestinal,"Vomiting, Headache, Fatigue",3,General Physician,Curd rice,Cold drinks,Light stretching,Paracetamol,Standard OTC Paracetamol for symptomatic relief.,650,Warm turmeric milk (Haldi Doodh) for immunity.,Using battery acid for skin patches.
824,Gastritis (Variant 824),Gastrointestinal,"Body ache, Nausea, Fatigue",1,General Physician,Papaya,Spicy street food,Anulom Vilom,Omeprazole,Standard OTC Omeprazole for symptomatic relief.,500,Ginger and honey tea for sore throat.,Putting oil or ghee on open wounds.
825,Chickenpox (Variant 825),Infectious,"Cough, Vomiting, Itching",7,Specialist Doctor,Boiled vegetables,Deep-fried pakoras,Brisk walking,N/A - Prescription Required,Severity is high. Automatic recommendation disabled to ensure safety. Consult a doctor.,0,Coconut water for rehydration.,Putting oil or ghee on open wounds.
826,Diarrhea (Variant 826),Gastrointestinal,"Headache, Stomach pain, Itching",2,General Physician,Papaya,Spicy street food,Complete Bed Rest,Omeprazole,Standard OTC Omeprazole for symptomatic relief.,500,Jeera water for digestion.,Putting oil or ghee on open wounds.
827,Amoebiasis (Variant 827),Gastrointestinal,"Fatigue, Stomach pain, Cough",6,Specialist Doctor,Pomegranate,Excessive caffeine,Light stretching,N/A - Prescription Required,Severity is high. Automatic recommendation disabled to ensure safety. Consult a doctor.,0,Warm turmeric milk (Haldi Doodh) for immunity.,Using battery acid for skin patches.
828,Acne (Variant 828),Skin,"Fever, Vomiting, Stomach pain",7,Specialist Doctor,Boiled vegetables,Deep-fried pakoras,Yoga (Pranayama),N/A - Prescription Required,Severity is high. Automatic recommendation disabled to ensure safety. Consult a doctor.,0,Saltwater gargles for throat infection.,Putting onions in armpits to reduce fever.
829,Malaria (Variant 829),Infectious,"Vomiting, Stomach pain, Body ache",10,Specialist Doctor,Pomegranate,Deep-fried pakoras,Light stretching,N/A - Prescription Required,Severity is high. Automatic recommendation disabled to ensure safety. Consult a doctor.,0,Coconut water for rehydration.,Rubbing heavy salt on rashes.
830,Acidity (Variant 830),Gastrointestinal,"Stomach pain, Body ache, Nausea",6,Specialist Doctor,Moong Dal Khichdi,Raw salads (if infectious),Yoga (Pranayama),N/A - Prescription Required,Severity is high. Automatic recommendation disabled to ensure safety. Consult a doctor.,0,Ginger and honey tea for sore throat.,Using battery acid for skin patches.
831,Heat Rash (Variant 831),Skin,"Fever, Vomiting, Cough",10,Specialist Doctor,Pomegranate,Excessive caffeine,Yoga (Pranayama),N/A - Prescription Required,Severity is high. Automatic recommendation disabled to ensure safety. Consult a doctor.,0,Saltwater gargles for throat infection.,Using battery acid for skin patches.
832,Amoebiasis (Variant 832),Gastrointestinal,"Fever, Fatigue, Body ache",3,General Physician,Pomegranate,Excessive caffeine,Brisk walking,ORS,Standard OTC ORS for symptomatic relief.,500,Coconut water for rehydration.,Putting oil or ghee on open wounds.
833,Acne (Variant 833),Skin,"Fever, Fatigue, Headache",6,Specialist Doctor,Moong Dal Khichdi,Spicy street food,Brisk walking,N/A - Prescription Required,Severity is high. Automatic recommendation disabled to ensure safety. Consult a doctor.,0,Coconut water for rehydration.,Putting onions in armpits to reduce fever.
834,Sunburn (Variant 834),Skin,"Itching, Headache, Fever",9,Specialist Doctor,Boiled vegetables,Excessive caffeine,Brisk walking,N/A - Prescription Required,Severity is high. Automatic recommendation disabled to ensure safety. Consult a doctor.,0,Saltwater gargles for throat infection.,Applying Colgate/toothpaste on burns (causes infection).
835,Asthma (Variant 835),Respiratory,"Fatigue, Nausea, Fever",2,General Physician,Papaya,Excessive caffeine,Complete Bed Rest,Cetirizine,Standard OTC Cetirizine for symptomatic relief.,650,Coconut water for rehydration.,Putting onions in armpits to reduce fever.
836,Vitamin D Deficiency (Variant 836),General,"Itching, Stomach pain, Fever",5,General Physician,Curd rice,Spicy street food,Complete Bed Rest,Cetirizine,Standard OTC Cetirizine for symptomatic relief.,250,Saltwater gargles for throat infection.,Putting onions in armpits to reduce fever.
837,Dehydration (Variant 837),General,"Fever, Headache, Fatigue",6,Specialist Doctor,Papaya,Spicy street food,Anulom Vilom,N/A - Prescription Required,Severity is high. Automatic recommendation disabled to ensure safety. Consult a doctor.,0,Coconut water for rehydration.,Using battery acid for skin patches.
838,Dengue (Variant 838),Infectious,"Itching, Stomach pain, Cough",2,General Physician,Curd rice,Excessive caffeine,Light stretching,Loperamide,Standard OTC Loperamide for symptomatic relief.,650,Warm turmeric milk (Haldi Doodh) for immunity.,Putting oil or ghee on open wounds.
839,Dehydration (Variant 839),General,"Cough, Nausea, Body ache",8,Specialist Doctor,Pomegranate,Spicy street food,Light stretching,N/A - Prescription Required,Severity is high. Automatic recommendation disabled to ensure safety. Consult a doctor.,0,Coconut water for rehydration.,Applying Colgate/toothpaste on burns (causes infection).
840,Sinusitis (Variant 840),Respiratory,"Fever, Headache, Vomiting",4,General Physician,Boiled vegetables,Excessive caffeine,Brisk walking,Paracetamol,Standard OTC Paracetamol for symptomatic relief.,650,Coconut water for rehydration.,Using battery acid for skin patches.
841,Vitamin D Deficiency (Variant 841),General,"Body ache, Cough, Stomach pain",5,General Physician,Papaya,Excessive caffeine,Anulom Vilom,Omeprazole,Standard OTC Omeprazole for symptomatic relief.,650,Warm turmeric milk (Haldi Doodh) for immunity.,Putting oil or ghee on open wounds.
842,Common Cold (Variant 842),Infectious,"Stomach pain, Body ache, Vomiting",2,General Physician,Moong Dal Khichdi,Raw salads (if infectious),Yoga (Pranayama),ORS,Standard OTC ORS for symptomatic relief.,250,Coconut water for rehydration.,Putting oil or ghee on open wounds.
843,Common Cold (Variant 843),Infectious,"Headache, Fever, Vomiting",5,General Physician,Moong Dal Khichdi,Spicy street food,Anulom Vilom,Loperamide,Standard OTC Loperamide for symptomatic relief.,250,Saltwater gargles for throat infection.,Applying Colgate/toothpaste on burns (causes infection).
844,Acidity (Variant 844),Gastrointestinal,"Body ache, Itching, Cough",9,Specialist Doctor,Boiled vegetables,Deep-fried pakoras,Brisk walking,N/A - Prescription Required,Severity is high. Automatic recommendation disabled to ensure safety. Consult a doctor.,0,Warm turmeric milk (Haldi Doodh) for immunity.,Applying Colgate/toothpaste on burns (causes infection).
845,Sinusitis (Variant 845),Respiratory,"Vomiting, Fatigue, Fever",2,General Physician,Papaya,Excessive caffeine,Light stretching,Ibuprofen,Standard OTC Ibuprofen for symptomatic relief.,500,Warm turmeric milk (Haldi Doodh) for immunity.,Putting onions in armpits to reduce fever.
846,Common Cold (Variant 846),Infectious,"Cough, Body ache, Fatigue",4,General Physician,Curd rice,Raw salads (if infectious),Light stretching,ORS,Standard OTC ORS for symptomatic relief.,650,Jeera water for digestion.,Using battery acid for skin patches.
847,Sunburn (Variant 847),Skin,"Cough, Fatigue, Stomach pain",9,Specialist Doctor,Pomegranate,Cold drinks,Anulom Vilom,N/A - Prescription Required,Severity is high. Automatic recommendation disabled to ensure safety. Consult a doctor.,0,Ginger and honey tea for sore throat.,Rubbing heavy salt on rashes.
848,Dengue (Variant 848),Infectious,"Fever, Vomiting, Stomach pain",5,General Physician,Moong Dal Khichdi,Deep-fried pakoras,Anulom Vilom,ORS,Standard OTC ORS for symptomatic relief.,500,Warm turmeric milk (Haldi Doodh) for immunity.,Using battery acid for skin patches.
849,Bronchitis (Variant 849),Respiratory,"Fever, Fatigue, Vomiting",1,General Physician,Pomegranate,Excessive caffeine,Anulom Vilom,Loperamide,Standard OTC Loperamide for symptomatic relief.,650,Warm turmeric milk (Haldi Doodh) for immunity.,Using battery acid for skin patches.
850,Sinusitis (Variant 850),Respiratory,"Stomach pain, Fatigue, Body ache",10,Specialist Doctor,Curd rice,Excessive caffeine,Light stretching,N/A - Prescription Required,Severity is high. Automatic recommendation disabled to ensure safety. Consult a doctor.,0,Jeera water for digestion.,Applying Colgate/toothpaste on burns (causes infection).
851,Allergic Rhinitis (Variant 851),Respiratory,"Headache, Nausea, Body ache",1,General Physician,Moong Dal Khichdi,Raw salads (if infectious),Brisk walking,Omeprazole,Standard OTC Omeprazole for symptomatic relief.,650,Saltwater gargles for throat infection.,Putting onions in armpits to reduce fever.
852,Heat Stroke (Variant 852),General,"Stomach pain, Vomiting, Headache",6,Specialist Doctor,Boiled vegetables,Raw salads (if infectious),Light stretching,N/A - Prescription Required,Severity is high. Automatic recommendation disabled to ensure safety. Consult a doctor.,0,Saltwater gargles for throat infection.,Using battery acid for skin patches.
853,Allergic Rhinitis (Variant 853),Respiratory,"Body ache, Fever, Vomiting",6,Specialist Doctor,Papaya,Spicy street food,Light stretching,N/A - Prescription Required,Severity is high. Automatic recommendation disabled to ensure safety. Consult a doctor.,0,Ginger and honey tea for sore throat.,Using battery acid for skin patches.
854,Sinusitis (Variant 854),Respiratory,"Stomach pain, Itching, Fever",5,General Physician,Papaya,Raw salads (if infectious),Yoga (Pranayama),Loperamide,Standard OTC Loperamide for symptomatic relief.,650,Ginger and honey tea for sore throat.,Rubbing heavy salt on rashes.
855,Vitamin D Deficiency (Variant 855),General,"Nausea, Body ache, Vomiting",6,Specialist Doctor,Curd rice,Spicy street food,Complete Bed Rest,N/A - Prescription Required,Severity is high. Automatic recommendation disabled to ensure safety. Consult a doctor.,0,Jeera water for digestion.,Putting onions in armpits to reduce fever.
856,Dehydration (Variant 856),General,"Fatigue, Stomach pain, Vomiting",8,Specialist Doctor,Pomegranate,Deep-fried pakoras,Complete Bed Rest,N/A - Prescription Required,Severity is high. Automatic recommendation disabled to ensure safety. Consult a doctor.,0,Warm turmeric milk (Haldi Doodh) for immunity.,Putting oil or ghee on open wounds.
857,Allergic Rhinitis (Variant 857),Respiratory,"Fever, Vomiting, Body ache",8,Specialist Doctor,Moong Dal Khichdi,Spicy street food,Yoga (Pranayama),N/A - Prescription Required,Severity is high. Automatic recommendation disabled to ensure safety. Consult a doctor.,0,Jeera water for digestion.,Putting oil or ghee on open wounds.
858,Chickenpox (Variant 858),Infectious,"Headache, Fatigue, Body ache",6,Specialist Doctor,Papaya,Raw salads (if infectious),Complete Bed Rest,N/A - Prescription Required,Severity is high. Automatic recommendation disabled to ensure safety. Consult a doctor.,0,Coconut water for rehydration.,Applying Colgate/toothpaste on burns (causes infection).
859,Eczema (Variant 859),Skin,"Body ache, Headache, Nausea",4,General Physician,Papaya,Cold drinks,Brisk walking,Loperamide,Standard OTC Loperamide for symptomatic relief.,250,Ginger and honey tea for sore throat.,Putting oil or ghee on open wounds.
860,Sunburn (Variant 860),Skin,"Fever, Body ache, Vomiting",4,General Physician,Boiled vegetables,Deep-fried pakoras,Light stretching,Omeprazole,Standard OTC Omeprazole for symptomatic relief.,250,Coconut water for rehydration.,Applying Colgate/toothpaste on burns (causes infection).
861,Vitamin D Deficiency (Variant 861),General,"Body ache, Fatigue, Fever",4,General Physician,Boiled vegetables,Deep-fried pakoras,Anulom Vilom,Omeprazole,Standard OTC Omeprazole for symptomatic relief.,500,Coconut water for rehydration.,Applying Colgate/toothpaste on burns (causes infection).
862,Sinusitis (Variant 862),Respiratory,"Headache, Fatigue, Itching",4,General Physician,Papaya,Spicy street food,Light stretching,Paracetamol,Standard OTC Paracetamol for symptomatic relief.,650,Warm turmeric milk (Haldi Doodh) for immunity.,Putting onions in armpits to reduce fever.
863,Eczema (Variant 863),Skin,"Itching, Headache, Fever",7,Specialist Doctor,Pomegranate,Cold drinks,Yoga (Pranayama),N/A - Prescription Required,Severity is high. Automatic recommendation disabled to ensure safety. Consult a doctor.,0,Jeera water for digestion.,Putting oil or ghee on open wounds.
864,Gastritis (Variant 864),Gastrointestinal,"Fever, Fatigue, Body ache",3,General Physician,Curd rice,Cold drinks,Complete Bed Rest,Loperamide,Standard OTC Loperamide for symptomatic relief.,250,Ginger and honey tea for sore throat.,Putting onions in armpits to reduce fever.
865,Amoebiasis (Variant 865),Gastrointestinal,"Itching, Cough, Headache",9,Specialist Doctor,Papaya,Excessive caffeine,Yoga (Pranayama),N/A - Prescription Required,Severity is high. Automatic recommendation disabled to ensure safety. Consult a doctor.,0,Saltwater gargles for throat infection.,Rubbing heavy salt on rashes.
866,Dehydration (Variant 866),General,"Stomach pain, Vomiting, Itching",8,Specialist Doctor,Papaya,Spicy street food,Brisk walking,N/A - Prescription Required,Severity is high. Automatic recommendation disabled to ensure safety. Consult a doctor.,0,Saltwater gargles for throat infection.,Applying Colgate/toothpaste on burns (causes infection).
867,Heat Rash (Variant 867),Skin,"Fatigue, Nausea, Stomach pain",4,General Physician,Boiled vegetables,Raw salads (if infectious),Anulom Vilom,Ibuprofen,Standard OTC Ibuprofen for symptomatic relief.,650,Ginger and honey tea for sore throat.,Using battery acid for skin patches.
868,Acne (Variant 868),Skin,"Cough, Stomach pain, Fatigue",4,General Physician,Moong Dal Khichdi,Deep-fried pakoras,Complete Bed Rest,Paracetamol,Standard OTC Paracetamol for symptomatic relief.,650,Ginger and honey tea for sore throat.,Using battery acid for skin patches.
869,Vitamin D Deficiency (Variant 869),General,"Fatigue, Vomiting, Cough",7,Specialist Doctor,Pomegranate,Spicy street food,Complete Bed Rest,N/A - Prescription Required,Severity is high. Automatic recommendation disabled to ensure safety. Consult a doctor.,0,Warm turmeric milk (Haldi Doodh) for immunity.,Applying Colgate/toothpaste on burns (causes infection).
870,Gastritis (Variant 870),Gastrointestinal,"Nausea, Itching, Headache",6,Specialist Doctor,Boiled vegetables,Deep-fried pakoras,Anulom Vilom,N/A - Prescription Required,Severity is high. Automatic recommendation disabled to ensure safety. Consult a doctor.,0,Warm turmeric milk (Haldi Doodh) for immunity.,Using battery acid for skin patches.
871,Vitamin D Deficiency (Variant 871),General,"Itching, Body ache, Fever",7,Specialist Doctor,Papaya,Raw salads (if infectious),Light stretching,N/A - Prescription Required,Severity is high. Automatic recommendation disabled to ensure safety. Consult a doctor.,0,Ginger and honey tea for sore throat.,Using battery acid for skin patches.
872,Malaria (Variant 872),Infectious,"Fever, Headache, Body ache",9,Specialist Doctor,Moong Dal Khichdi,Deep-fried pakoras,Yoga (Pranayama),N/A - Prescription Required,Severity is high. Automatic recommendation disabled to ensure safety. Consult a doctor.,0,Coconut water for rehydration.,Rubbing heavy salt on rashes.
873,Heat Stroke (Variant 873),General,"Itching, Body ache, Headache",9,Specialist Doctor,Pomegranate,Deep-fried pakoras,Anulom Vilom,N/A - Prescription Required,Severity is high. Automatic recommendation disabled to ensure safety. Consult a doctor.,0,Saltwater gargles for throat infection.,Putting onions in armpits to reduce fever.
874,Acidity (Variant 874),Gastrointestinal,"Nausea, Body ache, Fever",5,General Physician,Boiled vegetables,Excessive caffeine,Yoga (Pranayama),ORS,Standard OTC ORS for symptomatic relief.,650,Ginger and honey tea for sore throat.,Applying Colgate/toothpaste on burns (causes infection).
875,Amoebiasis (Variant 875),Gastrointestinal,"Stomach pain, Fatigue, Body ache",8,Specialist Doctor,Papaya,Cold drinks,Yoga (Pranayama),N/A - Prescription Required,Severity is high. Automatic recommendation disabled to ensure safety. Consult a doctor.,0,Coconut water for rehydration.,Applying Colgate/toothpaste on burns (causes infection).
876,Acne (Variant 876),Skin,"Fever, Stomach pain, Itching",7,Specialist Doctor,Pomegranate,Excessive caffeine,Light stretching,N/A - Prescription Required,Severity is high. Automatic recommendation disabled to ensure safety. Consult a doctor.,0,Warm turmeric milk (Haldi Doodh) for immunity.,Rubbing heavy salt on rashes.
877,Acidity (Variant 877),Gastrointestinal,"Body ache, Itching, Vomiting",3,General Physician,Moong Dal Khichdi,Deep-fried pakoras,Yoga (Pranayama),Omeprazole,Standard OTC Omeprazole for symptomatic relief.,500,Warm turmeric milk (Haldi Doodh) for immunity.,Rubbing heavy salt on rashes.
878,Gastritis (Variant 878),Gastrointestinal,"Itching, Nausea, Body ache",1,General Physician,Pomegranate,Spicy street food,Yoga (Pranayama),Ibuprofen,Standard OTC Ibuprofen for symptomatic relief.,250,Coconut water for rehydration.,Using battery acid for skin patches.
879,Amoebiasis (Variant 879),Gastrointestinal,"Itching, Cough, Vomiting",7,Specialist Doctor,Boiled vegetables,Raw salads (if infectious),Light stretching,N/A - Prescription Required,Severity is high. Automatic recommendation disabled to ensure safety. Consult a doctor.,0,Saltwater gargles for throat infection.,Applying Colgate/toothpaste on burns (causes infection).
880,Dengue (Variant 880),Infectious,"Body ache, Cough, Stomach pain",10,Specialist Doctor,Pomegranate,Cold drinks,Light stretching,N/A - Prescription Required,Severity is high. Automatic recommendation disabled to ensure safety. Consult a doctor.,0,Coconut water for rehydration.,Rubbing heavy salt on rashes.
881,Vitamin D Deficiency (Variant 881),General,"Fever, Body ache, Vomiting",3,General Physician,Pomegranate,Spicy street food,Yoga (Pranayama),ORS,Standard OTC ORS for symptomatic relief.,500,Ginger and honey tea for sore throat.,Applying Colgate/toothpaste on burns (causes infection).
882,Malaria (Variant 882),Infectious,"Headache, Cough, Fever",6,Specialist Doctor,Moong Dal Khichdi,Spicy street food,Complete Bed Rest,N/A - Prescription Required,Severity is high. Automatic recommendation disabled to ensure safety. Consult a doctor.,0,Ginger and honey tea for sore throat.,Putting onions in armpits to reduce fever.
883,Dehydration (Variant 883),General,"Stomach pain, Cough, Vomiting",7,Specialist Doctor,Pomegranate,Raw salads (if infectious),Brisk walking,N/A - Prescription Required,Severity is high. Automatic recommendation disabled to ensure safety. Consult a doctor.,0,Jeera water for digestion.,Using battery acid for skin patches.
884,Fungal Infection (Variant 884),Skin,"Body ache, Nausea, Fever",5,General Physician,Papaya,Raw salads (if infectious),Yoga (Pranayama),ORS,Standard OTC ORS for symptomatic relief.,650,Jeera water for digestion.,Rubbing heavy salt on rashes.
885,Influenza (Variant 885),Infectious,"Cough, Headache, Itching",3,General Physician,Curd rice,Deep-fried pakoras,Yoga (Pranayama),Ibuprofen,Standard OTC Ibuprofen for symptomatic relief.,650,Saltwater gargles for throat infection.,Using battery acid for skin patches.
886,Typhoid (Variant 886),Infectious,"Vomiting, Nausea, Headache",7,Specialist Doctor,Moong Dal Khichdi,Deep-fried pakoras,Light stretching,N/A - Prescription Required,Severity is high. Automatic recommendation disabled to ensure safety. Consult a doctor.,0,Warm turmeric milk (Haldi Doodh) for immunity.,Putting onions in armpits to reduce fever.
887,Anemia (Variant 887),General,"Stomach pain, Fatigue, Headache",10,Specialist Doctor,Pomegranate,Raw salads (if infectious),Anulom Vilom,N/A - Prescription Required,Severity is high. Automatic recommendation disabled to ensure safety. Consult a doctor.,0,Coconut water for rehydration.,Rubbing heavy salt on rashes.
888,Heat Rash (Variant 888),Skin,"Fever, Nausea, Itching",9,Specialist Doctor,Boiled vegetables,Raw salads (if infectious),Light stretching,N/A - Prescription Required,Severity is high. Automatic recommendation disabled to ensure safety. Consult a doctor.,0,Coconut water for rehydration.,Putting onions in armpits to reduce fever.
889,Bronchitis (Variant 889),Respiratory,"Itching, Headache, Stomach pain",3,General Physician,Pomegranate,Raw salads (if infectious),Complete Bed Rest,Omeprazole,Standard OTC Omeprazole for symptomatic relief.,500,Warm turmeric milk (Haldi Doodh) for immunity.,Rubbing heavy salt on rashes.
890,Vitamin D Deficiency (Variant 890),General,"Body ache, Fever, Fatigue",6,Specialist Doctor,Boiled vegetables,Spicy street food,Yoga (Pranayama),N/A - Prescription Required,Severity is high. Automatic recommendation disabled to ensure safety. Consult a doctor.,0,Warm turmeric milk (Haldi Doodh) for immunity.,Putting oil or ghee on open wounds.
891,Sunburn (Variant 891),Skin,"Itching, Cough, Headache",3,General Physician,Boiled vegetables,Excessive caffeine,Anulom Vilom,Paracetamol,Standard OTC Paracetamol for symptomatic relief.,250,Jeera water for digestion.,Rubbing heavy salt on rashes.
892,Sunburn (Variant 892),Skin,"Vomiting, Fever, Nausea",1,General Physician,Boiled vegetables,Raw salads (if infectious),Yoga (Pranayama),Loperamide,Standard OTC Loperamide for symptomatic relief.,250,Coconut water for rehydration.,Rubbing heavy salt on rashes.
893,Influenza (Variant 893),Infectious,"Stomach pain, Body ache, Headache",4,General Physician,Curd rice,Spicy street food,Anulom Vilom,Ibuprofen,Standard OTC Ibuprofen for symptomatic relief.,650,Ginger and honey tea for sore throat.,Putting oil or ghee on open wounds.
894,Eczema (Variant 894),Skin,"Stomach pain, Headache, Fatigue",10,Specialist Doctor,Papaya,Excessive caffeine,Yoga (Pranayama),N/A - Prescription Required,Severity is high. Automatic recommendation disabled to ensure safety. Consult a doctor.,0,Ginger and honey tea for sore throat.,Putting onions in armpits to reduce fever.
895,Sinusitis (Variant 895),Respiratory,"Cough, Body ache, Nausea",9,Specialist Doctor,Moong Dal Khichdi,Cold drinks,Complete Bed Rest,N/A - Prescription Required,Severity is high. Automatic recommendation disabled to ensure safety. Consult a doctor.,0,Ginger and honey tea for sore throat.,Putting oil or ghee on open wounds.
896,Food Poisoning (Variant 896),Gastrointestinal,"Vomiting, Fatigue, Itching",10,Specialist Doctor,Pomegranate,Spicy street food,Brisk walking,N/A - Prescription Required,Severity is high. Automatic recommendation disabled to ensure safety. Consult a doctor.,0,Saltwater gargles for throat infection.,Using battery acid for skin patches.
897,Sinusitis (Variant 897),Respiratory,"Nausea, Fever, Itching",4,General Physician,Moong Dal Khichdi,Spicy street food,Light stretching,Paracetamol,Standard OTC Paracetamol for symptomatic relief.,650,Saltwater gargles for throat infection.,Rubbing heavy salt on rashes.
898,Amoebiasis (Variant 898),Gastrointestinal,"Fever, Stomach pain, Fatigue",3,General Physician,Papaya,Raw salads (if infectious),Complete Bed Rest,Paracetamol,Standard OTC Paracetamol for symptomatic relief.,650,Jeera water for digestion.,Using battery acid for skin patches.
899,Acidity (Variant 899),Gastrointestinal,"Fatigue, Fever, Nausea",4,General Physician,Papaya,Excessive caffeine,Brisk walking,Cetirizine,Standard OTC Cetirizine for symptomatic relief.,650,Coconut water for rehydration.,Using battery acid for skin patches.
900,Acidity (Variant 900),Gastrointestinal,"Nausea, Vomiting, Fatigue",4,General Physician,Papaya,Raw salads (if infectious),Complete Bed Rest,Paracetamol,Standard OTC Paracetamol for symptomatic relief.,650,Saltwater gargles for throat infection.,Putting oil or ghee on open wounds.
901,Fungal Infection (Variant 901),Skin,"Itching, Cough, Fever",10,Specialist Doctor,Moong Dal Khichdi,Spicy street food,Light stretching,N/A - Prescription Required,Severity is high. Automatic recommendation disabled to ensure safety. Consult a doctor.,0,Coconut water for rehydration.,Rubbing heavy salt on rashes.
902,Common Cold (Variant 902),Infectious,"Vomiting, Fatigue, Fever",2,General Physician,Boiled vegetables,Spicy street food,Anulom Vilom,Loperamide,Standard OTC Loperamide for symptomatic relief.,650,Ginger and honey tea for sore throat.,Using battery acid for skin patches.
903,Dehydration (Variant 903),General,"Headache, Fever, Cough",8,Specialist Doctor,Curd rice,Excessive caffeine,Complete Bed Rest,N/A - Prescription Required,Severity is high. Automatic recommendation disabled to ensure safety. Consult a doctor.,0,Jeera water for digestion.,Using battery acid for skin patches.
904,Anemia (Variant 904),General,"Fatigue, Headache, Vomiting",2,General Physician,Curd rice,Deep-fried pakoras,Brisk walking,Cetirizine,Standard OTC Cetirizine for symptomatic relief.,650,Jeera water for digestion.,Putting oil or ghee on open wounds.
905,Vitamin D Deficiency (Variant 905),General,"Body ache, Vomiting, Itching",10,Specialist Doctor,Curd rice,Cold drinks,Complete Bed Rest,N/A - Prescription Required,Severity is high. Automatic recommendation disabled to ensure safety. Consult a doctor.,0,Ginger and honey tea for sore throat.,Applying Colgate/toothpaste on burns (causes infection).
906,Anemia (Variant 906),General,"Fatigue, Headache, Cough",10,Specialist Doctor,Moong Dal Khichdi,Spicy street food,Yoga (Pranayama),N/A - Prescription Required,Severity is high. Automatic recommendation disabled to ensure safety. Consult a doctor.,0,Ginger and honey tea for sore throat.,Putting onions in armpits to reduce fever.
907,Asthma (Variant 907),Respiratory,"Vomiting, Fever, Headache",8,Specialist Doctor,Papaya,Raw salads (if infectious),Brisk walking,N/A - Prescription Required,Severity is high. Automatic recommendation disabled to ensure safety. Consult a doctor.,0,Coconut water for rehydration.,Applying Colgate/toothpaste on burns (causes infection).
908,Amoebiasis (Variant 908),Gastrointestinal,"Itching, Fever, Vomiting",8,Specialist Doctor,Pomegranate,Deep-fried pakoras,Light stretching,N/A - Prescription Required,Severity is high. Automatic recommendation disabled to ensure safety. Consult a doctor.,0,Saltwater gargles for throat infection.,Rubbing heavy salt on rashes.
909,Bronchitis (Variant 909),Respiratory,"Itching, Cough, Vomiting",4,General Physician,Moong Dal Khichdi,Raw salads (if infectious),Brisk walking,Paracetamol,Standard OTC Paracetamol for symptomatic relief.,650,Saltwater gargles for throat infection.,Putting onions in armpits to reduce fever.
910,Sunburn (Variant 910),Skin,"Body ache, Fatigue, Fever",6,Specialist Doctor,Moong Dal Khichdi,Deep-fried pakoras,Anulom Vilom,N/A - Prescription Required,Severity is high. Automatic recommendation disabled to ensure safety. Consult a doctor.,0,Warm turmeric milk (Haldi Doodh) for immunity.,Putting onions in armpits to reduce fever.
911,Vitamin D Deficiency (Variant 911),General,"Itching, Fatigue, Cough",8,Specialist Doctor,Moong Dal Khichdi,Raw salads (if infectious),Yoga (Pranayama),N/A - Prescription Required,Severity is high. Automatic recommendation disabled to ensure safety. Consult a doctor.,0,Saltwater gargles for throat infection.,Putting oil or ghee on open wounds.
912,Acne (Variant 912),Skin,"Cough, Headache, Vomiting",9,Specialist Doctor,Papaya,Spicy street food,Anulom Vilom,N/A - Prescription Required,Severity is high. Automatic recommendation disabled to ensure safety. Consult a doctor.,0,Jeera water for digestion.,Putting onions in armpits to reduce fever.
913,Sunburn (Variant 913),Skin,"Body ache, Headache, Stomach pain",2,General Physician,Boiled vegetables,Cold drinks,Complete Bed Rest,Cetirizine,Standard OTC Cetirizine for symptomatic relief.,250,Warm turmeric milk (Haldi Doodh) for immunity.,Using battery acid for skin patches.
914,Bronchitis (Variant 914),Respiratory,"Vomiting, Stomach pain, Cough",9,Specialist Doctor,Moong Dal Khichdi,Spicy street food,Complete Bed Rest,N/A - Prescription Required,Severity is high. Automatic recommendation disabled to ensure safety. Consult a doctor.,0,Coconut water for rehydration.,Applying Colgate/toothpaste on burns (causes infection).
915,Diarrhea (Variant 915),Gastrointestinal,"Body ache, Itching, Vomiting",2,General Physician,Papaya,Raw salads (if infectious),Anulom Vilom,Cetirizine,Standard OTC Cetirizine for symptomatic relief.,650,Saltwater gargles for throat infection.,Using battery acid for skin patches.
916,Influenza (Variant 916),Infectious,"Fever, Body ache, Stomach pain",10,Specialist Doctor,Curd rice,Raw salads (if infectious),Brisk walking,N/A - Prescription Required,Severity is high. Automatic recommendation disabled to ensure safety. Consult a doctor.,0,Saltwater gargles for throat infection.,Applying Colgate/toothpaste on burns (causes infection).
917,Sinusitis (Variant 917),Respiratory,"Itching, Headache, Cough",4,General Physician,Curd rice,Spicy street food,Light stretching,Omeprazole,Standard OTC Omeprazole for symptomatic relief.,650,Ginger and honey tea for sore throat.,Applying Colgate/toothpaste on burns (causes infection).
918,Diarrhea (Variant 918),Gastrointestinal,"Itching, Cough, Stomach pain",6,Specialist Doctor,Pomegranate,Excessive caffeine,Anulom Vilom,N/A - Prescription Required,Severity is high. Automatic recommendation disabled to ensure safety. Consult a doctor.,0,Ginger and honey tea for sore throat.,Putting onions in armpits to reduce fever.
919,Gastritis (Variant 919),Gastrointestinal,"Itching, Body ache, Vomiting",8,Specialist Doctor,Pomegranate,Raw salads (if infectious),Brisk walking,N/A - Prescription Required,Severity is high. Automatic recommendation disabled to ensure safety. Consult a doctor.,0,Warm turmeric milk (Haldi Doodh) for immunity.,Using battery acid for skin patches.
920,Acidity (Variant 920),Gastrointestinal,"Headache, Cough, Itching",3,General Physician,Pomegranate,Excessive caffeine,Complete Bed Rest,Loperamide,Standard OTC Loperamide for symptomatic relief.,650,Ginger and honey tea for sore throat.,Using battery acid for skin patches.
921,Diarrhea (Variant 921),Gastrointestinal,"Itching, Nausea, Stomach pain",2,General Physician,Boiled vegetables,Deep-fried pakoras,Yoga (Pranayama),Omeprazole,Standard OTC Omeprazole for symptomatic relief.,650,Coconut water for rehydration.,Putting onions in armpits to reduce fever.
922,Sinusitis (Variant 922),Respiratory,"Vomiting, Itching, Fatigue",5,General Physician,Curd rice,Deep-fried pakoras,Yoga (Pranayama),Ibuprofen,Standard OTC Ibuprofen for symptomatic relief.,250,Warm turmeric milk (Haldi Doodh) for immunity.,Putting onions in armpits to reduce fever.
923,Allergic Rhinitis (Variant 923),Respiratory,"Stomach pain, Nausea, Fatigue",4,General Physician,Papaya,Excessive caffeine,Anulom Vilom,Paracetamol,Standard OTC Paracetamol for symptomatic relief.,250,Coconut water for rehydration.,Putting onions in armpits to reduce fever.
924,Sunburn (Variant 924),Skin,"Fever, Stomach pain, Headache",2,General Physician,Boiled vegetables,Excessive caffeine,Yoga (Pranayama),Paracetamol,Standard OTC Paracetamol for symptomatic relief.,500,Warm turmeric milk (Haldi Doodh) for immunity.,Rubbing heavy salt on rashes.
925,Acne (Variant 925),Skin,"Fever, Stomach pain, Body ache",6,Specialist Doctor,Moong Dal Khichdi,Cold drinks,Anulom Vilom,N/A - Prescription Required,Severity is high. Automatic recommendation disabled to ensure safety. Consult a doctor.,0,Ginger and honey tea for sore throat.,Rubbing heavy salt on rashes.
926,Amoebiasis (Variant 926),Gastrointestinal,"Itching, Stomach pain, Nausea",1,General Physician,Pomegranate,Cold drinks,Anulom Vilom,Loperamide,Standard OTC Loperamide for symptomatic relief.,500,Warm turmeric milk (Haldi Doodh) for immunity.,Using battery acid for skin patches.
927,Eczema (Variant 927),Skin,"Headache, Body ache, Itching",8,Specialist Doctor,Curd rice,Spicy street food,Brisk walking,N/A - Prescription Required,Severity is high. Automatic recommendation disabled to ensure safety. Consult a doctor.,0,Saltwater gargles for throat infection.,Applying Colgate/toothpaste on burns (causes infection).
928,Diarrhea (Variant 928),Gastrointestinal,"Vomiting, Body ache, Nausea",5,General Physician,Curd rice,Excessive caffeine,Brisk walking,Paracetamol,Standard OTC Paracetamol for symptomatic relief.,500,Ginger and honey tea for sore throat.,Putting onions in armpits to reduce fever.
929,Heat Stroke (Variant 929),General,"Nausea, Fatigue, Vomiting",5,General Physician,Moong Dal Khichdi,Cold drinks,Complete Bed Rest,Cetirizine,Standard OTC Cetirizine for symptomatic relief.,250,Coconut water for rehydration.,Putting onions in armpits to reduce fever.
930,Sunburn (Variant 930),Skin,"Vomiting, Itching, Stomach pain",5,General Physician,Pomegranate,Excessive caffeine,Brisk walking,Cetirizine,Standard OTC Cetirizine for symptomatic relief.,500,Jeera water for digestion.,Putting oil or ghee on open wounds.
931,Eczema (Variant 931),Skin,"Cough, Nausea, Stomach pain",8,Specialist Doctor,Papaya,Raw salads (if infectious),Light stretching,N/A - Prescription Required,Severity is high. Automatic recommendation disabled to ensure safety. Consult a doctor.,0,Ginger and honey tea for sore throat.,Rubbing heavy salt on rashes.
932,Typhoid (Variant 932),Infectious,"Stomach pain, Itching, Vomiting",8,Specialist Doctor,Curd rice,Cold drinks,Light stretching,N/A - Prescription Required,Severity is high. Automatic recommendation disabled to ensure safety. Consult a doctor.,0,Jeera water for digestion.,Applying Colgate/toothpaste on burns (causes infection).
933,Dehydration (Variant 933),General,"Headache, Itching, Fever",1,General Physician,Curd rice,Spicy street food,Anulom Vilom,Omeprazole,Standard OTC Omeprazole for symptomatic relief.,650,Saltwater gargles for throat infection.,Using battery acid for skin patches.
934,Anemia (Variant 934),General,"Body ache, Itching, Nausea",5,General Physician,Moong Dal Khichdi,Raw salads (if infectious),Yoga (Pranayama),Paracetamol,Standard OTC Paracetamol for symptomatic relief.,500,Saltwater gargles for throat infection.,Using battery acid for skin patches.
935,Common Cold (Variant 935),Infectious,"Nausea, Fatigue, Body ache",2,General Physician,Moong Dal Khichdi,Deep-fried pakoras,Complete Bed Rest,Omeprazole,Standard OTC Omeprazole for symptomatic relief.,250,Warm turmeric milk (Haldi Doodh) for immunity.,Applying Colgate/toothpaste on burns (causes infection).
936,Typhoid (Variant 936),Infectious,"Body ache, Fatigue, Headache",6,Specialist Doctor,Curd rice,Excessive caffeine,Complete Bed Rest,N/A - Prescription Required,Severity is high. Automatic recommendation disabled to ensure safety. Consult a doctor.,0,Jeera water for digestion.,Applying Colgate/toothpaste on burns (causes infection).
937,Vitamin D Deficiency (Variant 937),General,"Itching, Fever, Stomach pain",6,Specialist Doctor,Boiled vegetables,Cold drinks,Yoga (Pranayama),N/A - Prescription Required,Severity is high. Automatic recommendation disabled to ensure safety. Consult a doctor.,0,Jeera water for digestion.,Using battery acid for skin patches.
938,Heat Rash (Variant 938),Skin,"Body ache, Fatigue, Cough",5,General Physician,Boiled vegetables,Deep-fried pakoras,Complete Bed Rest,Omeprazole,Standard OTC Omeprazole for symptomatic relief.,250,Warm turmeric milk (Haldi Doodh) for immunity.,Putting oil or ghee on open wounds.
939,Sinusitis (Variant 939),Respiratory,"Fever, Body ache, Stomach pain",10,Specialist Doctor,Pomegranate,Cold drinks,Complete Bed Rest,N/A - Prescription Required,Severity is high. Automatic recommendation disabled to ensure safety. Consult a doctor.,0,Ginger and honey tea for sore throat.,Putting onions in armpits to reduce fever.
940,Food Poisoning (Variant 940),Gastrointestinal,"Cough, Body ache, Vomiting",8,Specialist Doctor,Moong Dal Khichdi,Spicy street food,Complete Bed Rest,N/A - Prescription Required,Severity is high. Automatic recommendation disabled to ensure safety. Consult a doctor.,0,Jeera water for digestion.,Applying Colgate/toothpaste on burns (causes infection).
941,Vitamin D Deficiency (Variant 941),General,"Stomach pain, Nausea, Itching",5,General Physician,Moong Dal Khichdi,Excessive caffeine,Yoga (Pranayama),Cetirizine,Standard OTC Cetirizine for symptomatic relief.,250,Coconut water for rehydration.,Putting oil or ghee on open wounds.
942,Bronchitis (Variant 942),Respiratory,"Fever, Nausea, Itching",1,General Physician,Boiled vegetables,Cold drinks,Yoga (Pranayama),Omeprazole,Standard OTC Omeprazole for symptomatic relief.,650,Coconut water for rehydration.,Putting onions in armpits to reduce fever.
943,Dengue (Variant 943),Infectious,"Stomach pain, Vomiting, Headache",2,General Physician,Papaya,Cold drinks,Anulom Vilom,Paracetamol,Standard OTC Paracetamol for symptomatic relief.,500,Ginger and honey tea for sore throat.,Applying Colgate/toothpaste on burns (causes infection).
944,Amoebiasis (Variant 944),Gastrointestinal,"Fatigue, Body ache, Nausea",9,Specialist Doctor,Moong Dal Khichdi,Spicy street food,Brisk walking,N/A - Prescription Required,Severity is high. Automatic recommendation disabled to ensure safety. Consult a doctor.,0,Saltwater gargles for throat infection.,Putting onions in armpits to reduce fever.
945,Anemia (Variant 945),General,"Fatigue, Nausea, Itching",5,General Physician,Papaya,Spicy street food,Yoga (Pranayama),Loperamide,Standard OTC Loperamide for symptomatic relief.,500,Coconut water for rehydration.,Applying Colgate/toothpaste on burns (causes infection).
946,Vitamin D Deficiency (Variant 946),General,"Body ache, Nausea, Headache",3,General Physician,Curd rice,Raw salads (if infectious),Complete Bed Rest,Cetirizine,Standard OTC Cetirizine for symptomatic relief.,500,Jeera water for digestion.,Using battery acid for skin patches.
947,Sinusitis (Variant 947),Respiratory,"Stomach pain, Vomiting, Nausea",5,General Physician,Curd rice,Excessive caffeine,Anulom Vilom,Ibuprofen,Standard OTC Ibuprofen for symptomatic relief.,500,Saltwater gargles for throat infection.,Applying Colgate/toothpaste on burns (causes infection).
948,Vitamin D Deficiency (Variant 948),General,"Cough, Headache, Stomach pain",8,Specialist Doctor,Curd rice,Excessive caffeine,Yoga (Pranayama),N/A - Prescription Required,Severity is high. Automatic recommendation disabled to ensure safety. Consult a doctor.,0,Coconut water for rehydration.,Putting oil or ghee on open wounds.
949,Gastritis (Variant 949),Gastrointestinal,"Body ache, Fatigue, Headache",5,General Physician,Boiled vegetables,Deep-fried pakoras,Yoga (Pranayama),ORS,Standard OTC ORS for symptomatic relief.,650,Warm turmeric milk (Haldi Doodh) for immunity.,Applying Colgate/toothpaste on burns (causes infection).
950,Heat Rash (Variant 950),Skin,"Fatigue, Fever, Body ache",6,Specialist Doctor,Boiled vegetables,Spicy street food,Brisk walking,N/A - Prescription Required,Severity is high. Automatic recommendation disabled to ensure safety. Consult a doctor.,0,Jeera water for digestion.,Rubbing heavy salt on rashes.
951,Bronchitis (Variant 951),Respiratory,"Nausea, Stomach pain, Cough",5,General Physician,Curd rice,Spicy street food,Complete Bed Rest,Omeprazole,Standard OTC Omeprazole for symptomatic relief.,250,Ginger and honey tea for sore throat.,Rubbing heavy salt on rashes.
952,Food Poisoning (Variant 952),Gastrointestinal,"Body ache, Itching, Fatigue",10,Specialist Doctor,Papaya,Deep-fried pakoras,Complete Bed Rest,N/A - Prescription Required,Severity is high. Automatic recommendation disabled to ensure safety. Consult a doctor.,0,Coconut water for rehydration.,Applying Colgate/toothpaste on burns (causes infection).
953,Sunburn (Variant 953),Skin,"Body ache, Fever, Cough",5,General Physician,Pomegranate,Deep-fried pakoras,Complete Bed Rest,Loperamide,Standard OTC Loperamide for symptomatic relief.,650,Saltwater gargles for throat infection.,Using battery acid for skin patches.
954,Allergic Rhinitis (Variant 954),Respiratory,"Fever, Itching, Vomiting",6,Specialist Doctor,Pomegranate,Raw salads (if infectious),Anulom Vilom,N/A - Prescription Required,Severity is high. Automatic recommendation disabled to ensure safety. Consult a doctor.,0,Jeera water for digestion.,Using battery acid for skin patches.
955,Influenza (Variant 955),Infectious,"Body ache, Fever, Headache",9,Specialist Doctor,Curd rice,Deep-fried pakoras,Light stretching,N/A - Prescription Required,Severity is high. Automatic recommendation disabled to ensure safety. Consult a doctor.,0,Ginger and honey tea for sore throat.,Using battery acid for skin patches.
956,Malaria (Variant 956),Infectious,"Nausea, Body ache, Vomiting",5,General Physician,Curd rice,Deep-fried pakoras,Complete Bed Rest,ORS,Standard OTC ORS for symptomatic relief.,500,Ginger and honey tea for sore throat.,Using battery acid for skin patches.
957,Acidity (Variant 957),Gastrointestinal,"Itching, Vomiting, Headache",3,General Physician,Papaya,Excessive caffeine,Light stretching,Loperamide,Standard OTC Loperamide for symptomatic relief.,650,Jeera water for digestion.,Rubbing heavy salt on rashes.
958,Amoebiasis (Variant 958),Gastrointestinal,"Fever, Vomiting, Itching",1,General Physician,Pomegranate,Spicy street food,Complete Bed Rest,Omeprazole,Standard OTC Omeprazole for symptomatic relief.,250,Ginger and honey tea for sore throat.,Using battery acid for skin patches.
959,Fungal Infection (Variant 959),Skin,"Fever, Vomiting, Body ache",8,Specialist Doctor,Boiled vegetables,Raw salads (if infectious),Yoga (Pranayama),N/A - Prescription Required,Severity is high. Automatic recommendation disabled to ensure safety. Consult a doctor.,0,Jeera water for digestion.,Using battery acid for skin patches.
960,Heat Stroke (Variant 960),General,"Cough, Fever, Vomiting",7,Specialist Doctor,Boiled vegetables,Spicy street food,Light stretching,N/A - Prescription Required,Severity is high. Automatic recommendation disabled to ensure safety. Consult a doctor.,0,Warm turmeric milk (Haldi Doodh) for immunity.,Rubbing heavy salt on rashes.
961,Heat Stroke (Variant 961),General,"Fatigue, Fever, Stomach pain",10,Specialist Doctor,Pomegranate,Spicy street food,Anulom Vilom,N/A - Prescription Required,Severity is high. Automatic recommendation disabled to ensure safety. Consult a doctor.,0,Ginger and honey tea for sore throat.,Using battery acid for skin patches.
962,Gastritis (Variant 962),Gastrointestinal,"Itching, Nausea, Body ache",9,Specialist Doctor,Curd rice,Spicy street food,Complete Bed Rest,N/A - Prescription Required,Severity is high. Automatic recommendation disabled to ensure safety. Consult a doctor.,0,Warm turmeric milk (Haldi Doodh) for immunity.,Applying Colgate/toothpaste on burns (causes infection).
963,Eczema (Variant 963),Skin,"Fatigue, Vomiting, Itching",6,Specialist Doctor,Papaya,Raw salads (if infectious),Brisk walking,N/A - Prescription Required,Severity is high. Automatic recommendation disabled to ensure safety. Consult a doctor.,0,Saltwater gargles for throat infection.,Putting oil or ghee on open wounds.
964,Allergic Rhinitis (Variant 964),Respiratory,"Body ache, Headache, Nausea",9,Specialist Doctor,Moong Dal Khichdi,Excessive caffeine,Yoga (Pranayama),N/A - Prescription Required,Severity is high. Automatic recommendation disabled to ensure safety. Consult a doctor.,0,Jeera water for digestion.,Rubbing heavy salt on rashes.
965,Malaria (Variant 965),Infectious,"Cough, Headache, Body ache",3,General Physician,Boiled vegetables,Raw salads (if infectious),Brisk walking,Ibuprofen,Standard OTC Ibuprofen for symptomatic relief.,250,Jeera water for digestion.,Putting onions in armpits to reduce fever.
966,Malaria (Variant 966),Infectious,"Headache, Itching, Vomiting",7,Specialist Doctor,Moong Dal Khichdi,Raw salads (if infectious),Complete Bed Rest,N/A - Prescription Required,Severity is high. Automatic recommendation disabled to ensure safety. Consult a doctor.,0,Ginger and honey tea for sore throat.,Using battery acid for skin patches.
967,Diarrhea (Variant 967),Gastrointestinal,"Nausea, Fever, Body ache",8,Specialist Doctor,Moong Dal Khichdi,Excessive caffeine,Light stretching,N/A - Prescription Required,Severity is high. Automatic recommendation disabled to ensure safety. Consult a doctor.,0,Coconut water for rehydration.,Using battery acid for skin patches.
968,Influenza (Variant 968),Infectious,"Fever, Headache, Stomach pain",5,General Physician,Moong Dal Khichdi,Spicy street food,Brisk walking,Loperamide,Standard OTC Loperamide for symptomatic relief.,650,Jeera water for digestion.,Putting oil or ghee on open wounds.
969,Amoebiasis (Variant 969),Gastrointestinal,"Nausea, Stomach pain, Fatigue",7,Specialist Doctor,Papaya,Raw salads (if infectious),Anulom Vilom,N/A - Prescription Required,Severity is high. Automatic recommendation disabled to ensure safety. Consult a doctor.,0,Saltwater gargles for throat infection.,Rubbing heavy salt on rashes.
970,Diarrhea (Variant 970),Gastrointestinal,"Fatigue, Stomach pain, Body ache",6,Specialist Doctor,Curd rice,Raw salads (if infectious),Yoga (Pranayama),N/A - Prescription Required,Severity is high. Automatic recommendation disabled to ensure safety. Consult a doctor.,0,Saltwater gargles for throat infection.,Using battery acid for skin patches.
971,Anemia (Variant 971),General,"Headache, Vomiting, Stomach pain",3,General Physician,Boiled vegetables,Spicy street food,Light stretching,Omeprazole,Standard OTC Omeprazole for symptomatic relief.,500,Warm turmeric milk (Haldi Doodh) for immunity.,Putting onions in armpits to reduce fever.
972,Acne (Variant 972),Skin,"Nausea, Cough, Vomiting",6,Specialist Doctor,Pomegranate,Cold drinks,Light stretching,N/A - Prescription Required,Severity is high. Automatic recommendation disabled to ensure safety. Consult a doctor.,0,Ginger and honey tea for sore throat.,Putting onions in armpits to reduce fever.
973,Chickenpox (Variant 973),Infectious,"Stomach pain, Nausea, Fever",9,Specialist Doctor,Curd rice,Deep-fried pakoras,Complete Bed Rest,N/A - Prescription Required,Severity is high. Automatic recommendation disabled to ensure safety. Consult a doctor.,0,Jeera water for digestion.,Putting onions in armpits to reduce fever.
974,Sinusitis (Variant 974),Respiratory,"Stomach pain, Vomiting, Headache",8,Specialist Doctor,Moong Dal Khichdi,Deep-fried pakoras,Brisk walking,N/A - Prescription Required,Severity is high. Automatic recommendation disabled to ensure safety. Consult a doctor.,0,Warm turmeric milk (Haldi Doodh) for immunity.,Putting onions in armpits to reduce fever.
975,Acidity (Variant 975),Gastrointestinal,"Fever, Cough, Nausea",2,General Physician,Boiled vegetables,Raw salads (if infectious),Light stretching,Ibuprofen,Standard OTC Ibuprofen for symptomatic relief.,650,Coconut water for rehydration.,Applying Colgate/toothpaste on burns (causes infection).
976,Acidity (Variant 976),Gastrointestinal,"Fatigue, Cough, Stomach pain",3,General Physician,Papaya,Spicy street food,Brisk walking,Paracetamol,Standard OTC Paracetamol for symptomatic relief.,500,Warm turmeric milk (Haldi Doodh) for immunity.,Putting onions in armpits to reduce fever.
977,Influenza (Variant 977),Infectious,"Stomach pain, Itching, Vomiting",5,General Physician,Moong Dal Khichdi,Raw salads (if infectious),Anulom Vilom,Omeprazole,Standard OTC Omeprazole for symptomatic relief.,500,Ginger and honey tea for sore throat.,Rubbing heavy salt on rashes.
978,Bronchitis (Variant 978),Respiratory,"Fever, Stomach pain, Headache",10,Specialist Doctor,Boiled vegetables,Spicy street food,Complete Bed Rest,N/A - Prescription Required,Severity is high. Automatic recommendation disabled to ensure safety. Consult a doctor.,0,Jeera water for digestion.,Putting onions in armpits to reduce fever.
979,Food Poisoning (Variant 979),Gastrointestinal,"Nausea, Vomiting, Fatigue",9,Specialist Doctor,Papaya,Excessive caffeine,Light stretching,N/A - Prescription Required,Severity is high. Automatic recommendation disabled to ensure safety. Consult a doctor.,0,Ginger and honey tea for sore throat.,Rubbing heavy salt on rashes.
980,Dengue (Variant 980),Infectious,"Stomach pain, Fatigue, Nausea",5,General Physician,Curd rice,Deep-fried pakoras,Anulom Vilom,Loperamide,Standard OTC Loperamide for symptomatic relief.,500,Warm turmeric milk (Haldi Doodh) for immunity.,Applying Colgate/toothpaste on burns (causes infection).
981,Gastritis (Variant 981),Gastrointestinal,"Body ache, Stomach pain, Fatigue",6,Specialist Doctor,Papaya,Excessive caffeine,Light stretching,N/A - Prescription Required,Severity is high. Automatic recommendation disabled to ensure safety. Consult a doctor.,0,Jeera water for digestion.,Using battery acid for skin patches.
982,Diarrhea (Variant 982),Gastrointestinal,"Cough, Itching, Nausea",5,General Physician,Pomegranate,Raw salads (if infectious),Yoga (Pranayama),Loperamide,Standard OTC Loperamide for symptomatic relief.,650,Saltwater gargles for throat infection.,Putting oil or ghee on open wounds.
983,Asthma (Variant 983),Respiratory,"Headache, Body ache, Cough",8,Specialist Doctor,Pomegranate,Raw salads (if infectious),Yoga (Pranayama),N/A - Prescription Required,Severity is high. Automatic recommendation disabled to ensure safety. Consult a doctor.,0,Warm turmeric milk (Haldi Doodh) for immunity.,Putting oil or ghee on open wounds.
984,Asthma (Variant 984),Respiratory,"Vomiting, Cough, Fever",3,General Physician,Pomegranate,Raw salads (if infectious),Yoga (Pranayama),Omeprazole,Standard OTC Omeprazole for symptomatic relief.,500,Coconut water for rehydration.,Putting oil or ghee on open wounds.
985,Acidity (Variant 985),Gastrointestinal,"Cough, Itching, Vomiting",4,General Physician,Boiled vegetables,Excessive caffeine,Complete Bed Rest,Paracetamol,Standard OTC Paracetamol for symptomatic relief.,500,Saltwater gargles for throat infection.,Putting onions in armpits to reduce fever.
986,Heat Rash (Variant 986),Skin,"Itching, Body ache, Nausea",3,General Physician,Pomegranate,Cold drinks,Yoga (Pranayama),Loperamide,Standard OTC Loperamide for symptomatic relief.,500,Jeera water for digestion.,Putting onions in armpits to reduce fever.
987,Anemia (Variant 987),General,"Cough, Body ache, Fever",2,General Physician,Papaya,Raw salads (if infectious),Complete Bed Rest,ORS,Standard OTC ORS for symptomatic relief.,500,Warm turmeric milk (Haldi Doodh) for immunity.,Putting oil or ghee on open wounds.
988,Food Poisoning (Variant 988),Gastrointestinal,"Body ache, Cough, Fever",1,General Physician,Moong Dal Khichdi,Deep-fried pakoras,Brisk walking,Paracetamol,Standard OTC Paracetamol for symptomatic relief.,500,Jeera water for digestion.,Putting oil or ghee on open wounds.
989,Common Cold (Variant 989),Infectious,"Body ache, Stomach pain, Cough",1,General Physician,Moong Dal Khichdi,Spicy street food,Complete Bed Rest,Cetirizine,Standard OTC Cetirizine for symptomatic relief.,650,Ginger and honey tea for sore throat.,Putting oil or ghee on open wounds.
990,Sinusitis (Variant 990),Respiratory,"Headache, Cough, Stomach pain",9,Specialist Doctor,Pomegranate,Raw salads (if infectious),Light stretching,N/A - Prescription Required,Severity is high. Automatic recommendation disabled to ensure safety. Consult a doctor.,0,Saltwater gargles for throat infection.,Applying Colgate/toothpaste on burns (causes infection).
991,Sinusitis (Variant 991),Respiratory,"Cough, Stomach pain, Fatigue",1,General Physician,Boiled vegetables,Deep-fried pakoras,Brisk walking,Omeprazole,Standard OTC Omeprazole for symptomatic relief.,650,Ginger and honey tea for sore throat.,Rubbing heavy salt on rashes.
992,Vitamin D Deficiency (Variant 992),General,"Itching, Cough, Fever",7,Specialist Doctor,Moong Dal Khichdi,Raw salads (if infectious),Complete Bed Rest,N/A - Prescription Required,Severity is high. Automatic recommendation disabled to ensure safety. Consult a doctor.,0,Coconut water for rehydration.,Applying Colgate/toothpaste on burns (causes infection).
993,Bronchitis (Variant 993),Respiratory,"Cough, Vomiting, Body ache",10,Specialist Doctor,Boiled vegetables,Spicy street food,Brisk walking,N/A - Prescription Required,Severity is high. Automatic recommendation disabled to ensure safety. Consult a doctor.,0,Saltwater gargles for throat infection.,Putting onions in armpits to reduce fever.
994,Anemia (Variant 994),General,"Fatigue, Body ache, Vomiting",7,Specialist Doctor,Curd rice,Raw salads (if infectious),Yoga (Pranayama),N/A - Prescription Required,Severity is high. Automatic recommendation disabled to ensure safety. Consult a doctor.,0,Warm turmeric milk (Haldi Doodh) for immunity.,Rubbing heavy salt on rashes.
995,Typhoid (Variant 995),Infectious,"Headache, Stomach pain, Itching",8,Specialist Doctor,Pomegranate,Cold drinks,Yoga (Pranayama),N/A - Prescription Required,Severity is high. Automatic recommendation disabled to ensure safety. Consult a doctor.,0,Warm turmeric milk (Haldi Doodh) for immunity.,Putting onions in armpits to reduce fever.
996,Allergic Rhinitis (Variant 996),Respiratory,"Headache, Cough, Stomach pain",5,General Physician,Moong Dal Khichdi,Deep-fried pakoras,Anulom Vilom,Cetirizine,Standard OTC Cetirizine for symptomatic relief.,500,Coconut water for rehydration.,Applying Colgate/toothpaste on burns (causes infection).
997,Chickenpox (Variant 997),Infectious,"Nausea, Headache, Fever",6,Specialist Doctor,Curd rice,Deep-fried pakoras,Light stretching,N/A - Prescription Required,Severity is high. Automatic recommendation disabled to ensure safety. Consult a doctor.,0,Jeera water for digestion.,Putting oil or ghee on open wounds.
998,Dehydration (Variant 998),General,"Cough, Headache, Vomiting",8,Specialist Doctor,Boiled vegetables,Raw salads (if infectious),Brisk walking,N/A - Prescription Required,Severity is high. Automatic recommendation disabled to ensure safety. Consult a doctor.,0,Saltwater gargles for throat infection.,Rubbing heavy salt on rashes.
999,Sunburn (Variant 999),Skin,"Stomach pain, Headache, Fever",10,Specialist Doctor,Papaya,Cold drinks,Light stretching,N/A - Prescription Required,Severity is high. Automatic recommendation disabled to ensure safety. Consult a doctor.,0,Warm turmeric milk (Haldi Doodh) for immunity.,Rubbing heavy salt on rashes.
1000,Dengue (Variant 1000),Infectious,"Stomach pain, Cough, Body ache",10,Specialist Doctor,Pomegranate,Raw salads (if infectious),Complete Bed Rest,N/A - Prescription Required,Severity is high. Automatic recommendation disabled to ensure safety. Consult a doctor.,0,Warm turmeric milk (Haldi Doodh) for immunity.,Putting onions in armpits to reduce fever.
