name,category,symptoms,severity,diet_to_eat,diet_to_avoid,medicine_name,safe_tip,dangerous_myth,base_dosage_mg
Typhoid,Medical,"Abdominal pain, Coated tongue, Rose spots on chest",7,"Boiled vegetables, Porridge (Dalia), Moong dal khichdi","Raw salads, Spicy food, Unfiltered water",Antibiotics (Prescription required),Always drink boiled or filtered water.,Myth: Starve a fever. Fact: You need nutrition to fight the infection.,250
Typhoid,Medical,"Abdominal pain, Coated tongue, High fever",9,"Boiled vegetables, Porridge (Dalia), Moong dal khichdi","Raw salads, Spicy food, Unfiltered water",Antibiotics (Prescription required),Always drink boiled or filtered water.,Myth: Starve a fever. Fact: You need nutrition to fight the infection.,650
Typhoid,Medical,"High fever, Rose spots on chest, Abdominal pain",6,"Boiled vegetables, Porridge (Dalia), Moong dal khichdi","Raw salads, Spicy food, Unfiltered water",Antibiotics (Prescription required),Always drink boiled or filtered water.,Myth: Starve a fever. Fact: You need nutrition to fight the infection.,250
Typhoid,Medical,"Coated tongue, High fever, Rose spots on chest, Abdominal pain",5,"Boiled vegetables, Porridge (Dalia), Moong dal khichdi","Raw salads, Spicy food, Unfiltered water",Antibiotics (Prescription required),Always drink boiled or filtered water.,Myth: Starve a fever. Fact: You need nutrition to fight the infection.,650
Typhoid,Medical,"High fever, Abdominal pain, Coated tongue, Rose spots on chest",3,"Boiled vegetables, Porridge (Dalia), Moong dal khichdi","Raw salads, Spicy food, Unfiltered water",Antibiotics (Prescription required),Always drink boiled or filtered water.,Myth: Starve a fever. Fact: You need nutrition to fight the infection.,500
Typhoid,Medical,"Rose spots on chest, Coated tongue, High fever, Abdominal pain",3,"Boiled vegetables, Porridge (Dalia), Moong dal khichdi","Raw salads, Spicy food, Unfiltered water",Antibiotics (Prescription required),Always drink boiled or filtered water.,Myth: Starve a fever. Fact: You need nutrition to fight the infection.,650
Typhoid,Medical,"Abdominal pain, Rose spots on chest, High fever, Coated tongue",4,"Boiled vegetables, Porridge (Dalia), Moong dal khichdi","Raw salads, Spicy food, Unfiltered water",Antibiotics (Prescription required),Always drink boiled or filtered water.,Myth: Starve a fever. Fact: You need nutrition to fight the infection.,250
Typhoid,Medical,"Coated tongue, High fever, Abdominal pain, Rose spots on chest",4,"Boiled vegetables, Porridge (Dalia), Moong dal khichdi","Raw salads, Spicy food, Unfiltered water",Antibiotics (Prescription required),Always drink boiled or filtered water.,Myth: Starve a fever. Fact: You need nutrition to fight the infection.,500
Typhoid,Medical,"Coated tongue, Abdominal pain, High fever",9,"Boiled vegetables, Porridge (Dalia), Moong dal khichdi","Raw salads, Spicy food, Unfiltered water",Antibiotics (Prescription required),Always drink boiled or filtered water.,Myth: Starve a fever. Fact: You need nutrition to fight the infection.,250
Typhoid,Medical,"Abdominal pain, High fever, Rose spots on chest",8,"Boiled vegetables, Porridge (Dalia), Moong dal khichdi","Raw salads, Spicy food, Unfiltered water",Antibiotics (Prescription required),Always drink boiled or filtered water.,Myth: Starve a fever. Fact: You need nutrition to fight the infection.,250
Typhoid,Medical,"Coated tongue, Abdominal pain, Rose spots on chest",4,"Boiled vegetables, Porridge (Dalia), Moong dal khichdi","Raw salads, Spicy food, Unfiltered water",Antibiotics (Prescription required),Always drink boiled or filtered water.,Myth: Starve a fever. Fact: You need nutrition to fight the infection.,250
Typhoid,Medical,"Abdominal pain, High fever, Coated tongue, Rose spots on chest",6,"Boiled vegetables, Porridge (Dalia), Moong dal khichdi","Raw salads, Spicy food, Unfiltered water",Antibiotics (Prescription required),Always drink boiled or filtered water.,Myth: Starve a fever. Fact: You need nutrition to fight the infection.,250
Typhoid,Medical,"Coated tongue, High fever, Abdominal pain, Rose spots on chest",6,"Boiled vegetables, Porridge (Dalia), Moong dal khichdi","Raw salads, Spicy food, Unfiltered water",Antibiotics (Prescription required),Always drink boiled or filtered water.,Myth: Starve a fever. Fact: You need nutrition to fight the infection.,500
Typhoid,Medical,"Coated tongue, Abdominal pain, Rose spots on chest",7,"Boiled vegetables, Porridge (Dalia), Moong dal khichdi","Raw salads, Spicy food, Unfiltered water",Antibiotics (Prescription required),Always drink boiled or filtered water.,Myth: Starve a fever. Fact: You need nutrition to fight the infection.,500
Typhoid,Medical,"Abdominal pain, Coated tongue, High fever",7,"Boiled vegetables, Porridge (Dalia), Moong dal khichdi","Raw salads, Spicy food, Unfiltered water",Antibiotics (Prescription required),Always drink boiled or filtered water.,Myth: Starve a fever. Fact: You need nutrition to fight the infection.,500
Typhoid,Medical,"Rose spots on chest, Abdominal pain, High fever, Coated tongue",8,"Boiled vegetables, Porridge (Dalia), Moong dal khichdi","Raw salads, Spicy food, Unfiltered water",Antibiotics (Prescription required),Always drink boiled or filtered water.,Myth: Starve a fever. Fact: You need nutrition to fight the infection.,250
Typhoid,Medical,"High fever, Rose spots on chest, Coated tongue",3,"Boiled vegetables, Porridge (Dalia), Moong dal khichdi","Raw salads, Spicy food, Unfiltered water",Antibiotics (Prescription required),Always drink boiled or filtered water.,Myth: Starve a fever. Fact: You need nutrition to fight the infection.,650
Typhoid,Medical,"High fever, Abdominal pain, Rose spots on chest",9,"Boiled vegetables, Porridge (Dalia), Moong dal khichdi","Raw salads, Spicy food, Unfiltered water",Antibiotics (Prescription required),Always drink boiled or filtered water.,Myth: Starve a fever. Fact: You need nutrition to fight the infection.,650
Typhoid,Medical,"High fever, Coated tongue, Rose spots on chest, Abdominal pain",3,"Boiled vegetables, Porridge (Dalia), Moong dal khichdi","Raw salads, Spicy food, Unfiltered water",Antibiotics (Prescription required),Always drink boiled or filtered water.,Myth: Starve a fever. Fact: You need nutrition to fight the infection.,650
Typhoid,Medical,"High fever, Abdominal pain, Rose spots on chest",5,"Boiled vegetables, Porridge (Dalia), Moong dal khichdi","Raw salads, Spicy food, Unfiltered water",Antibiotics (Prescription required),Always drink boiled or filtered water.,Myth: Starve a fever. Fact: You need nutrition to fight the infection.,500
Typhoid,Medical,"Rose spots on chest, High fever, Abdominal pain, Coated tongue",7,"Boiled vegetables, Porridge (Dalia), Moong dal khichdi","Raw salads, Spicy food, Unfiltered water",Antibiotics (Prescription required),Always drink boiled or filtered water.,Myth: Starve a fever. Fact: You need nutrition to fight the infection.,500
Typhoid,Medical,"Rose spots on chest, High fever, Abdominal pain, Coated tongue",5,"Boiled vegetables, Porridge (Dalia), Moong dal khichdi","Raw salads, Spicy food, Unfiltered water",Antibiotics (Prescription required),Always drink boiled or filtered water.,Myth: Starve a fever. Fact: You need nutrition to fight the infection.,650
Typhoid,Medical,"Coated tongue, Abdominal pain, Rose spots on chest, High fever",4,"Boiled vegetables, Porridge (Dalia), Moong dal khichdi","Raw salads, Spicy food, Unfiltered water",Antibiotics (Prescription required),Always drink boiled or filtered water.,Myth: Starve a fever. Fact: You need nutrition to fight the infection.,650
Typhoid,Medical,"Coated tongue, Rose spots on chest, Abdominal pain",4,"Boiled vegetables, Porridge (Dalia), Moong dal khichdi","Raw salads, Spicy food, Unfiltered water",Antibiotics (Prescription required),Always drink boiled or filtered water.,Myth: Starve a fever. Fact: You need nutrition to fight the infection.,650
Typhoid,Medical,"Coated tongue, Rose spots on chest, Abdominal pain",8,"Boiled vegetables, Porridge (Dalia), Moong dal khichdi","Raw salads, Spicy food, Unfiltered water",Antibiotics (Prescription required),Always drink boiled or filtered water.,Myth: Starve a fever. Fact: You need nutrition to fight the infection.,500
Typhoid,Medical,"High fever, Abdominal pain, Coated tongue, Rose spots on chest",7,"Boiled vegetables, Porridge (Dalia), Moong dal khichdi","Raw salads, Spicy food, Unfiltered water",Antibiotics (Prescription required),Always drink boiled or filtered water.,Myth: Starve a fever. Fact: You need nutrition to fight the infection.,250
Typhoid,Medical,"Rose spots on chest, Abdominal pain, Coated tongue",5,"Boiled vegetables, Porridge (Dalia), Moong dal khichdi","Raw salads, Spicy food, Unfiltered water",Antibiotics (Prescription required),Always drink boiled or filtered water.,Myth: Starve a fever. Fact: You need nutrition to fight the infection.,250
Typhoid,Medical,"Abdominal pain, High fever, Rose spots on chest, Coated tongue",9,"Boiled vegetables, Porridge (Dalia), Moong dal khichdi","Raw salads, Spicy food, Unfiltered water",Antibiotics (Prescription required),Always drink boiled or filtered water.,Myth: Starve a fever. Fact: You need nutrition to fight the infection.,500
Typhoid,Medical,"High fever, Rose spots on chest, Abdominal pain, Coated tongue",5,"Boiled vegetables, Porridge (Dalia), Moong dal khichdi","Raw salads, Spicy food, Unfiltered water",Antibiotics (Prescription required),Always drink boiled or filtered water.,Myth: Starve a fever. Fact: You need nutrition to fight the infection.,500
Typhoid,Medical,"High fever, Abdominal pain, Coated tongue, Rose spots on chest",7,"Boiled vegetables, Porridge (Dalia), Moong dal khichdi","Raw salads, Spicy food, Unfiltered water",Antibiotics (Prescription required),Always drink boiled or filtered water.,Myth: Starve a fever. Fact: You need nutrition to fight the infection.,250
Typhoid,Medical,"High fever, Coated tongue, Rose spots on chest",3,"Boiled vegetables, Porridge (Dalia), Moong dal khichdi","Raw salads, Spicy food, Unfiltered water",Antibiotics (Prescription required),Always drink boiled or filtered water.,Myth: Starve a fever. Fact: You need nutrition to fight the infection.,500
Typhoid,Medical,"Rose spots on chest, Coated tongue, Abdominal pain, High fever",3,"Boiled vegetables, Porridge (Dalia), Moong dal khichdi","Raw salads, Spicy food, Unfiltered water",Antibiotics (Prescription required),Always drink boiled or filtered water.,Myth: Starve a fever. Fact: You need nutrition to fight the infection.,250
Typhoid,Medical,"Coated tongue, High fever, Abdominal pain, Rose spots on chest",6,"Boiled vegetables, Porridge (Dalia), Moong dal khichdi","Raw salads, Spicy food, Unfiltered water",Antibiotics (Prescription required),Always drink boiled or filtered water.,Myth: Starve a fever. Fact: You need nutrition to fight the infection.,500
Typhoid,Medical,"High fever, Abdominal pain, Rose spots on chest, Coated tongue",9,"Boiled vegetables, Porridge (Dalia), Moong dal khichdi","Raw salads, Spicy food, Unfiltered water",Antibiotics (Prescription required),Always drink boiled or filtered water.,Myth: Starve a fever. Fact: You need nutrition to fight the infection.,500
Typhoid,Medical,"Rose spots on chest, Abdominal pain, Coated tongue, High fever",6,"Boiled vegetables, Porridge (Dalia), Moong dal khichdi","Raw salads, Spicy food, Unfiltered water",Antibiotics (Prescription required),Always drink boiled or filtered water.,Myth: Starve a fever. Fact: You need nutrition to fight the infection.,250
Typhoid,Medical,"High fever, Coated tongue, Rose spots on chest, Abdominal pain",9,"Boiled vegetables, Porridge (Dalia), Moong dal khichdi","Raw salads, Spicy food, Unfiltered water",Antibiotics (Prescription required),Always drink boiled or filtered water.,Myth: Starve a fever. Fact: You need nutrition to fight the infection.,250
Typhoid,Medical,"High fever, Coated tongue, Rose spots on chest",8,"Boiled vegetables, Porridge (Dalia), Moong dal khichdi","Raw salads, Spicy food, Unfiltered water",Antibiotics (Prescription required),Always drink boiled or filtered water.,Myth: Starve a fever. Fact: You need nutrition to fight the infection.,500
Typhoid,Medical,"Rose spots on chest, Coated tongue, Abdominal pain",3,"Boiled vegetables, Porridge (Dalia), Moong dal khichdi","Raw salads, Spicy food, Unfiltered water",Antibiotics (Prescription required),Always drink boiled or filtered water.,Myth: Starve a fever. Fact: You need nutrition to fight the infection.,250
Jaundice,Medical,"Yellow eyes, Pale colored stools, Yellowing of skin, Dark yellow urine",6,"Sugarcane juice, Radish leaves, Papaya, Plenty of water","Alcohol, Fried oily foods, Heavy spices, Junk food",Liver supplements (Under medical advice),Rest completely and avoid strenuous physical activity to recover the liver.,Myth: Turmeric makes jaundice worse. Fact: Turmeric in food is generally safe and anti-inflammatory.,250
Jaundice,Medical,"Yellow eyes, Yellowing of skin, Pale colored stools",9,"Sugarcane juice, Radish leaves, Papaya, Plenty of water","Alcohol, Fried oily foods, Heavy spices, Junk food",Liver supplements (Under medical advice),Rest completely and avoid strenuous physical activity to recover the liver.,Myth: Turmeric makes jaundice worse. Fact: Turmeric in food is generally safe and anti-inflammatory.,650
Jaundice,Medical,"Dark yellow urine, Yellowing of skin, Nausea, Pale colored stools",3,"Sugarcane juice, Radish leaves, Papaya, Plenty of water","Alcohol, Fried oily foods, Heavy spices, Junk food",Liver supplements (Under medical advice),Rest completely and avoid strenuous physical activity to recover the liver.,Myth: Turmeric makes jaundice worse. Fact: Turmeric in food is generally safe and anti-inflammatory.,500
Jaundice,Medical,"Yellow eyes, Nausea, Dark yellow urine, Pale colored stools",7,"Sugarcane juice, Radish leaves, Papaya, Plenty of water","Alcohol, Fried oily foods, Heavy spices, Junk food",Liver supplements (Under medical advice),Rest completely and avoid strenuous physical activity to recover the liver.,Myth: Turmeric makes jaundice worse. Fact: Turmeric in food is generally safe and anti-inflammatory.,250
Jaundice,Medical,"Nausea, Yellowing of skin, Yellow eyes, Dark yellow urine",6,"Sugarcane juice, Radish leaves, Papaya, Plenty of water","Alcohol, Fried oily foods, Heavy spices, Junk food",Liver supplements (Under medical advice),Rest completely and avoid strenuous physical activity to recover the liver.,Myth: Turmeric makes jaundice worse. Fact: Turmeric in food is generally safe and anti-inflammatory.,250
Jaundice,Medical,"Dark yellow urine, Nausea, Yellowing of skin, Yellow eyes",7,"Sugarcane juice, Radish leaves, Papaya, Plenty of water","Alcohol, Fried oily foods, Heavy spices, Junk food",Liver supplements (Under medical advice),Rest completely and avoid strenuous physical activity to recover the liver.,Myth: Turmeric makes jaundice worse. Fact: Turmeric in food is generally safe and anti-inflammatory.,250
Jaundice,Medical,"Yellowing of skin, Dark yellow urine, Nausea",4,"Sugarcane juice, Radish leaves, Papaya, Plenty of water","Alcohol, Fried oily foods, Heavy spices, Junk food",Liver supplements (Under medical advice),Rest completely and avoid strenuous physical activity to recover the liver.,Myth: Turmeric makes jaundice worse. Fact: Turmeric in food is generally safe and anti-inflammatory.,250
Jaundice,Medical,"Yellowing of skin, Nausea, Pale colored stools",9,"Sugarcane juice, Radish leaves, Papaya, Plenty of water","Alcohol, Fried oily foods, Heavy spices, Junk food",Liver supplements (Under medical advice),Rest completely and avoid strenuous physical activity to recover the liver.,Myth: Turmeric makes jaundice worse. Fact: Turmeric in food is generally safe and anti-inflammatory.,650
Jaundice,Medical,"Nausea, Dark yellow urine, Pale colored stools, Yellowing of skin",5,"Sugarcane juice, Radish leaves, Papaya, Plenty of water","Alcohol, Fried oily foods, Heavy spices, Junk food",Liver supplements (Under medical advice),Rest completely and avoid strenuous physical activity to recover the liver.,Myth: Turmeric makes jaundice worse. Fact: Turmeric in food is generally safe and anti-inflammatory.,500
Jaundice,Medical,"Dark yellow urine, Yellowing of skin, Pale colored stools, Nausea",8,"Sugarcane juice, Radish leaves, Papaya, Plenty of water","Alcohol, Fried oily foods, Heavy spices, Junk food",Liver supplements (Under medical advice),Rest completely and avoid strenuous physical activity to recover the liver.,Myth: Turmeric makes jaundice worse. Fact: Turmeric in food is generally safe and anti-inflammatory.,500
Jaundice,Medical,"Nausea, Pale colored stools, Dark yellow urine",8,"Sugarcane juice, Radish leaves, Papaya, Plenty of water","Alcohol, Fried oily foods, Heavy spices, Junk food",Liver supplements (Under medical advice),Rest completely and avoid strenuous physical activity to recover the liver.,Myth: Turmeric makes jaundice worse. Fact: Turmeric in food is generally safe and anti-inflammatory.,650
Jaundice,Medical,"Nausea, Yellowing of skin, Dark yellow urine",7,"Sugarcane juice, Radish leaves, Papaya, Plenty of water","Alcohol, Fried oily foods, Heavy spices, Junk food",Liver supplements (Under medical advice),Rest completely and avoid strenuous physical activity to recover the liver.,Myth: Turmeric makes jaundice worse. Fact: Turmeric in food is generally safe and anti-inflammatory.,250
Jaundice,Medical,"Nausea, Yellowing of skin, Pale colored stools",7,"Sugarcane juice, Radish leaves, Papaya, Plenty of water","Alcohol, Fried oily foods, Heavy spices, Junk food",Liver supplements (Under medical advice),Rest completely and avoid strenuous physical activity to recover the liver.,Myth: Turmeric makes jaundice worse. Fact: Turmeric in food is generally safe and anti-inflammatory.,500
Jaundice,Medical,"Nausea, Dark yellow urine, Yellowing of skin",6,"Sugarcane juice, Radish leaves, Papaya, Plenty of water","Alcohol, Fried oily foods, Heavy spices, Junk food",Liver supplements (Under medical advice),Rest completely and avoid strenuous physical activity to recover the liver.,Myth: Turmeric makes jaundice worse. Fact: Turmeric in food is generally safe and anti-inflammatory.,500
Jaundice,Medical,"Yellowing of skin, Pale colored stools, Yellow eyes",7,"Sugarcane juice, Radish leaves, Papaya, Plenty of water","Alcohol, Fried oily foods, Heavy spices, Junk food",Liver supplements (Under medical advice),Rest completely and avoid strenuous physical activity to recover the liver.,Myth: Turmeric makes jaundice worse. Fact: Turmeric in food is generally safe and anti-inflammatory.,500
Jaundice,Medical,"Yellowing of skin, Yellow eyes, Pale colored stools",7,"Sugarcane juice, Radish leaves, Papaya, Plenty of water","Alcohol, Fried oily foods, Heavy spices, Junk food",Liver supplements (Under medical advice),Rest completely and avoid strenuous physical activity to recover the liver.,Myth: Turmeric makes jaundice worse. Fact: Turmeric in food is generally safe and anti-inflammatory.,650
Jaundice,Medical,"Dark yellow urine, Pale colored stools, Yellowing of skin",6,"Sugarcane juice, Radish leaves, Papaya, Plenty of water","Alcohol, Fried oily foods, Heavy spices, Junk food",Liver supplements (Under medical advice),Rest completely and avoid strenuous physical activity to recover the liver.,Myth: Turmeric makes jaundice worse. Fact: Turmeric in food is generally safe and anti-inflammatory.,250
Jaundice,Medical,"Yellowing of skin, Nausea, Pale colored stools",8,"Sugarcane juice, Radish leaves, Papaya, Plenty of water","Alcohol, Fried oily foods, Heavy spices, Junk food",Liver supplements (Under medical advice),Rest completely and avoid strenuous physical activity to recover the liver.,Myth: Turmeric makes jaundice worse. Fact: Turmeric in food is generally safe and anti-inflammatory.,650
Jaundice,Medical,"Nausea, Dark yellow urine, Yellowing of skin, Pale colored stools",8,"Sugarcane juice, Radish leaves, Papaya, Plenty of water","Alcohol, Fried oily foods, Heavy spices, Junk food",Liver supplements (Under medical advice),Rest completely and avoid strenuous physical activity to recover the liver.,Myth: Turmeric makes jaundice worse. Fact: Turmeric in food is generally safe and anti-inflammatory.,500
Jaundice,Medical,"Dark yellow urine, Yellow eyes, Yellowing of skin",8,"Sugarcane juice, Radish leaves, Papaya, Plenty of water","Alcohol, Fried oily foods, Heavy spices, Junk food",Liver supplements (Under medical advice),Rest completely and avoid strenuous physical activity to recover the liver.,Myth: Turmeric makes jaundice worse. Fact: Turmeric in food is generally safe and anti-inflammatory.,250
Jaundice,Medical,"Yellow eyes, Nausea, Dark yellow urine",7,"Sugarcane juice, Radish leaves, Papaya, Plenty of water","Alcohol, Fried oily foods, Heavy spices, Junk food",Liver supplements (Under medical advice),Rest completely and avoid strenuous physical activity to recover the liver.,Myth: Turmeric makes jaundice worse. Fact: Turmeric in food is generally safe and anti-inflammatory.,650
Jaundice,Medical,"Yellow eyes, Pale colored stools, Yellowing of skin, Dark yellow urine",3,"Sugarcane juice, Radish leaves, Papaya, Plenty of water","Alcohol, Fried oily foods, Heavy spices, Junk food",Liver supplements (Under medical advice),Rest completely and avoid strenuous physical activity to recover the liver.,Myth: Turmeric makes jaundice worse. Fact: Turmeric in food is generally safe and anti-inflammatory.,250
Jaundice,Medical,"Nausea, Yellowing of skin, Dark yellow urine",6,"Sugarcane juice, Radish leaves, Papaya, Plenty of water","Alcohol, Fried oily foods, Heavy spices, Junk food",Liver supplements (Under medical advice),Rest completely and avoid strenuous physical activity to recover the liver.,Myth: Turmeric makes jaundice worse. Fact: Turmeric in food is generally safe and anti-inflammatory.,650
Jaundice,Medical,"Yellow eyes, Nausea, Pale colored stools, Dark yellow urine",5,"Sugarcane juice, Radish leaves, Papaya, Plenty of water","Alcohol, Fried oily foods, Heavy spices, Junk food",Liver supplements (Under medical advice),Rest completely and avoid strenuous physical activity to recover the liver.,Myth: Turmeric makes jaundice worse. Fact: Turmeric in food is generally safe and anti-inflammatory.,250
Jaundice,Medical,"Dark yellow urine, Nausea, Yellow eyes, Pale colored stools",5,"Sugarcane juice, Radish leaves, Papaya, Plenty of water","Alcohol, Fried oily foods, Heavy spices, Junk food",Liver supplements (Under medical advice),Rest completely and avoid strenuous physical activity to recover the liver.,Myth: Turmeric makes jaundice worse. Fact: Turmeric in food is generally safe and anti-inflammatory.,250
Jaundice,Medical,"Yellowing of skin, Pale colored stools, Yellow eyes, Nausea",8,"Sugarcane juice, Radish leaves, Papaya, Plenty of water","Alcohol, Fried oily foods, Heavy spices, Junk food",Liver supplements (Under medical advice),Rest completely and avoid strenuous physical activity to recover the liver.,Myth: Turmeric makes jaundice worse. Fact: Turmeric in food is generally safe and anti-inflammatory.,650
Jaundice,Medical,"Pale colored stools, Dark yellow urine, Nausea, Yellow eyes",7,"Sugarcane juice, Radish leaves, Papaya, Plenty of water","Alcohol, Fried oily foods, Heavy spices, Junk food",Liver supplements (Under medical advice),Rest completely and avoid strenuous physical activity to recover the liver.,Myth: Turmeric makes jaundice worse. Fact: Turmeric in food is generally safe and anti-inflammatory.,250
Jaundice,Medical,"Nausea, Pale colored stools, Dark yellow urine",8,"Sugarcane juice, Radish leaves, Papaya, Plenty of water","Alcohol, Fried oily foods, Heavy spices, Junk food",Liver supplements (Under medical advice),Rest completely and avoid strenuous physical activity to recover the liver.,Myth: Turmeric makes jaundice worse. Fact: Turmeric in food is generally safe and anti-inflammatory.,250
Jaundice,Medical,"Dark yellow urine, Yellow eyes, Yellowing of skin, Pale colored stools",4,"Sugarcane juice, Radish leaves, Papaya, Plenty of water","Alcohol, Fried oily foods, Heavy spices, Junk food",Liver supplements (Under medical advice),Rest completely and avoid strenuous physical activity to recover the liver.,Myth: Turmeric makes jaundice worse. Fact: Turmeric in food is generally safe and anti-inflammatory.,650
Jaundice,Medical,"Yellowing of skin, Dark yellow urine, Pale colored stools",7,"Sugarcane juice, Radish leaves, Papaya, Plenty of water","Alcohol, Fried oily foods, Heavy spices, Junk food",Liver supplements (Under medical advice),Rest completely and avoid strenuous physical activity to recover the liver.,Myth: Turmeric makes jaundice worse. Fact: Turmeric in food is generally safe and anti-inflammatory.,250
Jaundice,Medical,"Dark yellow urine, Yellow eyes, Yellowing of skin",9,"Sugarcane juice, Radish leaves, Papaya, Plenty of water","Alcohol, Fried oily foods, Heavy spices, Junk food",Liver supplements (Under medical advice),Rest completely and avoid strenuous physical activity to recover the liver.,Myth: Turmeric makes jaundice worse. Fact: Turmeric in food is generally safe and anti-inflammatory.,500
Jaundice,Medical,"Yellow eyes, Yellowing of skin, Dark yellow urine, Nausea",3,"Sugarcane juice, Radish leaves, Papaya, Plenty of water","Alcohol, Fried oily foods, Heavy spices, Junk food",Liver supplements (Under medical advice),Rest completely and avoid strenuous physical activity to recover the liver.,Myth: Turmeric makes jaundice worse. Fact: Turmeric in food is generally safe and anti-inflammatory.,250
Jaundice,Medical,"Pale colored stools, Yellowing of skin, Yellow eyes, Nausea",8,"Sugarcane juice, Radish leaves, Papaya, Plenty of water","Alcohol, Fried oily foods, Heavy spices, Junk food",Liver supplements (Under medical advice),Rest completely and avoid strenuous physical activity to recover the liver.,Myth: Turmeric makes jaundice worse. Fact: Turmeric in food is generally safe and anti-inflammatory.,500
Jaundice,Medical,"Dark yellow urine, Yellowing of skin, Pale colored stools",3,"Sugarcane juice, Radish leaves, Papaya, Plenty of water","Alcohol, Fried oily foods, Heavy spices, Junk food",Liver supplements (Under medical advice),Rest completely and avoid strenuous physical activity to recover the liver.,Myth: Turmeric makes jaundice worse. Fact: Turmeric in food is generally safe and anti-inflammatory.,650
Jaundice,Medical,"Yellowing of skin, Dark yellow urine, Pale colored stools, Nausea",6,"Sugarcane juice, Radish leaves, Papaya, Plenty of water","Alcohol, Fried oily foods, Heavy spices, Junk food",Liver supplements (Under medical advice),Rest completely and avoid strenuous physical activity to recover the liver.,Myth: Turmeric makes jaundice worse. Fact: Turmeric in food is generally safe and anti-inflammatory.,650
Jaundice,Medical,"Yellow eyes, Yellowing of skin, Dark yellow urine",4,"Sugarcane juice, Radish leaves, Papaya, Plenty of water","Alcohol, Fried oily foods, Heavy spices, Junk food",Liver supplements (Under medical advice),Rest completely and avoid strenuous physical activity to recover the liver.,Myth: Turmeric makes jaundice worse. Fact: Turmeric in food is generally safe and anti-inflammatory.,250
Jaundice,Medical,"Yellow eyes, Nausea, Dark yellow urine",4,"Sugarcane juice, Radish leaves, Papaya, Plenty of water","Alcohol, Fried oily foods, Heavy spices, Junk food",Liver supplements (Under medical advice),Rest completely and avoid strenuous physical activity to recover the liver.,Myth: Turmeric makes jaundice worse. Fact: Turmeric in food is generally safe and anti-inflammatory.,250
Jaundice,Medical,"Nausea, Yellowing of skin, Pale colored stools",9,"Sugarcane juice, Radish leaves, Papaya, Plenty of water","Alcohol, Fried oily foods, Heavy spices, Junk food",Liver supplements (Under medical advice),Rest completely and avoid strenuous physical activity to recover the liver.,Myth: Turmeric makes jaundice worse. Fact: Turmeric in food is generally safe and anti-inflammatory.,500
Diabetes,Medical,"Slow healing wounds, Excessive thirst, Extreme hunger, Blurred vision",9,"Leafy greens, Whole grains (Oats, Brown rice), Low-sugar fruits","Sugary drinks, White bread, Deep-fried snacks, Sweets",Metformin / Insulin (Prescription required),Check blood sugar levels regularly and walk for 30 minutes daily.,Myth: You only get diabetes if you are overweight. Fact: Genetics and lifestyle both play roles.,250
Diabetes,Medical,"Extreme hunger, Excessive thirst, Frequent urination, Slow healing wounds",9,"Leafy greens, Whole grains (Oats, Brown rice), Low-sugar fruits","Sugary drinks, White bread, Deep-fried snacks, Sweets",Metformin / Insulin (Prescription required),Check blood sugar levels regularly and walk for 30 minutes daily.,Myth: You only get diabetes if you are overweight. Fact: Genetics and lifestyle both play roles.,500
Diabetes,Medical,"Slow healing wounds, Extreme hunger, Excessive thirst",5,"Leafy greens, Whole grains (Oats, Brown rice), Low-sugar fruits","Sugary drinks, White bread, Deep-fried snacks, Sweets",Metformin / Insulin (Prescription required),Check blood sugar levels regularly and walk for 30 minutes daily.,Myth: You only get diabetes if you are overweight. Fact: Genetics and lifestyle both play roles.,500
Diabetes,Medical,"Frequent urination, Slow healing wounds, Blurred vision, Excessive thirst",8,"Leafy greens, Whole grains (Oats, Brown rice), Low-sugar fruits","Sugary drinks, White bread, Deep-fried snacks, Sweets",Metformin / Insulin (Prescription required),Check blood sugar levels regularly and walk for 30 minutes daily.,Myth: You only get diabetes if you are overweight. Fact: Genetics and lifestyle both play roles.,650
Diabetes,Medical,"Blurred vision, Slow healing wounds, Frequent urination",8,"Leafy greens, Whole grains (Oats, Brown rice), Low-sugar fruits","Sugary drinks, White bread, Deep-fried snacks, Sweets",Metformin / Insulin (Prescription required),Check blood sugar levels regularly and walk for 30 minutes daily.,Myth: You only get diabetes if you are overweight. Fact: Genetics and lifestyle both play roles.,650
Diabetes,Medical,"Slow healing wounds, Excessive thirst, Frequent urination, Blurred vision",9,"Leafy greens, Whole grains (Oats, Brown rice), Low-sugar fruits","Sugary drinks, White bread, Deep-fried snacks, Sweets",Metformin / Insulin (Prescription required),Check blood sugar levels regularly and walk for 30 minutes daily.,Myth: You only get diabetes if you are overweight. Fact: Genetics and lifestyle both play roles.,500
Diabetes,Medical,"Frequent urination, Extreme hunger, Slow healing wounds, Excessive thirst",6,"Leafy greens, Whole grains (Oats, Brown rice), Low-sugar fruits","Sugary drinks, White bread, Deep-fried snacks, Sweets",Metformin / Insulin (Prescription required),Check blood sugar levels regularly and walk for 30 minutes daily.,Myth: You only get diabetes if you are overweight. Fact: Genetics and lifestyle both play roles.,500
Diabetes,Medical,"Blurred vision, Frequent urination, Excessive thirst",7,"Leafy greens, Whole grains (Oats, Brown rice), Low-sugar fruits","Sugary drinks, White bread, Deep-fried snacks, Sweets",Metformin / Insulin (Prescription required),Check blood sugar levels regularly and walk for 30 minutes daily.,Myth: You only get diabetes if you are overweight. Fact: Genetics and lifestyle both play roles.,650
Diabetes,Medical,"Excessive thirst, Blurred vision, Slow healing wounds, Extreme hunger",5,"Leafy greens, Whole grains (Oats, Brown rice), Low-sugar fruits","Sugary drinks, White bread, Deep-fried snacks, Sweets",Metformin / Insulin (Prescription required),Check blood sugar levels regularly and walk for 30 minutes daily.,Myth: You only get diabetes if you are overweight. Fact: Genetics and lifestyle both play roles.,250
Diabetes,Medical,"Extreme hunger, Excessive thirst, Frequent urination, Blurred vision",4,"Leafy greens, Whole grains (Oats, Brown rice), Low-sugar fruits","Sugary drinks, White bread, Deep-fried snacks, Sweets",Metformin / Insulin (Prescription required),Check blood sugar levels regularly and walk for 30 minutes daily.,Myth: You only get diabetes if you are overweight. Fact: Genetics and lifestyle both play roles.,250
Diabetes,Medical,"Blurred vision, Extreme hunger, Frequent urination, Slow healing wounds",6,"Leafy greens, Whole grains (Oats, Brown rice), Low-sugar fruits","Sugary drinks, White bread, Deep-fried snacks, Sweets",Metformin / Insulin (Prescription required),Check blood sugar levels regularly and walk for 30 minutes daily.,Myth: You only get diabetes if you are overweight. Fact: Genetics and lifestyle both play roles.,500
Diabetes,Medical,"Blurred vision, Frequent urination, Excessive thirst, Extreme hunger",6,"Leafy greens, Whole grains (Oats, Brown rice), Low-sugar fruits","Sugary drinks, White bread, Deep-fried snacks, Sweets",Metformin / Insulin (Prescription required),Check blood sugar levels regularly and walk for 30 minutes daily.,Myth: You only get diabetes if you are overweight. Fact: Genetics and lifestyle both play roles.,250
Diabetes,Medical,"Blurred vision, Extreme hunger, Slow healing wounds",7,"Leafy greens, Whole grains (Oats, Brown rice), Low-sugar fruits","Sugary drinks, White bread, Deep-fried snacks, Sweets",Metformin / Insulin (Prescription required),Check blood sugar levels regularly and walk for 30 minutes daily.,Myth: You only get diabetes if you are overweight. Fact: Genetics and lifestyle both play roles.,500
Diabetes,Medical,"Excessive thirst, Extreme hunger, Slow healing wounds",6,"Leafy greens, Whole grains (Oats, Brown rice), Low-sugar fruits","Sugary drinks, White bread, Deep-fried snacks, Sweets",Metformin / Insulin (Prescription required),Check blood sugar levels regularly and walk for 30 minutes daily.,Myth: You only get diabetes if you are overweight. Fact: Genetics and lifestyle both play roles.,500
Diabetes,Medical,"Excessive thirst, Slow healing wounds, Blurred vision",6,"Leafy greens, Whole grains (Oats, Brown rice), Low-sugar fruits","Sugary drinks, White bread, Deep-fried snacks, Sweets",Metformin / Insulin (Prescription required),Check blood sugar levels regularly and walk for 30 minutes daily.,Myth: You only get diabetes if you are overweight. Fact: Genetics and lifestyle both play roles.,650
Diabetes,Medical,"Blurred vision, Frequent urination, Extreme hunger",7,"Leafy greens, Whole grains (Oats, Brown rice), Low-sugar fruits","Sugary drinks, White bread, Deep-fried snacks, Sweets",Metformin / Insulin (Prescription required),Check blood sugar levels regularly and walk for 30 minutes daily.,Myth: You only get diabetes if you are overweight. Fact: Genetics and lifestyle both play roles.,650
Diabetes,Medical,"Blurred vision, Excessive thirst, Frequent urination, Slow healing wounds",5,"Leafy greens, Whole grains (Oats, Brown rice), Low-sugar fruits","Sugary drinks, White bread, Deep-fried snacks, Sweets",Metformin / Insulin (Prescription required),Check blood sugar levels regularly and walk for 30 minutes daily.,Myth: You only get diabetes if you are overweight. Fact: Genetics and lifestyle both play roles.,500
Diabetes,Medical,"Slow healing wounds, Frequent urination, Blurred vision, Excessive thirst",8,"Leafy greens, Whole grains (Oats, Brown rice), Low-sugar fruits","Sugary drinks, White bread, Deep-fried snacks, Sweets",Metformin / Insulin (Prescription required),Check blood sugar levels regularly and walk for 30 minutes daily.,Myth: You only get diabetes if you are overweight. Fact: Genetics and lifestyle both play roles.,500
Diabetes,Medical,"Extreme hunger, Frequent urination, Excessive thirst, Blurred vision",9,"Leafy greens, Whole grains (Oats, Brown rice), Low-sugar fruits","Sugary drinks, White bread, Deep-fried snacks, Sweets",Metformin / Insulin (Prescription required),Check blood sugar levels regularly and walk for 30 minutes daily.,Myth: You only get diabetes if you are overweight. Fact: Genetics and lifestyle both play roles.,650
Diabetes,Medical,"Extreme hunger, Slow healing wounds, Blurred vision, Excessive thirst",5,"Leafy greens, Whole grains (Oats, Brown rice), Low-sugar fruits","Sugary drinks, White bread, Deep-fried snacks, Sweets",Metformin / Insulin (Prescription required),Check blood sugar levels regularly and walk for 30 minutes daily.,Myth: You only get diabetes if you are overweight. Fact: Genetics and lifestyle both play roles.,250
Diabetes,Medical,"Blurred vision, Excessive thirst, Extreme hunger",7,"Leafy greens, Whole grains (Oats, Brown rice), Low-sugar fruits","Sugary drinks, White bread, Deep-fried snacks, Sweets",Metformin / Insulin (Prescription required),Check blood sugar levels regularly and walk for 30 minutes daily.,Myth: You only get diabetes if you are overweight. Fact: Genetics and lifestyle both play roles.,250
Diabetes,Medical,"Frequent urination, Extreme hunger, Excessive thirst, Blurred vision",3,"Leafy greens, Whole grains (Oats, Brown rice), Low-sugar fruits","Sugary drinks, White bread, Deep-fried snacks, Sweets",Metformin / Insulin (Prescription required),Check blood sugar levels regularly and walk for 30 minutes daily.,Myth: You only get diabetes if you are overweight. Fact: Genetics and lifestyle both play roles.,250
Diabetes,Medical,"Frequent urination, Blurred vision, Extreme hunger",4,"Leafy greens, Whole grains (Oats, Brown rice), Low-sugar fruits","Sugary drinks, White bread, Deep-fried snacks, Sweets",Metformin / Insulin (Prescription required),Check blood sugar levels regularly and walk for 30 minutes daily.,Myth: You only get diabetes if you are overweight. Fact: Genetics and lifestyle both play roles.,650
Diabetes,Medical,"Frequent urination, Extreme hunger, Excessive thirst",6,"Leafy greens, Whole grains (Oats, Brown rice), Low-sugar fruits","Sugary drinks, White bread, Deep-fried snacks, Sweets",Metformin / Insulin (Prescription required),Check blood sugar levels regularly and walk for 30 minutes daily.,Myth: You only get diabetes if you are overweight. Fact: Genetics and lifestyle both play roles.,250
Diabetes,Medical,"Blurred vision, Excessive thirst, Extreme hunger, Slow healing wounds",8,"Leafy greens, Whole grains (Oats, Brown rice), Low-sugar fruits","Sugary drinks, White bread, Deep-fried snacks, Sweets",Metformin / Insulin (Prescription required),Check blood sugar levels regularly and walk for 30 minutes daily.,Myth: You only get diabetes if you are overweight. Fact: Genetics and lifestyle both play roles.,650
Diabetes,Medical,"Slow healing wounds, Blurred vision, Extreme hunger",3,"Leafy greens, Whole grains (Oats, Brown rice), Low-sugar fruits","Sugary drinks, White bread, Deep-fried snacks, Sweets",Metformin / Insulin (Prescription required),Check blood sugar levels regularly and walk for 30 minutes daily.,Myth: You only get diabetes if you are overweight. Fact: Genetics and lifestyle both play roles.,650
Diabetes,Medical,"Extreme hunger, Slow healing wounds, Excessive thirst, Frequent urination",8,"Leafy greens, Whole grains (Oats, Brown rice), Low-sugar fruits","Sugary drinks, White bread, Deep-fried snacks, Sweets",Metformin / Insulin (Prescription required),Check blood sugar levels regularly and walk for 30 minutes daily.,Myth: You only get diabetes if you are overweight. Fact: Genetics and lifestyle both play roles.,500
Diabetes,Medical,"Blurred vision, Frequent urination, Extreme hunger",7,"Leafy greens, Whole grains (Oats, Brown rice), Low-sugar fruits","Sugary drinks, White bread, Deep-fried snacks, Sweets",Metformin / Insulin (Prescription required),Check blood sugar levels regularly and walk for 30 minutes daily.,Myth: You only get diabetes if you are overweight. Fact: Genetics and lifestyle both play roles.,500
Diabetes,Medical,"Frequent urination, Slow healing wounds, Excessive thirst",6,"Leafy greens, Whole grains (Oats, Brown rice), Low-sugar fruits","Sugary drinks, White bread, Deep-fried snacks, Sweets",Metformin / Insulin (Prescription required),Check blood sugar levels regularly and walk for 30 minutes daily.,Myth: You only get diabetes if you are overweight. Fact: Genetics and lifestyle both play roles.,650
Diabetes,Medical,"Excessive thirst, Frequent urination, Slow healing wounds",8,"Leafy greens, Whole grains (Oats, Brown rice), Low-sugar fruits","Sugary drinks, White bread, Deep-fried snacks, Sweets",Metformin / Insulin (Prescription required),Check blood sugar levels regularly and walk for 30 minutes daily.,Myth: You only get diabetes if you are overweight. Fact: Genetics and lifestyle both play roles.,500
Diabetes,Medical,"Frequent urination, Extreme hunger, Blurred vision",4,"Leafy greens, Whole grains (Oats, Brown rice), Low-sugar fruits","Sugary drinks, White bread, Deep-fried snacks, Sweets",Metformin / Insulin (Prescription required),Check blood sugar levels regularly and walk for 30 minutes daily.,Myth: You only get diabetes if you are overweight. Fact: Genetics and lifestyle both play roles.,500
Diabetes,Medical,"Blurred vision, Excessive thirst, Extreme hunger",3,"Leafy greens, Whole grains (Oats, Brown rice), Low-sugar fruits","Sugary drinks, White bread, Deep-fried snacks, Sweets",Metformin / Insulin (Prescription required),Check blood sugar levels regularly and walk for 30 minutes daily.,Myth: You only get diabetes if you are overweight. Fact: Genetics and lifestyle both play roles.,650
Diabetes,Medical,"Slow healing wounds, Frequent urination, Blurred vision",3,"Leafy greens, Whole grains (Oats, Brown rice), Low-sugar fruits","Sugary drinks, White bread, Deep-fried snacks, Sweets",Metformin / Insulin (Prescription required),Check blood sugar levels regularly and walk for 30 minutes daily.,Myth: You only get diabetes if you are overweight. Fact: Genetics and lifestyle both play roles.,250
Diabetes,Medical,"Extreme hunger, Blurred vision, Slow healing wounds, Frequent urination",5,"Leafy greens, Whole grains (Oats, Brown rice), Low-sugar fruits","Sugary drinks, White bread, Deep-fried snacks, Sweets",Metformin / Insulin (Prescription required),Check blood sugar levels regularly and walk for 30 minutes daily.,Myth: You only get diabetes if you are overweight. Fact: Genetics and lifestyle both play roles.,250
Diabetes,Medical,"Extreme hunger, Frequent urination, Excessive thirst",7,"Leafy greens, Whole grains (Oats, Brown rice), Low-sugar fruits","Sugary drinks, White bread, Deep-fried snacks, Sweets",Metformin / Insulin (Prescription required),Check blood sugar levels regularly and walk for 30 minutes daily.,Myth: You only get diabetes if you are overweight. Fact: Genetics and lifestyle both play roles.,650
Diabetes,Medical,"Slow healing wounds, Frequent urination, Blurred vision",7,"Leafy greens, Whole grains (Oats, Brown rice), Low-sugar fruits","Sugary drinks, White bread, Deep-fried snacks, Sweets",Metformin / Insulin (Prescription required),Check blood sugar levels regularly and walk for 30 minutes daily.,Myth: You only get diabetes if you are overweight. Fact: Genetics and lifestyle both play roles.,500
Diabetes,Medical,"Frequent urination, Blurred vision, Excessive thirst, Slow healing wounds",7,"Leafy greens, Whole grains (Oats, Brown rice), Low-sugar fruits","Sugary drinks, White bread, Deep-fried snacks, Sweets",Metformin / Insulin (Prescription required),Check blood sugar levels regularly and walk for 30 minutes daily.,Myth: You only get diabetes if you are overweight. Fact: Genetics and lifestyle both play roles.,250
Diabetes,Medical,"Excessive thirst, Extreme hunger, Slow healing wounds",6,"Leafy greens, Whole grains (Oats, Brown rice), Low-sugar fruits","Sugary drinks, White bread, Deep-fried snacks, Sweets",Metformin / Insulin (Prescription required),Check blood sugar levels regularly and walk for 30 minutes daily.,Myth: You only get diabetes if you are overweight. Fact: Genetics and lifestyle both play roles.,500
Dengue,Medical,"Bleeding gums, Skin rashes, High fever",8,"Papaya leaf extract, Pomegranate, Coconut water, Goat milk","Oily food, Spicy food, Dark colored liquids (can mask bleeding)",Paracetamol (Avoid Aspirin/Ibuprofen as they increase bleeding risk),Keep yourself hydrated and use mosquito nets.,Myth: Papaya leaf is a complete cure. Fact: It helps platelets but medical monitoring is essential.,650
Dengue,Medical,"High fever, Pain behind eyes, Severe joint pain",9,"Papaya leaf extract, Pomegranate, Coconut water, Goat milk","Oily food, Spicy food, Dark colored liquids (can mask bleeding)",Paracetamol (Avoid Aspirin/Ibuprofen as they increase bleeding risk),Keep yourself hydrated and use mosquito nets.,Myth: Papaya leaf is a complete cure. Fact: It helps platelets but medical monitoring is essential.,500
Dengue,Medical,"Skin rashes, High fever, Severe joint pain, Pain behind eyes",6,"Papaya leaf extract, Pomegranate, Coconut water, Goat milk","Oily food, Spicy food, Dark colored liquids (can mask bleeding)",Paracetamol (Avoid Aspirin/Ibuprofen as they increase bleeding risk),Keep yourself hydrated and use mosquito nets.,Myth: Papaya leaf is a complete cure. Fact: It helps platelets but medical monitoring is essential.,650
Dengue,Medical,"Skin rashes, Severe joint pain, High fever, Pain behind eyes",7,"Papaya leaf extract, Pomegranate, Coconut water, Goat milk","Oily food, Spicy food, Dark colored liquids (can mask bleeding)",Paracetamol (Avoid Aspirin/Ibuprofen as they increase bleeding risk),Keep yourself hydrated and use mosquito nets.,Myth: Papaya leaf is a complete cure. Fact: It helps platelets but medical monitoring is essential.,500
Dengue,Medical,"Skin rashes, High fever, Severe joint pain, Bleeding gums",5,"Papaya leaf extract, Pomegranate, Coconut water, Goat milk","Oily food, Spicy food, Dark colored liquids (can mask bleeding)",Paracetamol (Avoid Aspirin/Ibuprofen as they increase bleeding risk),Keep yourself hydrated and use mosquito nets.,Myth: Papaya leaf is a complete cure. Fact: It helps platelets but medical monitoring is essential.,500
Dengue,Medical,"Pain behind eyes, Skin rashes, High fever, Bleeding gums",7,"Papaya leaf extract, Pomegranate, Coconut water, Goat milk","Oily food, Spicy food, Dark colored liquids (can mask bleeding)",Paracetamol (Avoid Aspirin/Ibuprofen as they increase bleeding risk),Keep yourself hydrated and use mosquito nets.,Myth: Papaya leaf is a complete cure. Fact: It helps platelets but medical monitoring is essential.,650
Dengue,Medical,"Severe joint pain, Bleeding gums, Skin rashes",3,"Papaya leaf extract, Pomegranate, Coconut water, Goat milk","Oily food, Spicy food, Dark colored liquids (can mask bleeding)",Paracetamol (Avoid Aspirin/Ibuprofen as they increase bleeding risk),Keep yourself hydrated and use mosquito nets.,Myth: Papaya leaf is a complete cure. Fact: It helps platelets but medical monitoring is essential.,250
Dengue,Medical,"High fever, Severe joint pain, Pain behind eyes",3,"Papaya leaf extract, Pomegranate, Coconut water, Goat milk","Oily food, Spicy food, Dark colored liquids (can mask bleeding)",Paracetamol (Avoid Aspirin/Ibuprofen as they increase bleeding risk),Keep yourself hydrated and use mosquito nets.,Myth: Papaya leaf is a complete cure. Fact: It helps platelets but medical monitoring is essential.,650
Dengue,Medical,"High fever, Bleeding gums, Pain behind eyes",6,"Papaya leaf extract, Pomegranate, Coconut water, Goat milk","Oily food, Spicy food, Dark colored liquids (can mask bleeding)",Paracetamol (Avoid Aspirin/Ibuprofen as they increase bleeding risk),Keep yourself hydrated and use mosquito nets.,Myth: Papaya leaf is a complete cure. Fact: It helps platelets but medical monitoring is essential.,250
Dengue,Medical,"Severe joint pain, Skin rashes, Bleeding gums",7,"Papaya leaf extract, Pomegranate, Coconut water, Goat milk","Oily food, Spicy food, Dark colored liquids (can mask bleeding)",Paracetamol (Avoid Aspirin/Ibuprofen as they increase bleeding risk),Keep yourself hydrated and use mosquito nets.,Myth: Papaya leaf is a complete cure. Fact: It helps platelets but medical monitoring is essential.,250
Dengue,Medical,"Skin rashes, Bleeding gums, High fever, Pain behind eyes",6,"Papaya leaf extract, Pomegranate, Coconut water, Goat milk","Oily food, Spicy food, Dark colored liquids (can mask bleeding)",Paracetamol (Avoid Aspirin/Ibuprofen as they increase bleeding risk),Keep yourself hydrated and use mosquito nets.,Myth: Papaya leaf is a complete cure. Fact: It helps platelets but medical monitoring is essential.,250
Dengue,Medical,"Severe joint pain, Bleeding gums, High fever",8,"Papaya leaf extract, Pomegranate, Coconut water, Goat milk","Oily food, Spicy food, Dark colored liquids (can mask bleeding)",Paracetamol (Avoid Aspirin/Ibuprofen as they increase bleeding risk),Keep yourself hydrated and use mosquito nets.,Myth: Papaya leaf is a complete cure. Fact: It helps platelets but medical monitoring is essential.,500
Dengue,Medical,"Skin rashes, Bleeding gums, Severe joint pain, Pain behind eyes",6,"Papaya leaf extract, Pomegranate, Coconut water, Goat milk","Oily food, Spicy food, Dark colored liquids (can mask bleeding)",Paracetamol (Avoid Aspirin/Ibuprofen as they increase bleeding risk),Keep yourself hydrated and use mosquito nets.,Myth: Papaya leaf is a complete cure. Fact: It helps platelets but medical monitoring is essential.,250
Dengue,Medical,"Pain behind eyes, Skin rashes, High fever",9,"Papaya leaf extract, Pomegranate, Coconut water, Goat milk","Oily food, Spicy food, Dark colored liquids (can mask bleeding)",Paracetamol (Avoid Aspirin/Ibuprofen as they increase bleeding risk),Keep yourself hydrated and use mosquito nets.,Myth: Papaya leaf is a complete cure. Fact: It helps platelets but medical monitoring is essential.,500
Dengue,Medical,"Bleeding gums, Pain behind eyes, High fever, Skin rashes",6,"Papaya leaf extract, Pomegranate, Coconut water, Goat milk","Oily food, Spicy food, Dark colored liquids (can mask bleeding)",Paracetamol (Avoid Aspirin/Ibuprofen as they increase bleeding risk),Keep yourself hydrated and use mosquito nets.,Myth: Papaya leaf is a complete cure. Fact: It helps platelets but medical monitoring is essential.,250
Dengue,Medical,"Pain behind eyes, Skin rashes, Bleeding gums, Severe joint pain",9,"Papaya leaf extract, Pomegranate, Coconut water, Goat milk","Oily food, Spicy food, Dark colored liquids (can mask bleeding)",Paracetamol (Avoid Aspirin/Ibuprofen as they increase bleeding risk),Keep yourself hydrated and use mosquito nets.,Myth: Papaya leaf is a complete cure. Fact: It helps platelets but medical monitoring is essential.,500
Dengue,Medical,"Skin rashes, Pain behind eyes, High fever, Severe joint pain",3,"Papaya leaf extract, Pomegranate, Coconut water, Goat milk","Oily food, Spicy food, Dark colored liquids (can mask bleeding)",Paracetamol (Avoid Aspirin/Ibuprofen as they increase bleeding risk),Keep yourself hydrated and use mosquito nets.,Myth: Papaya leaf is a complete cure. Fact: It helps platelets but medical monitoring is essential.,650
Dengue,Medical,"Pain behind eyes, Skin rashes, Bleeding gums",7,"Papaya leaf extract, Pomegranate, Coconut water, Goat milk","Oily food, Spicy food, Dark colored liquids (can mask bleeding)",Paracetamol (Avoid Aspirin/Ibuprofen as they increase bleeding risk),Keep yourself hydrated and use mosquito nets.,Myth: Papaya leaf is a complete cure. Fact: It helps platelets but medical monitoring is essential.,500
Dengue,Medical,"Severe joint pain, Bleeding gums, High fever, Skin rashes",9,"Papaya leaf extract, Pomegranate, Coconut water, Goat milk","Oily food, Spicy food, Dark colored liquids (can mask bleeding)",Paracetamol (Avoid Aspirin/Ibuprofen as they increase bleeding risk),Keep yourself hydrated and use mosquito nets.,Myth: Papaya leaf is a complete cure. Fact: It helps platelets but medical monitoring is essential.,650
Dengue,Medical,"High fever, Skin rashes, Bleeding gums, Severe joint pain",7,"Papaya leaf extract, Pomegranate, Coconut water, Goat milk","Oily food, Spicy food, Dark colored liquids (can mask bleeding)",Paracetamol (Avoid Aspirin/Ibuprofen as they increase bleeding risk),Keep yourself hydrated and use mosquito nets.,Myth: Papaya leaf is a complete cure. Fact: It helps platelets but medical monitoring is essential.,500
Dengue,Medical,"Skin rashes, Pain behind eyes, High fever, Severe joint pain",7,"Papaya leaf extract, Pomegranate, Coconut water, Goat milk","Oily food, Spicy food, Dark colored liquids (can mask bleeding)",Paracetamol (Avoid Aspirin/Ibuprofen as they increase bleeding risk),Keep yourself hydrated and use mosquito nets.,Myth: Papaya leaf is a complete cure. Fact: It helps platelets but medical monitoring is essential.,250
Dengue,Medical,"Severe joint pain, Bleeding gums, High fever, Skin rashes",7,"Papaya leaf extract, Pomegranate, Coconut water, Goat milk","Oily food, Spicy food, Dark colored liquids (can mask bleeding)",Paracetamol (Avoid Aspirin/Ibuprofen as they increase bleeding risk),Keep yourself hydrated and use mosquito nets.,Myth: Papaya leaf is a complete cure. Fact: It helps platelets but medical monitoring is essential.,650
Dengue,Medical,"Pain behind eyes, Skin rashes, Bleeding gums",7,"Papaya leaf extract, Pomegranate, Coconut water, Goat milk","Oily food, Spicy food, Dark colored liquids (can mask bleeding)",Paracetamol (Avoid Aspirin/Ibuprofen as they increase bleeding risk),Keep yourself hydrated and use mosquito nets.,Myth: Papaya leaf is a complete cure. Fact: It helps platelets but medical monitoring is essential.,650
Dengue,Medical,"Pain behind eyes, High fever, Skin rashes",7,"Papaya leaf extract, Pomegranate, Coconut water, Goat milk","Oily food, Spicy food, Dark colored liquids (can mask bleeding)",Paracetamol (Avoid Aspirin/Ibuprofen as they increase bleeding risk),Keep yourself hydrated and use mosquito nets.,Myth: Papaya leaf is a complete cure. Fact: It helps platelets but medical monitoring is essential.,650
Dengue,Medical,"High fever, Pain behind eyes, Skin rashes",8,"Papaya leaf extract, Pomegranate, Coconut water, Goat milk","Oily food, Spicy food, Dark colored liquids (can mask bleeding)",Paracetamol (Avoid Aspirin/Ibuprofen as they increase bleeding risk),Keep yourself hydrated and use mosquito nets.,Myth: Papaya leaf is a complete cure. Fact: It helps platelets but medical monitoring is essential.,650
Dengue,Medical,"Severe joint pain, High fever, Bleeding gums",5,"Papaya leaf extract, Pomegranate, Coconut water, Goat milk","Oily food, Spicy food, Dark colored liquids (can mask bleeding)",Paracetamol (Avoid Aspirin/Ibuprofen as they increase bleeding risk),Keep yourself hydrated and use mosquito nets.,Myth: Papaya leaf is a complete cure. Fact: It helps platelets but medical monitoring is essential.,650
Dengue,Medical,"High fever, Pain behind eyes, Skin rashes, Bleeding gums",9,"Papaya leaf extract, Pomegranate, Coconut water, Goat milk","Oily food, Spicy food, Dark colored liquids (can mask bleeding)",Paracetamol (Avoid Aspirin/Ibuprofen as they increase bleeding risk),Keep yourself hydrated and use mosquito nets.,Myth: Papaya leaf is a complete cure. Fact: It helps platelets but medical monitoring is essential.,650
Dengue,Medical,"Severe joint pain, Bleeding gums, Skin rashes, High fever",3,"Papaya leaf extract, Pomegranate, Coconut water, Goat milk","Oily food, Spicy food, Dark colored liquids (can mask bleeding)",Paracetamol (Avoid Aspirin/Ibuprofen as they increase bleeding risk),Keep yourself hydrated and use mosquito nets.,Myth: Papaya leaf is a complete cure. Fact: It helps platelets but medical monitoring is essential.,650
Dengue,Medical,"Skin rashes, Bleeding gums, Pain behind eyes, Severe joint pain",7,"Papaya leaf extract, Pomegranate, Coconut water, Goat milk","Oily food, Spicy food, Dark colored liquids (can mask bleeding)",Paracetamol (Avoid Aspirin/Ibuprofen as they increase bleeding risk),Keep yourself hydrated and use mosquito nets.,Myth: Papaya leaf is a complete cure. Fact: It helps platelets but medical monitoring is essential.,250
Dengue,Medical,"Severe joint pain, Pain behind eyes, High fever",4,"Papaya leaf extract, Pomegranate, Coconut water, Goat milk","Oily food, Spicy food, Dark colored liquids (can mask bleeding)",Paracetamol (Avoid Aspirin/Ibuprofen as they increase bleeding risk),Keep yourself hydrated and use mosquito nets.,Myth: Papaya leaf is a complete cure. Fact: It helps platelets but medical monitoring is essential.,650
Dengue,Medical,"Skin rashes, Pain behind eyes, High fever, Bleeding gums",6,"Papaya leaf extract, Pomegranate, Coconut water, Goat milk","Oily food, Spicy food, Dark colored liquids (can mask bleeding)",Paracetamol (Avoid Aspirin/Ibuprofen as they increase bleeding risk),Keep yourself hydrated and use mosquito nets.,Myth: Papaya leaf is a complete cure. Fact: It helps platelets but medical monitoring is essential.,500
Dengue,Medical,"Bleeding gums, Skin rashes, High fever, Severe joint pain",7,"Papaya leaf extract, Pomegranate, Coconut water, Goat milk","Oily food, Spicy food, Dark colored liquids (can mask bleeding)",Paracetamol (Avoid Aspirin/Ibuprofen as they increase bleeding risk),Keep yourself hydrated and use mosquito nets.,Myth: Papaya leaf is a complete cure. Fact: It helps platelets but medical monitoring is essential.,250
Dengue,Medical,"Bleeding gums, Pain behind eyes, Severe joint pain",8,"Papaya leaf extract, Pomegranate, Coconut water, Goat milk","Oily food, Spicy food, Dark colored liquids (can mask bleeding)",Paracetamol (Avoid Aspirin/Ibuprofen as they increase bleeding risk),Keep yourself hydrated and use mosquito nets.,Myth: Papaya leaf is a complete cure. Fact: It helps platelets but medical monitoring is essential.,250
Dengue,Medical,"Severe joint pain, Bleeding gums, Pain behind eyes",8,"Papaya leaf extract, Pomegranate, Coconut water, Goat milk","Oily food, Spicy food, Dark colored liquids (can mask bleeding)",Paracetamol (Avoid Aspirin/Ibuprofen as they increase bleeding risk),Keep yourself hydrated and use mosquito nets.,Myth: Papaya leaf is a complete cure. Fact: It helps platelets but medical monitoring is essential.,250
Dengue,Medical,"Severe joint pain, Pain behind eyes, Bleeding gums",5,"Papaya leaf extract, Pomegranate, Coconut water, Goat milk","Oily food, Spicy food, Dark colored liquids (can mask bleeding)",Paracetamol (Avoid Aspirin/Ibuprofen as they increase bleeding risk),Keep yourself hydrated and use mosquito nets.,Myth: Papaya leaf is a complete cure. Fact: It helps platelets but medical monitoring is essential.,500
Dengue,Medical,"Pain behind eyes, Severe joint pain, Skin rashes",8,"Papaya leaf extract, Pomegranate, Coconut water, Goat milk","Oily food, Spicy food, Dark colored liquids (can mask bleeding)",Paracetamol (Avoid Aspirin/Ibuprofen as they increase bleeding risk),Keep yourself hydrated and use mosquito nets.,Myth: Papaya leaf is a complete cure. Fact: It helps platelets but medical monitoring is essential.,650
Dengue,Medical,"Severe joint pain, High fever, Skin rashes, Bleeding gums",8,"Papaya leaf extract, Pomegranate, Coconut water, Goat milk","Oily food, Spicy food, Dark colored liquids (can mask bleeding)",Paracetamol (Avoid Aspirin/Ibuprofen as they increase bleeding risk),Keep yourself hydrated and use mosquito nets.,Myth: Papaya leaf is a complete cure. Fact: It helps platelets but medical monitoring is essential.,500
Dengue,Medical,"Pain behind eyes, High fever, Skin rashes, Bleeding gums",3,"Papaya leaf extract, Pomegranate, Coconut water, Goat milk","Oily food, Spicy food, Dark colored liquids (can mask bleeding)",Paracetamol (Avoid Aspirin/Ibuprofen as they increase bleeding risk),Keep yourself hydrated and use mosquito nets.,Myth: Papaya leaf is a complete cure. Fact: It helps platelets but medical monitoring is essential.,250
Malaria,Medical,"Profuse sweating, Splenomegaly, Shivering chills",9,"Fresh fruit juices, Boiled rice, Lentils","Cold foods, Oily food, Curd/Yogurt during fever",Antimalarials (Prescription required),Always complete the full course of antimalarial medication.,Myth: You can't get malaria twice. Fact: You can be reinfected multiple times.,500
Malaria,Medical,"High fever, Splenomegaly, Shivering chills, Profuse sweating",8,"Fresh fruit juices, Boiled rice, Lentils","Cold foods, Oily food, Curd/Yogurt during fever",Antimalarials (Prescription required),Always complete the full course of antimalarial medication.,Myth: You can't get malaria twice. Fact: You can be reinfected multiple times.,500
Malaria,Medical,"Fatigue, Profuse sweating, Shivering chills",7,"Fresh fruit juices, Boiled rice, Lentils","Cold foods, Oily food, Curd/Yogurt during fever",Antimalarials (Prescription required),Always complete the full course of antimalarial medication.,Myth: You can't get malaria twice. Fact: You can be reinfected multiple times.,650
Malaria,Medical,"High fever, Splenomegaly, Shivering chills, Profuse sweating",5,"Fresh fruit juices, Boiled rice, Lentils","Cold foods, Oily food, Curd/Yogurt during fever",Antimalarials (Prescription required),Always complete the full course of antimalarial medication.,Myth: You can't get malaria twice. Fact: You can be reinfected multiple times.,500
Malaria,Medical,"Profuse sweating, Splenomegaly, Shivering chills",3,"Fresh fruit juices, Boiled rice, Lentils","Cold foods, Oily food, Curd/Yogurt during fever",Antimalarials (Prescription required),Always complete the full course of antimalarial medication.,Myth: You can't get malaria twice. Fact: You can be reinfected multiple times.,650
Malaria,Medical,"Splenomegaly, Profuse sweating, Fatigue",3,"Fresh fruit juices, Boiled rice, Lentils","Cold foods, Oily food, Curd/Yogurt during fever",Antimalarials (Prescription required),Always complete the full course of antimalarial medication.,Myth: You can't get malaria twice. Fact: You can be reinfected multiple times.,500
Malaria,Medical,"Profuse sweating, Fatigue, Splenomegaly",5,"Fresh fruit juices, Boiled rice, Lentils","Cold foods, Oily food, Curd/Yogurt during fever",Antimalarials (Prescription required),Always complete the full course of antimalarial medication.,Myth: You can't get malaria twice. Fact: You can be reinfected multiple times.,650
Malaria,Medical,"Shivering chills, Profuse sweating, Splenomegaly",7,"Fresh fruit juices, Boiled rice, Lentils","Cold foods, Oily food, Curd/Yogurt during fever",Antimalarials (Prescription required),Always complete the full course of antimalarial medication.,Myth: You can't get malaria twice. Fact: You can be reinfected multiple times.,250
Malaria,Medical,"Fatigue, Shivering chills, Profuse sweating, High fever",3,"Fresh fruit juices, Boiled rice, Lentils","Cold foods, Oily food, Curd/Yogurt during fever",Antimalarials (Prescription required),Always complete the full course of antimalarial medication.,Myth: You can't get malaria twice. Fact: You can be reinfected multiple times.,250
Malaria,Medical,"Splenomegaly, Shivering chills, Profuse sweating, High fever",8,"Fresh fruit juices, Boiled rice, Lentils","Cold foods, Oily food, Curd/Yogurt during fever",Antimalarials (Prescription required),Always complete the full course of antimalarial medication.,Myth: You can't get malaria twice. Fact: You can be reinfected multiple times.,500
Malaria,Medical,"Profuse sweating, High fever, Fatigue, Splenomegaly",8,"Fresh fruit juices, Boiled rice, Lentils","Cold foods, Oily food, Curd/Yogurt during fever",Antimalarials (Prescription required),Always complete the full course of antimalarial medication.,Myth: You can't get malaria twice. Fact: You can be reinfected multiple times.,250
Malaria,Medical,"Profuse sweating, Shivering chills, Splenomegaly",5,"Fresh fruit juices, Boiled rice, Lentils","Cold foods, Oily food, Curd/Yogurt during fever",Antimalarials (Prescription required),Always complete the full course of antimalarial medication.,Myth: You can't get malaria twice. Fact: You can be reinfected multiple times.,250
Malaria,Medical,"Shivering chills, Profuse sweating, Fatigue, Splenomegaly",3,"Fresh fruit juices, Boiled rice, Lentils","Cold foods, Oily food, Curd/Yogurt during fever",Antimalarials (Prescription required),Always complete the full course of antimalarial medication.,Myth: You can't get malaria twice. Fact: You can be reinfected multiple times.,500
Malaria,Medical,"High fever, Splenomegaly, Fatigue, Shivering chills",9,"Fresh fruit juices, Boiled rice, Lentils","Cold foods, Oily food, Curd/Yogurt during fever",Antimalarials (Prescription required),Always complete the full course of antimalarial medication.,Myth: You can't get malaria twice. Fact: You can be reinfected multiple times.,650
Malaria,Medical,"Profuse sweating, High fever, Splenomegaly",7,"Fresh fruit juices, Boiled rice, Lentils","Cold foods, Oily food, Curd/Yogurt during fever",Antimalarials (Prescription required),Always complete the full course of antimalarial medication.,Myth: You can't get malaria twice. Fact: You can be reinfected multiple times.,250
Malaria,Medical,"Fatigue, Splenomegaly, Profuse sweating, High fever",4,"Fresh fruit juices, Boiled rice, Lentils","Cold foods, Oily food, Curd/Yogurt during fever",Antimalarials (Prescription required),Always complete the full course of antimalarial medication.,Myth: You can't get malaria twice. Fact: You can be reinfected multiple times.,250
Malaria,Medical,"Profuse sweating, Splenomegaly, Fatigue",5,"Fresh fruit juices, Boiled rice, Lentils","Cold foods, Oily food, Curd/Yogurt during fever",Antimalarials (Prescription required),Always complete the full course of antimalarial medication.,Myth: You can't get malaria twice. Fact: You can be reinfected multiple times.,500
Malaria,Medical,"Fatigue, Profuse sweating, Shivering chills, Splenomegaly",3,"Fresh fruit juices, Boiled rice, Lentils","Cold foods, Oily food, Curd/Yogurt during fever",Antimalarials (Prescription required),Always complete the full course of antimalarial medication.,Myth: You can't get malaria twice. Fact: You can be reinfected multiple times.,250
Malaria,Medical,"Profuse sweating, Fatigue, Splenomegaly",4,"Fresh fruit juices, Boiled rice, Lentils","Cold foods, Oily food, Curd/Yogurt during fever",Antimalarials (Prescription required),Always complete the full course of antimalarial medication.,Myth: You can't get malaria twice. Fact: You can be reinfected multiple times.,250
Malaria,Medical,"Splenomegaly, Fatigue, High fever, Profuse sweating",3,"Fresh fruit juices, Boiled rice, Lentils","Cold foods, Oily food, Curd/Yogurt during fever",Antimalarials (Prescription required),Always complete the full course of antimalarial medication.,Myth: You can't get malaria twice. Fact: You can be reinfected multiple times.,250
Malaria,Medical,"Shivering chills, Profuse sweating, High fever",9,"Fresh fruit juices, Boiled rice, Lentils","Cold foods, Oily food, Curd/Yogurt during fever",Antimalarials (Prescription required),Always complete the full course of antimalarial medication.,Myth: You can't get malaria twice. Fact: You can be reinfected multiple times.,650
Malaria,Medical,"Shivering chills, Fatigue, High fever",6,"Fresh fruit juices, Boiled rice, Lentils","Cold foods, Oily food, Curd/Yogurt during fever",Antimalarials (Prescription required),Always complete the full course of antimalarial medication.,Myth: You can't get malaria twice. Fact: You can be reinfected multiple times.,250
Malaria,Medical,"Fatigue, High fever, Shivering chills",8,"Fresh fruit juices, Boiled rice, Lentils","Cold foods, Oily food, Curd/Yogurt during fever",Antimalarials (Prescription required),Always complete the full course of antimalarial medication.,Myth: You can't get malaria twice. Fact: You can be reinfected multiple times.,650
Malaria,Medical,"Profuse sweating, High fever, Fatigue",5,"Fresh fruit juices, Boiled rice, Lentils","Cold foods, Oily food, Curd/Yogurt during fever",Antimalarials (Prescription required),Always complete the full course of antimalarial medication.,Myth: You can't get malaria twice. Fact: You can be reinfected multiple times.,500
Malaria,Medical,"Splenomegaly, Shivering chills, Fatigue, Profuse sweating",6,"Fresh fruit juices, Boiled rice, Lentils","Cold foods, Oily food, Curd/Yogurt during fever",Antimalarials (Prescription required),Always complete the full course of antimalarial medication.,Myth: You can't get malaria twice. Fact: You can be reinfected multiple times.,250
Malaria,Medical,"Fatigue, High fever, Splenomegaly",3,"Fresh fruit juices, Boiled rice, Lentils","Cold foods, Oily food, Curd/Yogurt during fever",Antimalarials (Prescription required),Always complete the full course of antimalarial medication.,Myth: You can't get malaria twice. Fact: You can be reinfected multiple times.,500
Malaria,Medical,"High fever, Profuse sweating, Splenomegaly, Shivering chills",3,"Fresh fruit juices, Boiled rice, Lentils","Cold foods, Oily food, Curd/Yogurt during fever",Antimalarials (Prescription required),Always complete the full course of antimalarial medication.,Myth: You can't get malaria twice. Fact: You can be reinfected multiple times.,500
Malaria,Medical,"Fatigue, Shivering chills, High fever, Profuse sweating",7,"Fresh fruit juices, Boiled rice, Lentils","Cold foods, Oily food, Curd/Yogurt during fever",Antimalarials (Prescription required),Always complete the full course of antimalarial medication.,Myth: You can't get malaria twice. Fact: You can be reinfected multiple times.,500
Malaria,Medical,"Profuse sweating, Fatigue, Shivering chills, High fever",4,"Fresh fruit juices, Boiled rice, Lentils","Cold foods, Oily food, Curd/Yogurt during fever",Antimalarials (Prescription required),Always complete the full course of antimalarial medication.,Myth: You can't get malaria twice. Fact: You can be reinfected multiple times.,650
Malaria,Medical,"Profuse sweating, Fatigue, Shivering chills",9,"Fresh fruit juices, Boiled rice, Lentils","Cold foods, Oily food, Curd/Yogurt during fever",Antimalarials (Prescription required),Always complete the full course of antimalarial medication.,Myth: You can't get malaria twice. Fact: You can be reinfected multiple times.,250
Malaria,Medical,"High fever, Splenomegaly, Profuse sweating",3,"Fresh fruit juices, Boiled rice, Lentils","Cold foods, Oily food, Curd/Yogurt during fever",Antimalarials (Prescription required),Always complete the full course of antimalarial medication.,Myth: You can't get malaria twice. Fact: You can be reinfected multiple times.,500
Malaria,Medical,"Shivering chills, Splenomegaly, High fever, Profuse sweating",6,"Fresh fruit juices, Boiled rice, Lentils","Cold foods, Oily food, Curd/Yogurt during fever",Antimalarials (Prescription required),Always complete the full course of antimalarial medication.,Myth: You can't get malaria twice. Fact: You can be reinfected multiple times.,500
Malaria,Medical,"Profuse sweating, Fatigue, High fever",6,"Fresh fruit juices, Boiled rice, Lentils","Cold foods, Oily food, Curd/Yogurt during fever",Antimalarials (Prescription required),Always complete the full course of antimalarial medication.,Myth: You can't get malaria twice. Fact: You can be reinfected multiple times.,650
Malaria,Medical,"Splenomegaly, Profuse sweating, Shivering chills",3,"Fresh fruit juices, Boiled rice, Lentils","Cold foods, Oily food, Curd/Yogurt during fever",Antimalarials (Prescription required),Always complete the full course of antimalarial medication.,Myth: You can't get malaria twice. Fact: You can be reinfected multiple times.,250
Malaria,Medical,"High fever, Splenomegaly, Fatigue, Shivering chills",4,"Fresh fruit juices, Boiled rice, Lentils","Cold foods, Oily food, Curd/Yogurt during fever",Antimalarials (Prescription required),Always complete the full course of antimalarial medication.,Myth: You can't get malaria twice. Fact: You can be reinfected multiple times.,500
Malaria,Medical,"Splenomegaly, Fatigue, Profuse sweating, High fever",7,"Fresh fruit juices, Boiled rice, Lentils","Cold foods, Oily food, Curd/Yogurt during fever",Antimalarials (Prescription required),Always complete the full course of antimalarial medication.,Myth: You can't get malaria twice. Fact: You can be reinfected multiple times.,250
Malaria,Medical,"Splenomegaly, High fever, Fatigue",7,"Fresh fruit juices, Boiled rice, Lentils","Cold foods, Oily food, Curd/Yogurt during fever",Antimalarials (Prescription required),Always complete the full course of antimalarial medication.,Myth: You can't get malaria twice. Fact: You can be reinfected multiple times.,250
Malaria,Medical,"Shivering chills, Fatigue, High fever",5,"Fresh fruit juices, Boiled rice, Lentils","Cold foods, Oily food, Curd/Yogurt during fever",Antimalarials (Prescription required),Always complete the full course of antimalarial medication.,Myth: You can't get malaria twice. Fact: You can be reinfected multiple times.,650
Anemia,Medical,"Brittle nails, Pale skin, Dizziness",3,"Spinach, Beetroot, Jaggery, Red meat, Iron-fortified cereals",Excessive tea/coffee (inhibits iron absorption),Iron Supplements,"Consume Vitamin C (Amla, Lemon) with iron-rich food for better absorption.",Myth: Only women get anemia. Fact: Men and children can also be severely anemic.,650
Anemia,Medical,"Pale skin, Shortness of breath, Brittle nails, Dizziness",9,"Spinach, Beetroot, Jaggery, Red meat, Iron-fortified cereals",Excessive tea/coffee (inhibits iron absorption),Iron Supplements,"Consume Vitamin C (Amla, Lemon) with iron-rich food for better absorption.",Myth: Only women get anemia. Fact: Men and children can also be severely anemic.,650
Anemia,Medical,"Cold hands and feet, Shortness of breath, Pale skin",3,"Spinach, Beetroot, Jaggery, Red meat, Iron-fortified cereals",Excessive tea/coffee (inhibits iron absorption),Iron Supplements,"Consume Vitamin C (Amla, Lemon) with iron-rich food for better absorption.",Myth: Only women get anemia. Fact: Men and children can also be severely anemic.,650
Anemia,Medical,"Cold hands and feet, Shortness of breath, Dizziness, Brittle nails",7,"Spinach, Beetroot, Jaggery, Red meat, Iron-fortified cereals",Excessive tea/coffee (inhibits iron absorption),Iron Supplements,"Consume Vitamin C (Amla, Lemon) with iron-rich food for better absorption.",Myth: Only women get anemia. Fact: Men and children can also be severely anemic.,500
Anemia,Medical,"Cold hands and feet, Shortness of breath, Dizziness",9,"Spinach, Beetroot, Jaggery, Red meat, Iron-fortified cereals",Excessive tea/coffee (inhibits iron absorption),Iron Supplements,"Consume Vitamin C (Amla, Lemon) with iron-rich food for better absorption.",Myth: Only women get anemia. Fact: Men and children can also be severely anemic.,250
Anemia,Medical,"Pale skin, Brittle nails, Shortness of breath",9,"Spinach, Beetroot, Jaggery, Red meat, Iron-fortified cereals",Excessive tea/coffee (inhibits iron absorption),Iron Supplements,"Consume Vitamin C (Amla, Lemon) with iron-rich food for better absorption.",Myth: Only women get anemia. Fact: Men and children can also be severely anemic.,500
Anemia,Medical,"Cold hands and feet, Brittle nails, Shortness of breath, Dizziness",4,"Spinach, Beetroot, Jaggery, Red meat, Iron-fortified cereals",Excessive tea/coffee (inhibits iron absorption),Iron Supplements,"Consume Vitamin C (Amla, Lemon) with iron-rich food for better absorption.",Myth: Only women get anemia. Fact: Men and children can also be severely anemic.,500
Anemia,Medical,"Brittle nails, Cold hands and feet, Pale skin, Dizziness",8,"Spinach, Beetroot, Jaggery, Red meat, Iron-fortified cereals",Excessive tea/coffee (inhibits iron absorption),Iron Supplements,"Consume Vitamin C (Amla, Lemon) with iron-rich food for better absorption.",Myth: Only women get anemia. Fact: Men and children can also be severely anemic.,650
Anemia,Medical,"Cold hands and feet, Pale skin, Dizziness",3,"Spinach, Beetroot, Jaggery, Red meat, Iron-fortified cereals",Excessive tea/coffee (inhibits iron absorption),Iron Supplements,"Consume Vitamin C (Amla, Lemon) with iron-rich food for better absorption.",Myth: Only women get anemia. Fact: Men and children can also be severely anemic.,500
Anemia,Medical,"Shortness of breath, Cold hands and feet, Pale skin, Brittle nails",5,"Spinach, Beetroot, Jaggery, Red meat, Iron-fortified cereals",Excessive tea/coffee (inhibits iron absorption),Iron Supplements,"Consume Vitamin C (Amla, Lemon) with iron-rich food for better absorption.",Myth: Only women get anemia. Fact: Men and children can also be severely anemic.,650
Anemia,Medical,"Pale skin, Shortness of breath, Cold hands and feet",3,"Spinach, Beetroot, Jaggery, Red meat, Iron-fortified cereals",Excessive tea/coffee (inhibits iron absorption),Iron Supplements,"Consume Vitamin C (Amla, Lemon) with iron-rich food for better absorption.",Myth: Only women get anemia. Fact: Men and children can also be severely anemic.,650
Anemia,Medical,"Dizziness, Cold hands and feet, Brittle nails, Pale skin",5,"Spinach, Beetroot, Jaggery, Red meat, Iron-fortified cereals",Excessive tea/coffee (inhibits iron absorption),Iron Supplements,"Consume Vitamin C (Amla, Lemon) with iron-rich food for better absorption.",Myth: Only women get anemia. Fact: Men and children can also be severely anemic.,650
Anemia,Medical,"Cold hands and feet, Shortness of breath, Pale skin, Brittle nails",3,"Spinach, Beetroot, Jaggery, Red meat, Iron-fortified cereals",Excessive tea/coffee (inhibits iron absorption),Iron Supplements,"Consume Vitamin C (Amla, Lemon) with iron-rich food for better absorption.",Myth: Only women get anemia. Fact: Men and children can also be severely anemic.,250
Anemia,Medical,"Dizziness, Shortness of breath, Brittle nails",5,"Spinach, Beetroot, Jaggery, Red meat, Iron-fortified cereals",Excessive tea/coffee (inhibits iron absorption),Iron Supplements,"Consume Vitamin C (Amla, Lemon) with iron-rich food for better absorption.",Myth: Only women get anemia. Fact: Men and children can also be severely anemic.,650
Anemia,Medical,"Brittle nails, Dizziness, Cold hands and feet, Shortness of breath",6,"Spinach, Beetroot, Jaggery, Red meat, Iron-fortified cereals",Excessive tea/coffee (inhibits iron absorption),Iron Supplements,"Consume Vitamin C (Amla, Lemon) with iron-rich food for better absorption.",Myth: Only women get anemia. Fact: Men and children can also be severely anemic.,500
Anemia,Medical,"Dizziness, Cold hands and feet, Shortness of breath, Pale skin",4,"Spinach, Beetroot, Jaggery, Red meat, Iron-fortified cereals",Excessive tea/coffee (inhibits iron absorption),Iron Supplements,"Consume Vitamin C (Amla, Lemon) with iron-rich food for better absorption.",Myth: Only women get anemia. Fact: Men and children can also be severely anemic.,650
Anemia,Medical,"Shortness of breath, Dizziness, Pale skin",6,"Spinach, Beetroot, Jaggery, Red meat, Iron-fortified cereals",Excessive tea/coffee (inhibits iron absorption),Iron Supplements,"Consume Vitamin C (Amla, Lemon) with iron-rich food for better absorption.",Myth: Only women get anemia. Fact: Men and children can also be severely anemic.,650
Anemia,Medical,"Dizziness, Brittle nails, Cold hands and feet, Pale skin",3,"Spinach, Beetroot, Jaggery, Red meat, Iron-fortified cereals",Excessive tea/coffee (inhibits iron absorption),Iron Supplements,"Consume Vitamin C (Amla, Lemon) with iron-rich food for better absorption.",Myth: Only women get anemia. Fact: Men and children can also be severely anemic.,650
Anemia,Medical,"Brittle nails, Cold hands and feet, Dizziness",3,"Spinach, Beetroot, Jaggery, Red meat, Iron-fortified cereals",Excessive tea/coffee (inhibits iron absorption),Iron Supplements,"Consume Vitamin C (Amla, Lemon) with iron-rich food for better absorption.",Myth: Only women get anemia. Fact: Men and children can also be severely anemic.,650
Anemia,Medical,"Pale skin, Shortness of breath, Brittle nails, Cold hands and feet",9,"Spinach, Beetroot, Jaggery, Red meat, Iron-fortified cereals",Excessive tea/coffee (inhibits iron absorption),Iron Supplements,"Consume Vitamin C (Amla, Lemon) with iron-rich food for better absorption.",Myth: Only women get anemia. Fact: Men and children can also be severely anemic.,500
Anemia,Medical,"Shortness of breath, Dizziness, Pale skin",4,"Spinach, Beetroot, Jaggery, Red meat, Iron-fortified cereals",Excessive tea/coffee (inhibits iron absorption),Iron Supplements,"Consume Vitamin C (Amla, Lemon) with iron-rich food for better absorption.",Myth: Only women get anemia. Fact: Men and children can also be severely anemic.,650
Anemia,Medical,"Brittle nails, Pale skin, Shortness of breath",4,"Spinach, Beetroot, Jaggery, Red meat, Iron-fortified cereals",Excessive tea/coffee (inhibits iron absorption),Iron Supplements,"Consume Vitamin C (Amla, Lemon) with iron-rich food for better absorption.",Myth: Only women get anemia. Fact: Men and children can also be severely anemic.,650
Anemia,Medical,"Brittle nails, Shortness of breath, Dizziness, Pale skin",6,"Spinach, Beetroot, Jaggery, Red meat, Iron-fortified cereals",Excessive tea/coffee (inhibits iron absorption),Iron Supplements,"Consume Vitamin C (Amla, Lemon) with iron-rich food for better absorption.",Myth: Only women get anemia. Fact: Men and children can also be severely anemic.,500
Anemia,Medical,"Brittle nails, Cold hands and feet, Shortness of breath",3,"Spinach, Beetroot, Jaggery, Red meat, Iron-fortified cereals",Excessive tea/coffee (inhibits iron absorption),Iron Supplements,"Consume Vitamin C (Amla, Lemon) with iron-rich food for better absorption.",Myth: Only women get anemia. Fact: Men and children can also be severely anemic.,650
Anemia,Medical,"Brittle nails, Dizziness, Pale skin",5,"Spinach, Beetroot, Jaggery, Red meat, Iron-fortified cereals",Excessive tea/coffee (inhibits iron absorption),Iron Supplements,"Consume Vitamin C (Amla, Lemon) with iron-rich food for better absorption.",Myth: Only women get anemia. Fact: Men and children can also be severely anemic.,500
Anemia,Medical,"Brittle nails, Shortness of breath, Dizziness, Cold hands and feet",8,"Spinach, Beetroot, Jaggery, Red meat, Iron-fortified cereals",Excessive tea/coffee (inhibits iron absorption),Iron Supplements,"Consume Vitamin C (Amla, Lemon) with iron-rich food for better absorption.",Myth: Only women get anemia. Fact: Men and children can also be severely anemic.,650
Anemia,Medical,"Brittle nails, Dizziness, Shortness of breath",8,"Spinach, Beetroot, Jaggery, Red meat, Iron-fortified cereals",Excessive tea/coffee (inhibits iron absorption),Iron Supplements,"Consume Vitamin C (Amla, Lemon) with iron-rich food for better absorption.",Myth: Only women get anemia. Fact: Men and children can also be severely anemic.,500
Anemia,Medical,"Pale skin, Cold hands and feet, Shortness of breath",4,"Spinach, Beetroot, Jaggery, Red meat, Iron-fortified cereals",Excessive tea/coffee (inhibits iron absorption),Iron Supplements,"Consume Vitamin C (Amla, Lemon) with iron-rich food for better absorption.",Myth: Only women get anemia. Fact: Men and children can also be severely anemic.,500
Anemia,Medical,"Dizziness, Brittle nails, Cold hands and feet, Pale skin",7,"Spinach, Beetroot, Jaggery, Red meat, Iron-fortified cereals",Excessive tea/coffee (inhibits iron absorption),Iron Supplements,"Consume Vitamin C (Amla, Lemon) with iron-rich food for better absorption.",Myth: Only women get anemia. Fact: Men and children can also be severely anemic.,250
Anemia,Medical,"Cold hands and feet, Dizziness, Pale skin",3,"Spinach, Beetroot, Jaggery, Red meat, Iron-fortified cereals",Excessive tea/coffee (inhibits iron absorption),Iron Supplements,"Consume Vitamin C (Amla, Lemon) with iron-rich food for better absorption.",Myth: Only women get anemia. Fact: Men and children can also be severely anemic.,500
Anemia,Medical,"Shortness of breath, Brittle nails, Cold hands and feet, Dizziness",4,"Spinach, Beetroot, Jaggery, Red meat, Iron-fortified cereals",Excessive tea/coffee (inhibits iron absorption),Iron Supplements,"Consume Vitamin C (Amla, Lemon) with iron-rich food for better absorption.",Myth: Only women get anemia. Fact: Men and children can also be severely anemic.,250
Anemia,Medical,"Dizziness, Cold hands and feet, Pale skin, Shortness of breath",9,"Spinach, Beetroot, Jaggery, Red meat, Iron-fortified cereals",Excessive tea/coffee (inhibits iron absorption),Iron Supplements,"Consume Vitamin C (Amla, Lemon) with iron-rich food for better absorption.",Myth: Only women get anemia. Fact: Men and children can also be severely anemic.,250
Anemia,Medical,"Brittle nails, Shortness of breath, Pale skin",9,"Spinach, Beetroot, Jaggery, Red meat, Iron-fortified cereals",Excessive tea/coffee (inhibits iron absorption),Iron Supplements,"Consume Vitamin C (Amla, Lemon) with iron-rich food for better absorption.",Myth: Only women get anemia. Fact: Men and children can also be severely anemic.,650
Anemia,Medical,"Shortness of breath, Pale skin, Cold hands and feet, Dizziness",7,"Spinach, Beetroot, Jaggery, Red meat, Iron-fortified cereals",Excessive tea/coffee (inhibits iron absorption),Iron Supplements,"Consume Vitamin C (Amla, Lemon) with iron-rich food for better absorption.",Myth: Only women get anemia. Fact: Men and children can also be severely anemic.,250
Anemia,Medical,"Dizziness, Cold hands and feet, Pale skin",4,"Spinach, Beetroot, Jaggery, Red meat, Iron-fortified cereals",Excessive tea/coffee (inhibits iron absorption),Iron Supplements,"Consume Vitamin C (Amla, Lemon) with iron-rich food for better absorption.",Myth: Only women get anemia. Fact: Men and children can also be severely anemic.,250
Anemia,Medical,"Pale skin, Brittle nails, Shortness of breath, Cold hands and feet",7,"Spinach, Beetroot, Jaggery, Red meat, Iron-fortified cereals",Excessive tea/coffee (inhibits iron absorption),Iron Supplements,"Consume Vitamin C (Amla, Lemon) with iron-rich food for better absorption.",Myth: Only women get anemia. Fact: Men and children can also be severely anemic.,650
Anemia,Medical,"Cold hands and feet, Brittle nails, Pale skin, Shortness of breath",9,"Spinach, Beetroot, Jaggery, Red meat, Iron-fortified cereals",Excessive tea/coffee (inhibits iron absorption),Iron Supplements,"Consume Vitamin C (Amla, Lemon) with iron-rich food for better absorption.",Myth: Only women get anemia. Fact: Men and children can also be severely anemic.,250
Anemia,Medical,"Pale skin, Dizziness, Brittle nails",7,"Spinach, Beetroot, Jaggery, Red meat, Iron-fortified cereals",Excessive tea/coffee (inhibits iron absorption),Iron Supplements,"Consume Vitamin C (Amla, Lemon) with iron-rich food for better absorption.",Myth: Only women get anemia. Fact: Men and children can also be severely anemic.,650
Asthma,Medical,"Wheezing sounds, Difficulty breathing, Nighttime cough, Chest tightness",8,"Fruits rich in Vitamin C, Ginger, Garlic","Processed foods, Sulfites (dried fruits), Cold drinks",Inhalers (Salbutamol),Keep your rescue inhaler with you at all times.,Myth: Asthma is purely psychological. Fact: It is a physical inflammation of the airways.,500
Asthma,Medical,"Chest tightness, Difficulty breathing, Nighttime cough",6,"Fruits rich in Vitamin C, Ginger, Garlic","Processed foods, Sulfites (dried fruits), Cold drinks",Inhalers (Salbutamol),Keep your rescue inhaler with you at all times.,Myth: Asthma is purely psychological. Fact: It is a physical inflammation of the airways.,500
Asthma,Medical,"Chest tightness, Difficulty breathing, Nighttime cough",6,"Fruits rich in Vitamin C, Ginger, Garlic","Processed foods, Sulfites (dried fruits), Cold drinks",Inhalers (Salbutamol),Keep your rescue inhaler with you at all times.,Myth: Asthma is purely psychological. Fact: It is a physical inflammation of the airways.,250
Asthma,Medical,"Wheezing sounds, Nighttime cough, Chest tightness, Difficulty breathing",7,"Fruits rich in Vitamin C, Ginger, Garlic","Processed foods, Sulfites (dried fruits), Cold drinks",Inhalers (Salbutamol),Keep your rescue inhaler with you at all times.,Myth: Asthma is purely psychological. Fact: It is a physical inflammation of the airways.,500
Asthma,Medical,"Chest tightness, Wheezing sounds, Difficulty breathing, Nighttime cough",3,"Fruits rich in Vitamin C, Ginger, Garlic","Processed foods, Sulfites (dried fruits), Cold drinks",Inhalers (Salbutamol),Keep your rescue inhaler with you at all times.,Myth: Asthma is purely psychological. Fact: It is a physical inflammation of the airways.,250
Asthma,Medical,"Chest tightness, Wheezing sounds, Difficulty breathing",7,"Fruits rich in Vitamin C, Ginger, Garlic","Processed foods, Sulfites (dried fruits), Cold drinks",Inhalers (Salbutamol),Keep your rescue inhaler with you at all times.,Myth: Asthma is purely psychological. Fact: It is a physical inflammation of the airways.,500
Asthma,Medical,"Chest tightness, Wheezing sounds, Nighttime cough",8,"Fruits rich in Vitamin C, Ginger, Garlic","Processed foods, Sulfites (dried fruits), Cold drinks",Inhalers (Salbutamol),Keep your rescue inhaler with you at all times.,Myth: Asthma is purely psychological. Fact: It is a physical inflammation of the airways.,500
Asthma,Medical,"Wheezing sounds, Chest tightness, Difficulty breathing",7,"Fruits rich in Vitamin C, Ginger, Garlic","Processed foods, Sulfites (dried fruits), Cold drinks",Inhalers (Salbutamol),Keep your rescue inhaler with you at all times.,Myth: Asthma is purely psychological. Fact: It is a physical inflammation of the airways.,500
Asthma,Medical,"Nighttime cough, Chest tightness, Difficulty breathing",8,"Fruits rich in Vitamin C, Ginger, Garlic","Processed foods, Sulfites (dried fruits), Cold drinks",Inhalers (Salbutamol),Keep your rescue inhaler with you at all times.,Myth: Asthma is purely psychological. Fact: It is a physical inflammation of the airways.,500
Asthma,Medical,"Difficulty breathing, Wheezing sounds, Nighttime cough",6,"Fruits rich in Vitamin C, Ginger, Garlic","Processed foods, Sulfites (dried fruits), Cold drinks",Inhalers (Salbutamol),Keep your rescue inhaler with you at all times.,Myth: Asthma is purely psychological. Fact: It is a physical inflammation of the airways.,250
Asthma,Medical,"Wheezing sounds, Difficulty breathing, Nighttime cough, Chest tightness",9,"Fruits rich in Vitamin C, Ginger, Garlic","Processed foods, Sulfites (dried fruits), Cold drinks",Inhalers (Salbutamol),Keep your rescue inhaler with you at all times.,Myth: Asthma is purely psychological. Fact: It is a physical inflammation of the airways.,250
Asthma,Medical,"Chest tightness, Wheezing sounds, Nighttime cough",3,"Fruits rich in Vitamin C, Ginger, Garlic","Processed foods, Sulfites (dried fruits), Cold drinks",Inhalers (Salbutamol),Keep your rescue inhaler with you at all times.,Myth: Asthma is purely psychological. Fact: It is a physical inflammation of the airways.,250
Asthma,Medical,"Wheezing sounds, Chest tightness, Difficulty breathing, Nighttime cough",9,"Fruits rich in Vitamin C, Ginger, Garlic","Processed foods, Sulfites (dried fruits), Cold drinks",Inhalers (Salbutamol),Keep your rescue inhaler with you at all times.,Myth: Asthma is purely psychological. Fact: It is a physical inflammation of the airways.,250
Asthma,Medical,"Difficulty breathing, Nighttime cough, Chest tightness, Wheezing sounds",9,"Fruits rich in Vitamin C, Ginger, Garlic","Processed foods, Sulfites (dried fruits), Cold drinks",Inhalers (Salbutamol),Keep your rescue inhaler with you at all times.,Myth: Asthma is purely psychological. Fact: It is a physical inflammation of the airways.,500
Asthma,Medical,"Difficulty breathing, Chest tightness, Wheezing sounds",7,"Fruits rich in Vitamin C, Ginger, Garlic","Processed foods, Sulfites (dried fruits), Cold drinks",Inhalers (Salbutamol),Keep your rescue inhaler with you at all times.,Myth: Asthma is purely psychological. Fact: It is a physical inflammation of the airways.,650
Asthma,Medical,"Wheezing sounds, Difficulty breathing, Chest tightness, Nighttime cough",4,"Fruits rich in Vitamin C, Ginger, Garlic","Processed foods, Sulfites (dried fruits), Cold drinks",Inhalers (Salbutamol),Keep your rescue inhaler with you at all times.,Myth: Asthma is purely psychological. Fact: It is a physical inflammation of the airways.,650
Asthma,Medical,"Difficulty breathing, Chest tightness, Wheezing sounds, Nighttime cough",8,"Fruits rich in Vitamin C, Ginger, Garlic","Processed foods, Sulfites (dried fruits), Cold drinks",Inhalers (Salbutamol),Keep your rescue inhaler with you at all times.,Myth: Asthma is purely psychological. Fact: It is a physical inflammation of the airways.,500
Asthma,Medical,"Chest tightness, Difficulty breathing, Nighttime cough, Wheezing sounds",7,"Fruits rich in Vitamin C, Ginger, Garlic","Processed foods, Sulfites (dried fruits), Cold drinks",Inhalers (Salbutamol),Keep your rescue inhaler with you at all times.,Myth: Asthma is purely psychological. Fact: It is a physical inflammation of the airways.,500
Asthma,Medical,"Wheezing sounds, Chest tightness, Difficulty breathing, Nighttime cough",8,"Fruits rich in Vitamin C, Ginger, Garlic","Processed foods, Sulfites (dried fruits), Cold drinks",Inhalers (Salbutamol),Keep your rescue inhaler with you at all times.,Myth: Asthma is purely psychological. Fact: It is a physical inflammation of the airways.,250
Asthma,Medical,"Wheezing sounds, Difficulty breathing, Chest tightness",3,"Fruits rich in Vitamin C, Ginger, Garlic","Processed foods, Sulfites (dried fruits), Cold drinks",Inhalers (Salbutamol),Keep your rescue inhaler with you at all times.,Myth: Asthma is purely psychological. Fact: It is a physical inflammation of the airways.,250
Asthma,Medical,"Wheezing sounds, Difficulty breathing, Chest tightness, Nighttime cough",6,"Fruits rich in Vitamin C, Ginger, Garlic","Processed foods, Sulfites (dried fruits), Cold drinks",Inhalers (Salbutamol),Keep your rescue inhaler with you at all times.,Myth: Asthma is purely psychological. Fact: It is a physical inflammation of the airways.,500
Asthma,Medical,"Nighttime cough, Difficulty breathing, Wheezing sounds, Chest tightness",4,"Fruits rich in Vitamin C, Ginger, Garlic","Processed foods, Sulfites (dried fruits), Cold drinks",Inhalers (Salbutamol),Keep your rescue inhaler with you at all times.,Myth: Asthma is purely psychological. Fact: It is a physical inflammation of the airways.,650
Asthma,Medical,"Difficulty breathing, Wheezing sounds, Chest tightness",7,"Fruits rich in Vitamin C, Ginger, Garlic","Processed foods, Sulfites (dried fruits), Cold drinks",Inhalers (Salbutamol),Keep your rescue inhaler with you at all times.,Myth: Asthma is purely psychological. Fact: It is a physical inflammation of the airways.,650
Asthma,Medical,"Difficulty breathing, Nighttime cough, Chest tightness, Wheezing sounds",8,"Fruits rich in Vitamin C, Ginger, Garlic","Processed foods, Sulfites (dried fruits), Cold drinks",Inhalers (Salbutamol),Keep your rescue inhaler with you at all times.,Myth: Asthma is purely psychological. Fact: It is a physical inflammation of the airways.,500
Asthma,Medical,"Chest tightness, Difficulty breathing, Nighttime cough",9,"Fruits rich in Vitamin C, Ginger, Garlic","Processed foods, Sulfites (dried fruits), Cold drinks",Inhalers (Salbutamol),Keep your rescue inhaler with you at all times.,Myth: Asthma is purely psychological. Fact: It is a physical inflammation of the airways.,500
Asthma,Medical,"Chest tightness, Wheezing sounds, Nighttime cough",7,"Fruits rich in Vitamin C, Ginger, Garlic","Processed foods, Sulfites (dried fruits), Cold drinks",Inhalers (Salbutamol),Keep your rescue inhaler with you at all times.,Myth: Asthma is purely psychological. Fact: It is a physical inflammation of the airways.,650
Asthma,Medical,"Chest tightness, Wheezing sounds, Nighttime cough, Difficulty breathing",9,"Fruits rich in Vitamin C, Ginger, Garlic","Processed foods, Sulfites (dried fruits), Cold drinks",Inhalers (Salbutamol),Keep your rescue inhaler with you at all times.,Myth: Asthma is purely psychological. Fact: It is a physical inflammation of the airways.,250
Asthma,Medical,"Wheezing sounds, Nighttime cough, Chest tightness, Difficulty breathing",7,"Fruits rich in Vitamin C, Ginger, Garlic","Processed foods, Sulfites (dried fruits), Cold drinks",Inhalers (Salbutamol),Keep your rescue inhaler with you at all times.,Myth: Asthma is purely psychological. Fact: It is a physical inflammation of the airways.,650
Asthma,Medical,"Nighttime cough, Difficulty breathing, Wheezing sounds",6,"Fruits rich in Vitamin C, Ginger, Garlic","Processed foods, Sulfites (dried fruits), Cold drinks",Inhalers (Salbutamol),Keep your rescue inhaler with you at all times.,Myth: Asthma is purely psychological. Fact: It is a physical inflammation of the airways.,500
Asthma,Medical,"Chest tightness, Difficulty breathing, Wheezing sounds",7,"Fruits rich in Vitamin C, Ginger, Garlic","Processed foods, Sulfites (dried fruits), Cold drinks",Inhalers (Salbutamol),Keep your rescue inhaler with you at all times.,Myth: Asthma is purely psychological. Fact: It is a physical inflammation of the airways.,250
Asthma,Medical,"Nighttime cough, Wheezing sounds, Difficulty breathing",4,"Fruits rich in Vitamin C, Ginger, Garlic","Processed foods, Sulfites (dried fruits), Cold drinks",Inhalers (Salbutamol),Keep your rescue inhaler with you at all times.,Myth: Asthma is purely psychological. Fact: It is a physical inflammation of the airways.,650
Asthma,Medical,"Chest tightness, Difficulty breathing, Wheezing sounds",3,"Fruits rich in Vitamin C, Ginger, Garlic","Processed foods, Sulfites (dried fruits), Cold drinks",Inhalers (Salbutamol),Keep your rescue inhaler with you at all times.,Myth: Asthma is purely psychological. Fact: It is a physical inflammation of the airways.,250
Asthma,Medical,"Wheezing sounds, Difficulty breathing, Chest tightness",4,"Fruits rich in Vitamin C, Ginger, Garlic","Processed foods, Sulfites (dried fruits), Cold drinks",Inhalers (Salbutamol),Keep your rescue inhaler with you at all times.,Myth: Asthma is purely psychological. Fact: It is a physical inflammation of the airways.,500
Asthma,Medical,"Nighttime cough, Chest tightness, Difficulty breathing",4,"Fruits rich in Vitamin C, Ginger, Garlic","Processed foods, Sulfites (dried fruits), Cold drinks",Inhalers (Salbutamol),Keep your rescue inhaler with you at all times.,Myth: Asthma is purely psychological. Fact: It is a physical inflammation of the airways.,650
Asthma,Medical,"Nighttime cough, Chest tightness, Difficulty breathing",8,"Fruits rich in Vitamin C, Ginger, Garlic","Processed foods, Sulfites (dried fruits), Cold drinks",Inhalers (Salbutamol),Keep your rescue inhaler with you at all times.,Myth: Asthma is purely psychological. Fact: It is a physical inflammation of the airways.,500
Asthma,Medical,"Chest tightness, Difficulty breathing, Wheezing sounds, Nighttime cough",5,"Fruits rich in Vitamin C, Ginger, Garlic","Processed foods, Sulfites (dried fruits), Cold drinks",Inhalers (Salbutamol),Keep your rescue inhaler with you at all times.,Myth: Asthma is purely psychological. Fact: It is a physical inflammation of the airways.,500
Asthma,Medical,"Chest tightness, Difficulty breathing, Nighttime cough, Wheezing sounds",3,"Fruits rich in Vitamin C, Ginger, Garlic","Processed foods, Sulfites (dried fruits), Cold drinks",Inhalers (Salbutamol),Keep your rescue inhaler with you at all times.,Myth: Asthma is purely psychological. Fact: It is a physical inflammation of the airways.,650
Asthma,Medical,"Nighttime cough, Chest tightness, Difficulty breathing, Wheezing sounds",9,"Fruits rich in Vitamin C, Ginger, Garlic","Processed foods, Sulfites (dried fruits), Cold drinks",Inhalers (Salbutamol),Keep your rescue inhaler with you at all times.,Myth: Asthma is purely psychological. Fact: It is a physical inflammation of the airways.,250
Dehydration,Medical,"Dry mouth, Sunken eyes, Dark colored urine, Dizziness",7,"Watermelon, Cucumber, ORS solution, Coconut water","Alcohol, Excessive coffee, Salty snacks",Electrolyte Solutions (ORS),Sip water slowly and continuously rather than gulping a lot at once.,"Myth: If you're not thirsty, you're not dehydrated. Fact: Thirst is a late sign of dehydration.",500
Dehydration,Medical,"Dark colored urine, Extreme thirst, Dry mouth, Dizziness",3,"Watermelon, Cucumber, ORS solution, Coconut water","Alcohol, Excessive coffee, Salty snacks",Electrolyte Solutions (ORS),Sip water slowly and continuously rather than gulping a lot at once.,"Myth: If you're not thirsty, you're not dehydrated. Fact: Thirst is a late sign of dehydration.",650
Dehydration,Medical,"Dry mouth, Sunken eyes, Dizziness, Extreme thirst",3,"Watermelon, Cucumber, ORS solution, Coconut water","Alcohol, Excessive coffee, Salty snacks",Electrolyte Solutions (ORS),Sip water slowly and continuously rather than gulping a lot at once.,"Myth: If you're not thirsty, you're not dehydrated. Fact: Thirst is a late sign of dehydration.",650
Dehydration,Medical,"Sunken eyes, Dark colored urine, Dizziness, Dry mouth",5,"Watermelon, Cucumber, ORS solution, Coconut water","Alcohol, Excessive coffee, Salty snacks",Electrolyte Solutions (ORS),Sip water slowly and continuously rather than gulping a lot at once.,"Myth: If you're not thirsty, you're not dehydrated. Fact: Thirst is a late sign of dehydration.",250
Dehydration,Medical,"Dry mouth, Dizziness, Sunken eyes",6,"Watermelon, Cucumber, ORS solution, Coconut water","Alcohol, Excessive coffee, Salty snacks",Electrolyte Solutions (ORS),Sip water slowly and continuously rather than gulping a lot at once.,"Myth: If you're not thirsty, you're not dehydrated. Fact: Thirst is a late sign of dehydration.",500
Dehydration,Medical,"Dry mouth, Dark colored urine, Dizziness, Sunken eyes",9,"Watermelon, Cucumber, ORS solution, Coconut water","Alcohol, Excessive coffee, Salty snacks",Electrolyte Solutions (ORS),Sip water slowly and continuously rather than gulping a lot at once.,"Myth: If you're not thirsty, you're not dehydrated. Fact: Thirst is a late sign of dehydration.",500
Dehydration,Medical,"Dry mouth, Sunken eyes, Dark colored urine, Extreme thirst",6,"Watermelon, Cucumber, ORS solution, Coconut water","Alcohol, Excessive coffee, Salty snacks",Electrolyte Solutions (ORS),Sip water slowly and continuously rather than gulping a lot at once.,"Myth: If you're not thirsty, you're not dehydrated. Fact: Thirst is a late sign of dehydration.",250
Dehydration,Medical,"Extreme thirst, Sunken eyes, Dark colored urine",8,"Watermelon, Cucumber, ORS solution, Coconut water","Alcohol, Excessive coffee, Salty snacks",Electrolyte Solutions (ORS),Sip water slowly and continuously rather than gulping a lot at once.,"Myth: If you're not thirsty, you're not dehydrated. Fact: Thirst is a late sign of dehydration.",500
Dehydration,Medical,"Sunken eyes, Dizziness, Dark colored urine",3,"Watermelon, Cucumber, ORS solution, Coconut water","Alcohol, Excessive coffee, Salty snacks",Electrolyte Solutions (ORS),Sip water slowly and continuously rather than gulping a lot at once.,"Myth: If you're not thirsty, you're not dehydrated. Fact: Thirst is a late sign of dehydration.",650
Dehydration,Medical,"Dry mouth, Extreme thirst, Dizziness",4,"Watermelon, Cucumber, ORS solution, Coconut water","Alcohol, Excessive coffee, Salty snacks",Electrolyte Solutions (ORS),Sip water slowly and continuously rather than gulping a lot at once.,"Myth: If you're not thirsty, you're not dehydrated. Fact: Thirst is a late sign of dehydration.",250
Dehydration,Medical,"Dry mouth, Extreme thirst, Dizziness, Dark colored urine",9,"Watermelon, Cucumber, ORS solution, Coconut water","Alcohol, Excessive coffee, Salty snacks",Electrolyte Solutions (ORS),Sip water slowly and continuously rather than gulping a lot at once.,"Myth: If you're not thirsty, you're not dehydrated. Fact: Thirst is a late sign of dehydration.",650
Dehydration,Medical,"Dark colored urine, Sunken eyes, Extreme thirst",4,"Watermelon, Cucumber, ORS solution, Coconut water","Alcohol, Excessive coffee, Salty snacks",Electrolyte Solutions (ORS),Sip water slowly and continuously rather than gulping a lot at once.,"Myth: If you're not thirsty, you're not dehydrated. Fact: Thirst is a late sign of dehydration.",650
Dehydration,Medical,"Dark colored urine, Dry mouth, Extreme thirst, Sunken eyes",5,"Watermelon, Cucumber, ORS solution, Coconut water","Alcohol, Excessive coffee, Salty snacks",Electrolyte Solutions (ORS),Sip water slowly and continuously rather than gulping a lot at once.,"Myth: If you're not thirsty, you're not dehydrated. Fact: Thirst is a late sign of dehydration.",500
Dehydration,Medical,"Dark colored urine, Extreme thirst, Dizziness",8,"Watermelon, Cucumber, ORS solution, Coconut water","Alcohol, Excessive coffee, Salty snacks",Electrolyte Solutions (ORS),Sip water slowly and continuously rather than gulping a lot at once.,"Myth: If you're not thirsty, you're not dehydrated. Fact: Thirst is a late sign of dehydration.",650
Dehydration,Medical,"Extreme thirst, Dizziness, Sunken eyes",9,"Watermelon, Cucumber, ORS solution, Coconut water","Alcohol, Excessive coffee, Salty snacks",Electrolyte Solutions (ORS),Sip water slowly and continuously rather than gulping a lot at once.,"Myth: If you're not thirsty, you're not dehydrated. Fact: Thirst is a late sign of dehydration.",650
Dehydration,Medical,"Extreme thirst, Dark colored urine, Dry mouth, Dizziness",8,"Watermelon, Cucumber, ORS solution, Coconut water","Alcohol, Excessive coffee, Salty snacks",Electrolyte Solutions (ORS),Sip water slowly and continuously rather than gulping a lot at once.,"Myth: If you're not thirsty, you're not dehydrated. Fact: Thirst is a late sign of dehydration.",500
Dehydration,Medical,"Extreme thirst, Sunken eyes, Dark colored urine, Dry mouth",8,"Watermelon, Cucumber, ORS solution, Coconut water","Alcohol, Excessive coffee, Salty snacks",Electrolyte Solutions (ORS),Sip water slowly and continuously rather than gulping a lot at once.,"Myth: If you're not thirsty, you're not dehydrated. Fact: Thirst is a late sign of dehydration.",650
Dehydration,Medical,"Dry mouth, Dizziness, Dark colored urine",4,"Watermelon, Cucumber, ORS solution, Coconut water","Alcohol, Excessive coffee, Salty snacks",Electrolyte Solutions (ORS),Sip water slowly and continuously rather than gulping a lot at once.,"Myth: If you're not thirsty, you're not dehydrated. Fact: Thirst is a late sign of dehydration.",650
Dehydration,Medical,"Dry mouth, Sunken eyes, Dizziness",9,"Watermelon, Cucumber, ORS solution, Coconut water","Alcohol, Excessive coffee, Salty snacks",Electrolyte Solutions (ORS),Sip water slowly and continuously rather than gulping a lot at once.,"Myth: If you're not thirsty, you're not dehydrated. Fact: Thirst is a late sign of dehydration.",500
Dehydration,Medical,"Dry mouth, Sunken eyes, Dizziness, Dark colored urine",3,"Watermelon, Cucumber, ORS solution, Coconut water","Alcohol, Excessive coffee, Salty snacks",Electrolyte Solutions (ORS),Sip water slowly and continuously rather than gulping a lot at once.,"Myth: If you're not thirsty, you're not dehydrated. Fact: Thirst is a late sign of dehydration.",250
Dehydration,Medical,"Dry mouth, Extreme thirst, Sunken eyes, Dark colored urine",6,"Watermelon, Cucumber, ORS solution, Coconut water","Alcohol, Excessive coffee, Salty snacks",Electrolyte Solutions (ORS),Sip water slowly and continuously rather than gulping a lot at once.,"Myth: If you're not thirsty, you're not dehydrated. Fact: Thirst is a late sign of dehydration.",650
Dehydration,Medical,"Sunken eyes, Dry mouth, Dizziness",5,"Watermelon, Cucumber, ORS solution, Coconut water","Alcohol, Excessive coffee, Salty snacks",Electrolyte Solutions (ORS),Sip water slowly and continuously rather than gulping a lot at once.,"Myth: If you're not thirsty, you're not dehydrated. Fact: Thirst is a late sign of dehydration.",250
Dehydration,Medical,"Dizziness, Extreme thirst, Sunken eyes, Dark colored urine",6,"Watermelon, Cucumber, ORS solution, Coconut water","Alcohol, Excessive coffee, Salty snacks",Electrolyte Solutions (ORS),Sip water slowly and continuously rather than gulping a lot at once.,"Myth: If you're not thirsty, you're not dehydrated. Fact: Thirst is a late sign of dehydration.",250
Dehydration,Medical,"Dry mouth, Dark colored urine, Sunken eyes, Dizziness",9,"Watermelon, Cucumber, ORS solution, Coconut water","Alcohol, Excessive coffee, Salty snacks",Electrolyte Solutions (ORS),Sip water slowly and continuously rather than gulping a lot at once.,"Myth: If you're not thirsty, you're not dehydrated. Fact: Thirst is a late sign of dehydration.",500
Dehydration,Medical,"Dizziness, Dark colored urine, Sunken eyes",6,"Watermelon, Cucumber, ORS solution, Coconut water","Alcohol, Excessive coffee, Salty snacks",Electrolyte Solutions (ORS),Sip water slowly and continuously rather than gulping a lot at once.,"Myth: If you're not thirsty, you're not dehydrated. Fact: Thirst is a late sign of dehydration.",500
Dehydration,Medical,"Extreme thirst, Dark colored urine, Dry mouth",8,"Watermelon, Cucumber, ORS solution, Coconut water","Alcohol, Excessive coffee, Salty snacks",Electrolyte Solutions (ORS),Sip water slowly and continuously rather than gulping a lot at once.,"Myth: If you're not thirsty, you're not dehydrated. Fact: Thirst is a late sign of dehydration.",250
Dehydration,Medical,"Dry mouth, Dizziness, Sunken eyes",5,"Watermelon, Cucumber, ORS solution, Coconut water","Alcohol, Excessive coffee, Salty snacks",Electrolyte Solutions (ORS),Sip water slowly and continuously rather than gulping a lot at once.,"Myth: If you're not thirsty, you're not dehydrated. Fact: Thirst is a late sign of dehydration.",650
Dehydration,Medical,"Extreme thirst, Dizziness, Dry mouth",8,"Watermelon, Cucumber, ORS solution, Coconut water","Alcohol, Excessive coffee, Salty snacks",Electrolyte Solutions (ORS),Sip water slowly and continuously rather than gulping a lot at once.,"Myth: If you're not thirsty, you're not dehydrated. Fact: Thirst is a late sign of dehydration.",650
Dehydration,Medical,"Dry mouth, Sunken eyes, Dark colored urine",6,"Watermelon, Cucumber, ORS solution, Coconut water","Alcohol, Excessive coffee, Salty snacks",Electrolyte Solutions (ORS),Sip water slowly and continuously rather than gulping a lot at once.,"Myth: If you're not thirsty, you're not dehydrated. Fact: Thirst is a late sign of dehydration.",250
Dehydration,Medical,"Dark colored urine, Sunken eyes, Dizziness",8,"Watermelon, Cucumber, ORS solution, Coconut water","Alcohol, Excessive coffee, Salty snacks",Electrolyte Solutions (ORS),Sip water slowly and continuously rather than gulping a lot at once.,"Myth: If you're not thirsty, you're not dehydrated. Fact: Thirst is a late sign of dehydration.",250
Dehydration,Medical,"Dark colored urine, Extreme thirst, Sunken eyes",6,"Watermelon, Cucumber, ORS solution, Coconut water","Alcohol, Excessive coffee, Salty snacks",Electrolyte Solutions (ORS),Sip water slowly and continuously rather than gulping a lot at once.,"Myth: If you're not thirsty, you're not dehydrated. Fact: Thirst is a late sign of dehydration.",650
Dehydration,Medical,"Sunken eyes, Extreme thirst, Dry mouth",5,"Watermelon, Cucumber, ORS solution, Coconut water","Alcohol, Excessive coffee, Salty snacks",Electrolyte Solutions (ORS),Sip water slowly and continuously rather than gulping a lot at once.,"Myth: If you're not thirsty, you're not dehydrated. Fact: Thirst is a late sign of dehydration.",650
Dehydration,Medical,"Dizziness, Dry mouth, Sunken eyes",3,"Watermelon, Cucumber, ORS solution, Coconut water","Alcohol, Excessive coffee, Salty snacks",Electrolyte Solutions (ORS),Sip water slowly and continuously rather than gulping a lot at once.,"Myth: If you're not thirsty, you're not dehydrated. Fact: Thirst is a late sign of dehydration.",500
Dehydration,Medical,"Dark colored urine, Dry mouth, Sunken eyes",8,"Watermelon, Cucumber, ORS solution, Coconut water","Alcohol, Excessive coffee, Salty snacks",Electrolyte Solutions (ORS),Sip water slowly and continuously rather than gulping a lot at once.,"Myth: If you're not thirsty, you're not dehydrated. Fact: Thirst is a late sign of dehydration.",250
Dehydration,Medical,"Sunken eyes, Dizziness, Extreme thirst, Dark colored urine",3,"Watermelon, Cucumber, ORS solution, Coconut water","Alcohol, Excessive coffee, Salty snacks",Electrolyte Solutions (ORS),Sip water slowly and continuously rather than gulping a lot at once.,"Myth: If you're not thirsty, you're not dehydrated. Fact: Thirst is a late sign of dehydration.",250
Dehydration,Medical,"Sunken eyes, Dark colored urine, Dry mouth",8,"Watermelon, Cucumber, ORS solution, Coconut water","Alcohol, Excessive coffee, Salty snacks",Electrolyte Solutions (ORS),Sip water slowly and continuously rather than gulping a lot at once.,"Myth: If you're not thirsty, you're not dehydrated. Fact: Thirst is a late sign of dehydration.",650
Dehydration,Medical,"Dizziness, Dark colored urine, Sunken eyes, Dry mouth",7,"Watermelon, Cucumber, ORS solution, Coconut water","Alcohol, Excessive coffee, Salty snacks",Electrolyte Solutions (ORS),Sip water slowly and continuously rather than gulping a lot at once.,"Myth: If you're not thirsty, you're not dehydrated. Fact: Thirst is a late sign of dehydration.",500
Dehydration,Medical,"Dark colored urine, Sunken eyes, Extreme thirst, Dizziness",6,"Watermelon, Cucumber, ORS solution, Coconut water","Alcohol, Excessive coffee, Salty snacks",Electrolyte Solutions (ORS),Sip water slowly and continuously rather than gulping a lot at once.,"Myth: If you're not thirsty, you're not dehydrated. Fact: Thirst is a late sign of dehydration.",650
Acidity,Medical,"Heartburn, Sour burps, Bloating, Burning sensation in chest",4,"Cold milk, Banana, Fennel seeds (Saunf), Ginger water","Spicy food, Citrus fruits, Carbonated drinks, Onions","Antacids (Gelusil, Digene)",Eat smaller meals and avoid lying down immediately after eating.,"Myth: Spicy food causes ulcers. Fact: Spicy food irritates, but most ulcers are caused by H. pylori bacteria.",250
Acidity,Medical,"Burning sensation in chest, Sour burps, Bloating, Heartburn",3,"Cold milk, Banana, Fennel seeds (Saunf), Ginger water","Spicy food, Citrus fruits, Carbonated drinks, Onions","Antacids (Gelusil, Digene)",Eat smaller meals and avoid lying down immediately after eating.,"Myth: Spicy food causes ulcers. Fact: Spicy food irritates, but most ulcers are caused by H. pylori bacteria.",250
Acidity,Medical,"Heartburn, Sour burps, Burning sensation in chest",4,"Cold milk, Banana, Fennel seeds (Saunf), Ginger water","Spicy food, Citrus fruits, Carbonated drinks, Onions","Antacids (Gelusil, Digene)",Eat smaller meals and avoid lying down immediately after eating.,"Myth: Spicy food causes ulcers. Fact: Spicy food irritates, but most ulcers are caused by H. pylori bacteria.",250
Acidity,Medical,"Burning sensation in chest, Heartburn, Sour burps",3,"Cold milk, Banana, Fennel seeds (Saunf), Ginger water","Spicy food, Citrus fruits, Carbonated drinks, Onions","Antacids (Gelusil, Digene)",Eat smaller meals and avoid lying down immediately after eating.,"Myth: Spicy food causes ulcers. Fact: Spicy food irritates, but most ulcers are caused by H. pylori bacteria.",250
Acidity,Medical,"Burning sensation in chest, Sour burps, Bloating, Heartburn",9,"Cold milk, Banana, Fennel seeds (Saunf), Ginger water","Spicy food, Citrus fruits, Carbonated drinks, Onions","Antacids (Gelusil, Digene)",Eat smaller meals and avoid lying down immediately after eating.,"Myth: Spicy food causes ulcers. Fact: Spicy food irritates, but most ulcers are caused by H. pylori bacteria.",250
Acidity,Medical,"Sour burps, Bloating, Heartburn",5,"Cold milk, Banana, Fennel seeds (Saunf), Ginger water","Spicy food, Citrus fruits, Carbonated drinks, Onions","Antacids (Gelusil, Digene)",Eat smaller meals and avoid lying down immediately after eating.,"Myth: Spicy food causes ulcers. Fact: Spicy food irritates, but most ulcers are caused by H. pylori bacteria.",250
Acidity,Medical,"Bloating, Heartburn, Sour burps",9,"Cold milk, Banana, Fennel seeds (Saunf), Ginger water","Spicy food, Citrus fruits, Carbonated drinks, Onions","Antacids (Gelusil, Digene)",Eat smaller meals and avoid lying down immediately after eating.,"Myth: Spicy food causes ulcers. Fact: Spicy food irritates, but most ulcers are caused by H. pylori bacteria.",250
Acidity,Medical,"Bloating, Heartburn, Sour burps",9,"Cold milk, Banana, Fennel seeds (Saunf), Ginger water","Spicy food, Citrus fruits, Carbonated drinks, Onions","Antacids (Gelusil, Digene)",Eat smaller meals and avoid lying down immediately after eating.,"Myth: Spicy food causes ulcers. Fact: Spicy food irritates, but most ulcers are caused by H. pylori bacteria.",650
Acidity,Medical,"Burning sensation in chest, Heartburn, Sour burps",4,"Cold milk, Banana, Fennel seeds (Saunf), Ginger water","Spicy food, Citrus fruits, Carbonated drinks, Onions","Antacids (Gelusil, Digene)",Eat smaller meals and avoid lying down immediately after eating.,"Myth: Spicy food causes ulcers. Fact: Spicy food irritates, but most ulcers are caused by H. pylori bacteria.",250
Acidity,Medical,"Burning sensation in chest, Bloating, Heartburn",4,"Cold milk, Banana, Fennel seeds (Saunf), Ginger water","Spicy food, Citrus fruits, Carbonated drinks, Onions","Antacids (Gelusil, Digene)",Eat smaller meals and avoid lying down immediately after eating.,"Myth: Spicy food causes ulcers. Fact: Spicy food irritates, but most ulcers are caused by H. pylori bacteria.",250
Acidity,Medical,"Sour burps, Heartburn, Bloating",7,"Cold milk, Banana, Fennel seeds (Saunf), Ginger water","Spicy food, Citrus fruits, Carbonated drinks, Onions","Antacids (Gelusil, Digene)",Eat smaller meals and avoid lying down immediately after eating.,"Myth: Spicy food causes ulcers. Fact: Spicy food irritates, but most ulcers are caused by H. pylori bacteria.",500
Acidity,Medical,"Heartburn, Sour burps, Burning sensation in chest",8,"Cold milk, Banana, Fennel seeds (Saunf), Ginger water","Spicy food, Citrus fruits, Carbonated drinks, Onions","Antacids (Gelusil, Digene)",Eat smaller meals and avoid lying down immediately after eating.,"Myth: Spicy food causes ulcers. Fact: Spicy food irritates, but most ulcers are caused by H. pylori bacteria.",250
Acidity,Medical,"Burning sensation in chest, Bloating, Sour burps",7,"Cold milk, Banana, Fennel seeds (Saunf), Ginger water","Spicy food, Citrus fruits, Carbonated drinks, Onions","Antacids (Gelusil, Digene)",Eat smaller meals and avoid lying down immediately after eating.,"Myth: Spicy food causes ulcers. Fact: Spicy food irritates, but most ulcers are caused by H. pylori bacteria.",500
Acidity,Medical,"Heartburn, Sour burps, Burning sensation in chest, Bloating",3,"Cold milk, Banana, Fennel seeds (Saunf), Ginger water","Spicy food, Citrus fruits, Carbonated drinks, Onions","Antacids (Gelusil, Digene)",Eat smaller meals and avoid lying down immediately after eating.,"Myth: Spicy food causes ulcers. Fact: Spicy food irritates, but most ulcers are caused by H. pylori bacteria.",650
Acidity,Medical,"Heartburn, Burning sensation in chest, Sour burps",3,"Cold milk, Banana, Fennel seeds (Saunf), Ginger water","Spicy food, Citrus fruits, Carbonated drinks, Onions","Antacids (Gelusil, Digene)",Eat smaller meals and avoid lying down immediately after eating.,"Myth: Spicy food causes ulcers. Fact: Spicy food irritates, but most ulcers are caused by H. pylori bacteria.",500
Acidity,Medical,"Burning sensation in chest, Heartburn, Bloating, Sour burps",6,"Cold milk, Banana, Fennel seeds (Saunf), Ginger water","Spicy food, Citrus fruits, Carbonated drinks, Onions","Antacids (Gelusil, Digene)",Eat smaller meals and avoid lying down immediately after eating.,"Myth: Spicy food causes ulcers. Fact: Spicy food irritates, but most ulcers are caused by H. pylori bacteria.",500
Acidity,Medical,"Burning sensation in chest, Bloating, Heartburn, Sour burps",4,"Cold milk, Banana, Fennel seeds (Saunf), Ginger water","Spicy food, Citrus fruits, Carbonated drinks, Onions","Antacids (Gelusil, Digene)",Eat smaller meals and avoid lying down immediately after eating.,"Myth: Spicy food causes ulcers. Fact: Spicy food irritates, but most ulcers are caused by H. pylori bacteria.",650
Acidity,Medical,"Sour burps, Heartburn, Bloating, Burning sensation in chest",9,"Cold milk, Banana, Fennel seeds (Saunf), Ginger water","Spicy food, Citrus fruits, Carbonated drinks, Onions","Antacids (Gelusil, Digene)",Eat smaller meals and avoid lying down immediately after eating.,"Myth: Spicy food causes ulcers. Fact: Spicy food irritates, but most ulcers are caused by H. pylori bacteria.",500
Acidity,Medical,"Burning sensation in chest, Bloating, Sour burps",6,"Cold milk, Banana, Fennel seeds (Saunf), Ginger water","Spicy food, Citrus fruits, Carbonated drinks, Onions","Antacids (Gelusil, Digene)",Eat smaller meals and avoid lying down immediately after eating.,"Myth: Spicy food causes ulcers. Fact: Spicy food irritates, but most ulcers are caused by H. pylori bacteria.",500
Acidity,Medical,"Burning sensation in chest, Heartburn, Sour burps, Bloating",3,"Cold milk, Banana, Fennel seeds (Saunf), Ginger water","Spicy food, Citrus fruits, Carbonated drinks, Onions","Antacids (Gelusil, Digene)",Eat smaller meals and avoid lying down immediately after eating.,"Myth: Spicy food causes ulcers. Fact: Spicy food irritates, but most ulcers are caused by H. pylori bacteria.",250
Acidity,Medical,"Heartburn, Bloating, Sour burps",6,"Cold milk, Banana, Fennel seeds (Saunf), Ginger water","Spicy food, Citrus fruits, Carbonated drinks, Onions","Antacids (Gelusil, Digene)",Eat smaller meals and avoid lying down immediately after eating.,"Myth: Spicy food causes ulcers. Fact: Spicy food irritates, but most ulcers are caused by H. pylori bacteria.",650
Acidity,Medical,"Heartburn, Bloating, Sour burps, Burning sensation in chest",4,"Cold milk, Banana, Fennel seeds (Saunf), Ginger water","Spicy food, Citrus fruits, Carbonated drinks, Onions","Antacids (Gelusil, Digene)",Eat smaller meals and avoid lying down immediately after eating.,"Myth: Spicy food causes ulcers. Fact: Spicy food irritates, but most ulcers are caused by H. pylori bacteria.",250
Acidity,Medical,"Sour burps, Bloating, Burning sensation in chest",4,"Cold milk, Banana, Fennel seeds (Saunf), Ginger water","Spicy food, Citrus fruits, Carbonated drinks, Onions","Antacids (Gelusil, Digene)",Eat smaller meals and avoid lying down immediately after eating.,"Myth: Spicy food causes ulcers. Fact: Spicy food irritates, but most ulcers are caused by H. pylori bacteria.",500
Acidity,Medical,"Heartburn, Bloating, Sour burps, Burning sensation in chest",5,"Cold milk, Banana, Fennel seeds (Saunf), Ginger water","Spicy food, Citrus fruits, Carbonated drinks, Onions","Antacids (Gelusil, Digene)",Eat smaller meals and avoid lying down immediately after eating.,"Myth: Spicy food causes ulcers. Fact: Spicy food irritates, but most ulcers are caused by H. pylori bacteria.",500
Acidity,Medical,"Heartburn, Bloating, Sour burps",4,"Cold milk, Banana, Fennel seeds (Saunf), Ginger water","Spicy food, Citrus fruits, Carbonated drinks, Onions","Antacids (Gelusil, Digene)",Eat smaller meals and avoid lying down immediately after eating.,"Myth: Spicy food causes ulcers. Fact: Spicy food irritates, but most ulcers are caused by H. pylori bacteria.",500
Acidity,Medical,"Bloating, Burning sensation in chest, Heartburn",4,"Cold milk, Banana, Fennel seeds (Saunf), Ginger water","Spicy food, Citrus fruits, Carbonated drinks, Onions","Antacids (Gelusil, Digene)",Eat smaller meals and avoid lying down immediately after eating.,"Myth: Spicy food causes ulcers. Fact: Spicy food irritates, but most ulcers are caused by H. pylori bacteria.",650
Acidity,Medical,"Sour burps, Heartburn, Bloating",6,"Cold milk, Banana, Fennel seeds (Saunf), Ginger water","Spicy food, Citrus fruits, Carbonated drinks, Onions","Antacids (Gelusil, Digene)",Eat smaller meals and avoid lying down immediately after eating.,"Myth: Spicy food causes ulcers. Fact: Spicy food irritates, but most ulcers are caused by H. pylori bacteria.",650
Acidity,Medical,"Sour burps, Heartburn, Burning sensation in chest, Bloating",8,"Cold milk, Banana, Fennel seeds (Saunf), Ginger water","Spicy food, Citrus fruits, Carbonated drinks, Onions","Antacids (Gelusil, Digene)",Eat smaller meals and avoid lying down immediately after eating.,"Myth: Spicy food causes ulcers. Fact: Spicy food irritates, but most ulcers are caused by H. pylori bacteria.",650
Acidity,Medical,"Bloating, Heartburn, Sour burps, Burning sensation in chest",8,"Cold milk, Banana, Fennel seeds (Saunf), Ginger water","Spicy food, Citrus fruits, Carbonated drinks, Onions","Antacids (Gelusil, Digene)",Eat smaller meals and avoid lying down immediately after eating.,"Myth: Spicy food causes ulcers. Fact: Spicy food irritates, but most ulcers are caused by H. pylori bacteria.",250
Acidity,Medical,"Burning sensation in chest, Sour burps, Heartburn",5,"Cold milk, Banana, Fennel seeds (Saunf), Ginger water","Spicy food, Citrus fruits, Carbonated drinks, Onions","Antacids (Gelusil, Digene)",Eat smaller meals and avoid lying down immediately after eating.,"Myth: Spicy food causes ulcers. Fact: Spicy food irritates, but most ulcers are caused by H. pylori bacteria.",650
Acidity,Medical,"Bloating, Sour burps, Burning sensation in chest",5,"Cold milk, Banana, Fennel seeds (Saunf), Ginger water","Spicy food, Citrus fruits, Carbonated drinks, Onions","Antacids (Gelusil, Digene)",Eat smaller meals and avoid lying down immediately after eating.,"Myth: Spicy food causes ulcers. Fact: Spicy food irritates, but most ulcers are caused by H. pylori bacteria.",250
Acidity,Medical,"Bloating, Burning sensation in chest, Heartburn",9,"Cold milk, Banana, Fennel seeds (Saunf), Ginger water","Spicy food, Citrus fruits, Carbonated drinks, Onions","Antacids (Gelusil, Digene)",Eat smaller meals and avoid lying down immediately after eating.,"Myth: Spicy food causes ulcers. Fact: Spicy food irritates, but most ulcers are caused by H. pylori bacteria.",250
Acidity,Medical,"Heartburn, Bloating, Sour burps",4,"Cold milk, Banana, Fennel seeds (Saunf), Ginger water","Spicy food, Citrus fruits, Carbonated drinks, Onions","Antacids (Gelusil, Digene)",Eat smaller meals and avoid lying down immediately after eating.,"Myth: Spicy food causes ulcers. Fact: Spicy food irritates, but most ulcers are caused by H. pylori bacteria.",250
Acidity,Medical,"Burning sensation in chest, Heartburn, Sour burps",8,"Cold milk, Banana, Fennel seeds (Saunf), Ginger water","Spicy food, Citrus fruits, Carbonated drinks, Onions","Antacids (Gelusil, Digene)",Eat smaller meals and avoid lying down immediately after eating.,"Myth: Spicy food causes ulcers. Fact: Spicy food irritates, but most ulcers are caused by H. pylori bacteria.",250
Acidity,Medical,"Heartburn, Sour burps, Burning sensation in chest",3,"Cold milk, Banana, Fennel seeds (Saunf), Ginger water","Spicy food, Citrus fruits, Carbonated drinks, Onions","Antacids (Gelusil, Digene)",Eat smaller meals and avoid lying down immediately after eating.,"Myth: Spicy food causes ulcers. Fact: Spicy food irritates, but most ulcers are caused by H. pylori bacteria.",500
Acidity,Medical,"Bloating, Burning sensation in chest, Sour burps",9,"Cold milk, Banana, Fennel seeds (Saunf), Ginger water","Spicy food, Citrus fruits, Carbonated drinks, Onions","Antacids (Gelusil, Digene)",Eat smaller meals and avoid lying down immediately after eating.,"Myth: Spicy food causes ulcers. Fact: Spicy food irritates, but most ulcers are caused by H. pylori bacteria.",500
Acidity,Medical,"Sour burps, Bloating, Heartburn",7,"Cold milk, Banana, Fennel seeds (Saunf), Ginger water","Spicy food, Citrus fruits, Carbonated drinks, Onions","Antacids (Gelusil, Digene)",Eat smaller meals and avoid lying down immediately after eating.,"Myth: Spicy food causes ulcers. Fact: Spicy food irritates, but most ulcers are caused by H. pylori bacteria.",500
Acidity,Medical,"Heartburn, Burning sensation in chest, Bloating",5,"Cold milk, Banana, Fennel seeds (Saunf), Ginger water","Spicy food, Citrus fruits, Carbonated drinks, Onions","Antacids (Gelusil, Digene)",Eat smaller meals and avoid lying down immediately after eating.,"Myth: Spicy food causes ulcers. Fact: Spicy food irritates, but most ulcers are caused by H. pylori bacteria.",250
Food Poisoning,Medical,"Stomach cramps, Mild fever, Projectile vomiting",8,"Bananas, Rice, Applesauce, Toast (BRAT diet)","Dairy products, Spicy food, Fried food",ORS and Anti-emetics,Hydration is the most critical part of recovery.,Myth: You should take anti-diarrheal meds immediately. Fact: Better to let the body flush toxins out first.,250
Food Poisoning,Medical,"Stomach cramps, Diarrhea, Mild fever, Projectile vomiting",7,"Bananas, Rice, Applesauce, Toast (BRAT diet)","Dairy products, Spicy food, Fried food",ORS and Anti-emetics,Hydration is the most critical part of recovery.,Myth: You should take anti-diarrheal meds immediately. Fact: Better to let the body flush toxins out first.,500
Food Poisoning,Medical,"Mild fever, Stomach cramps, Projectile vomiting, Diarrhea",8,"Bananas, Rice, Applesauce, Toast (BRAT diet)","Dairy products, Spicy food, Fried food",ORS and Anti-emetics,Hydration is the most critical part of recovery.,Myth: You should take anti-diarrheal meds immediately. Fact: Better to let the body flush toxins out first.,250
Food Poisoning,Medical,"Stomach cramps, Diarrhea, Mild fever",4,"Bananas, Rice, Applesauce, Toast (BRAT diet)","Dairy products, Spicy food, Fried food",ORS and Anti-emetics,Hydration is the most critical part of recovery.,Myth: You should take anti-diarrheal meds immediately. Fact: Better to let the body flush toxins out first.,500
Food Poisoning,Medical,"Diarrhea, Projectile vomiting, Stomach cramps, Mild fever",3,"Bananas, Rice, Applesauce, Toast (BRAT diet)","Dairy products, Spicy food, Fried food",ORS and Anti-emetics,Hydration is the most critical part of recovery.,Myth: You should take anti-diarrheal meds immediately. Fact: Better to let the body flush toxins out first.,650
Food Poisoning,Medical,"Projectile vomiting, Stomach cramps, Diarrhea",7,"Bananas, Rice, Applesauce, Toast (BRAT diet)","Dairy products, Spicy food, Fried food",ORS and Anti-emetics,Hydration is the most critical part of recovery.,Myth: You should take anti-diarrheal meds immediately. Fact: Better to let the body flush toxins out first.,250
Food Poisoning,Medical,"Mild fever, Projectile vomiting, Diarrhea",8,"Bananas, Rice, Applesauce, Toast (BRAT diet)","Dairy products, Spicy food, Fried food",ORS and Anti-emetics,Hydration is the most critical part of recovery.,Myth: You should take anti-diarrheal meds immediately. Fact: Better to let the body flush toxins out first.,250
Food Poisoning,Medical,"Diarrhea, Mild fever, Projectile vomiting",7,"Bananas, Rice, Applesauce, Toast (BRAT diet)","Dairy products, Spicy food, Fried food",ORS and Anti-emetics,Hydration is the most critical part of recovery.,Myth: You should take anti-diarrheal meds immediately. Fact: Better to let the body flush toxins out first.,650
Food Poisoning,Medical,"Diarrhea, Projectile vomiting, Mild fever",8,"Bananas, Rice, Applesauce, Toast (BRAT diet)","Dairy products, Spicy food, Fried food",ORS and Anti-emetics,Hydration is the most critical part of recovery.,Myth: You should take anti-diarrheal meds immediately. Fact: Better to let the body flush toxins out first.,250
Food Poisoning,Medical,"Projectile vomiting, Mild fever, Stomach cramps, Diarrhea",5,"Bananas, Rice, Applesauce, Toast (BRAT diet)","Dairy products, Spicy food, Fried food",ORS and Anti-emetics,Hydration is the most critical part of recovery.,Myth: You should take anti-diarrheal meds immediately. Fact: Better to let the body flush toxins out first.,500
Food Poisoning,Medical,"Diarrhea, Stomach cramps, Projectile vomiting, Mild fever",7,"Bananas, Rice, Applesauce, Toast (BRAT diet)","Dairy products, Spicy food, Fried food",ORS and Anti-emetics,Hydration is the most critical part of recovery.,Myth: You should take anti-diarrheal meds immediately. Fact: Better to let the body flush toxins out first.,650
Food Poisoning,Medical,"Diarrhea, Stomach cramps, Projectile vomiting, Mild fever",9,"Bananas, Rice, Applesauce, Toast (BRAT diet)","Dairy products, Spicy food, Fried food",ORS and Anti-emetics,Hydration is the most critical part of recovery.,Myth: You should take anti-diarrheal meds immediately. Fact: Better to let the body flush toxins out first.,500
Food Poisoning,Medical,"Mild fever, Stomach cramps, Projectile vomiting, Diarrhea",5,"Bananas, Rice, Applesauce, Toast (BRAT diet)","Dairy products, Spicy food, Fried food",ORS and Anti-emetics,Hydration is the most critical part of recovery.,Myth: You should take anti-diarrheal meds immediately. Fact: Better to let the body flush toxins out first.,250
Food Poisoning,Medical,"Diarrhea, Projectile vomiting, Mild fever, Stomach cramps",3,"Bananas, Rice, Applesauce, Toast (BRAT diet)","Dairy products, Spicy food, Fried food",ORS and Anti-emetics,Hydration is the most critical part of recovery.,Myth: You should take anti-diarrheal meds immediately. Fact: Better to let the body flush toxins out first.,500
Food Poisoning,Medical,"Projectile vomiting, Diarrhea, Mild fever",8,"Bananas, Rice, Applesauce, Toast (BRAT diet)","Dairy products, Spicy food, Fried food",ORS and Anti-emetics,Hydration is the most critical part of recovery.,Myth: You should take anti-diarrheal meds immediately. Fact: Better to let the body flush toxins out first.,500
Food Poisoning,Medical,"Projectile vomiting, Stomach cramps, Diarrhea",3,"Bananas, Rice, Applesauce, Toast (BRAT diet)","Dairy products, Spicy food, Fried food",ORS and Anti-emetics,Hydration is the most critical part of recovery.,Myth: You should take anti-diarrheal meds immediately. Fact: Better to let the body flush toxins out first.,650
Food Poisoning,Medical,"Stomach cramps, Projectile vomiting, Diarrhea",7,"Bananas, Rice, Applesauce, Toast (BRAT diet)","Dairy products, Spicy food, Fried food",ORS and Anti-emetics,Hydration is the most critical part of recovery.,Myth: You should take anti-diarrheal meds immediately. Fact: Better to let the body flush toxins out first.,500
Food Poisoning,Medical,"Diarrhea, Stomach cramps, Mild fever, Projectile vomiting",6,"Bananas, Rice, Applesauce, Toast (BRAT diet)","Dairy products, Spicy food, Fried food",ORS and Anti-emetics,Hydration is the most critical part of recovery.,Myth: You should take anti-diarrheal meds immediately. Fact: Better to let the body flush toxins out first.,250
Food Poisoning,Medical,"Mild fever, Projectile vomiting, Stomach cramps, Diarrhea",5,"Bananas, Rice, Applesauce, Toast (BRAT diet)","Dairy products, Spicy food, Fried food",ORS and Anti-emetics,Hydration is the most critical part of recovery.,Myth: You should take anti-diarrheal meds immediately. Fact: Better to let the body flush toxins out first.,650
Food Poisoning,Medical,"Stomach cramps, Mild fever, Projectile vomiting",5,"Bananas, Rice, Applesauce, Toast (BRAT diet)","Dairy products, Spicy food, Fried food",ORS and Anti-emetics,Hydration is the most critical part of recovery.,Myth: You should take anti-diarrheal meds immediately. Fact: Better to let the body flush toxins out first.,500
Food Poisoning,Medical,"Diarrhea, Stomach cramps, Mild fever",4,"Bananas, Rice, Applesauce, Toast (BRAT diet)","Dairy products, Spicy food, Fried food",ORS and Anti-emetics,Hydration is the most critical part of recovery.,Myth: You should take anti-diarrheal meds immediately. Fact: Better to let the body flush toxins out first.,250
Food Poisoning,Medical,"Mild fever, Stomach cramps, Projectile vomiting, Diarrhea",8,"Bananas, Rice, Applesauce, Toast (BRAT diet)","Dairy products, Spicy food, Fried food",ORS and Anti-emetics,Hydration is the most critical part of recovery.,Myth: You should take anti-diarrheal meds immediately. Fact: Better to let the body flush toxins out first.,250
Food Poisoning,Medical,"Diarrhea, Stomach cramps, Mild fever",3,"Bananas, Rice, Applesauce, Toast (BRAT diet)","Dairy products, Spicy food, Fried food",ORS and Anti-emetics,Hydration is the most critical part of recovery.,Myth: You should take anti-diarrheal meds immediately. Fact: Better to let the body flush toxins out first.,250
Food Poisoning,Medical,"Projectile vomiting, Diarrhea, Stomach cramps, Mild fever",7,"Bananas, Rice, Applesauce, Toast (BRAT diet)","Dairy products, Spicy food, Fried food",ORS and Anti-emetics,Hydration is the most critical part of recovery.,Myth: You should take anti-diarrheal meds immediately. Fact: Better to let the body flush toxins out first.,250
Food Poisoning,Medical,"Projectile vomiting, Stomach cramps, Mild fever, Diarrhea",9,"Bananas, Rice, Applesauce, Toast (BRAT diet)","Dairy products, Spicy food, Fried food",ORS and Anti-emetics,Hydration is the most critical part of recovery.,Myth: You should take anti-diarrheal meds immediately. Fact: Better to let the body flush toxins out first.,250
Food Poisoning,Medical,"Mild fever, Stomach cramps, Projectile vomiting",6,"Bananas, Rice, Applesauce, Toast (BRAT diet)","Dairy products, Spicy food, Fried food",ORS and Anti-emetics,Hydration is the most critical part of recovery.,Myth: You should take anti-diarrheal meds immediately. Fact: Better to let the body flush toxins out first.,650
Food Poisoning,Medical,"Stomach cramps, Diarrhea, Projectile vomiting, Mild fever",6,"Bananas, Rice, Applesauce, Toast (BRAT diet)","Dairy products, Spicy food, Fried food",ORS and Anti-emetics,Hydration is the most critical part of recovery.,Myth: You should take anti-diarrheal meds immediately. Fact: Better to let the body flush toxins out first.,650
Food Poisoning,Medical,"Mild fever, Projectile vomiting, Stomach cramps, Diarrhea",6,"Bananas, Rice, Applesauce, Toast (BRAT diet)","Dairy products, Spicy food, Fried food",ORS and Anti-emetics,Hydration is the most critical part of recovery.,Myth: You should take anti-diarrheal meds immediately. Fact: Better to let the body flush toxins out first.,250
Food Poisoning,Medical,"Stomach cramps, Diarrhea, Mild fever",7,"Bananas, Rice, Applesauce, Toast (BRAT diet)","Dairy products, Spicy food, Fried food",ORS and Anti-emetics,Hydration is the most critical part of recovery.,Myth: You should take anti-diarrheal meds immediately. Fact: Better to let the body flush toxins out first.,650
Food Poisoning,Medical,"Diarrhea, Stomach cramps, Projectile vomiting, Mild fever",7,"Bananas, Rice, Applesauce, Toast (BRAT diet)","Dairy products, Spicy food, Fried food",ORS and Anti-emetics,Hydration is the most critical part of recovery.,Myth: You should take anti-diarrheal meds immediately. Fact: Better to let the body flush toxins out first.,500
Food Poisoning,Medical,"Projectile vomiting, Mild fever, Diarrhea",7,"Bananas, Rice, Applesauce, Toast (BRAT diet)","Dairy products, Spicy food, Fried food",ORS and Anti-emetics,Hydration is the most critical part of recovery.,Myth: You should take anti-diarrheal meds immediately. Fact: Better to let the body flush toxins out first.,500
Food Poisoning,Medical,"Stomach cramps, Mild fever, Diarrhea, Projectile vomiting",9,"Bananas, Rice, Applesauce, Toast (BRAT diet)","Dairy products, Spicy food, Fried food",ORS and Anti-emetics,Hydration is the most critical part of recovery.,Myth: You should take anti-diarrheal meds immediately. Fact: Better to let the body flush toxins out first.,500
Food Poisoning,Medical,"Diarrhea, Stomach cramps, Mild fever",8,"Bananas, Rice, Applesauce, Toast (BRAT diet)","Dairy products, Spicy food, Fried food",ORS and Anti-emetics,Hydration is the most critical part of recovery.,Myth: You should take anti-diarrheal meds immediately. Fact: Better to let the body flush toxins out first.,650
Food Poisoning,Medical,"Mild fever, Stomach cramps, Projectile vomiting",9,"Bananas, Rice, Applesauce, Toast (BRAT diet)","Dairy products, Spicy food, Fried food",ORS and Anti-emetics,Hydration is the most critical part of recovery.,Myth: You should take anti-diarrheal meds immediately. Fact: Better to let the body flush toxins out first.,650
Food Poisoning,Medical,"Projectile vomiting, Diarrhea, Mild fever",6,"Bananas, Rice, Applesauce, Toast (BRAT diet)","Dairy products, Spicy food, Fried food",ORS and Anti-emetics,Hydration is the most critical part of recovery.,Myth: You should take anti-diarrheal meds immediately. Fact: Better to let the body flush toxins out first.,500
Food Poisoning,Medical,"Diarrhea, Mild fever, Projectile vomiting",9,"Bananas, Rice, Applesauce, Toast (BRAT diet)","Dairy products, Spicy food, Fried food",ORS and Anti-emetics,Hydration is the most critical part of recovery.,Myth: You should take anti-diarrheal meds immediately. Fact: Better to let the body flush toxins out first.,650
Food Poisoning,Medical,"Stomach cramps, Projectile vomiting, Diarrhea",4,"Bananas, Rice, Applesauce, Toast (BRAT diet)","Dairy products, Spicy food, Fried food",ORS and Anti-emetics,Hydration is the most critical part of recovery.,Myth: You should take anti-diarrheal meds immediately. Fact: Better to let the body flush toxins out first.,650
Food Poisoning,Medical,"Projectile vomiting, Diarrhea, Mild fever",6,"Bananas, Rice, Applesauce, Toast (BRAT diet)","Dairy products, Spicy food, Fried food",ORS and Anti-emetics,Hydration is the most critical part of recovery.,Myth: You should take anti-diarrheal meds immediately. Fact: Better to let the body flush toxins out first.,500
Bronchitis,Medical,"Fatigue, Fever, Body ache",9,"Balanced diet, Fruits, Plenty of water","Junk food, Sugary drinks",Consult a doctor,Keep the affected area clean and rest well.,Myth: Home remedies alone can cure everything. Fact: Some conditions need medical intervention.,250
Bronchitis,Medical,"Body ache, Fever, Fatigue",5,"Balanced diet, Fruits, Plenty of water","Junk food, Sugary drinks",Consult a doctor,Keep the affected area clean and rest well.,Myth: Home remedies alone can cure everything. Fact: Some conditions need medical intervention.,650
Bronchitis,Medical,"Body ache, Fatigue, Fever",5,"Balanced diet, Fruits, Plenty of water","Junk food, Sugary drinks",Consult a doctor,Keep the affected area clean and rest well.,Myth: Home remedies alone can cure everything. Fact: Some conditions need medical intervention.,500
Bronchitis,Medical,"Fever, Fatigue, Body ache",8,"Balanced diet, Fruits, Plenty of water","Junk food, Sugary drinks",Consult a doctor,Keep the affected area clean and rest well.,Myth: Home remedies alone can cure everything. Fact: Some conditions need medical intervention.,650
Bronchitis,Medical,"Fever, Body ache, Fatigue",4,"Balanced diet, Fruits, Plenty of water","Junk food, Sugary drinks",Consult a doctor,Keep the affected area clean and rest well.,Myth: Home remedies alone can cure everything. Fact: Some conditions need medical intervention.,500
Bronchitis,Medical,"Body ache, Fever, Fatigue",8,"Balanced diet, Fruits, Plenty of water","Junk food, Sugary drinks",Consult a doctor,Keep the affected area clean and rest well.,Myth: Home remedies alone can cure everything. Fact: Some conditions need medical intervention.,250
Bronchitis,Medical,"Fatigue, Body ache, Fever",8,"Balanced diet, Fruits, Plenty of water","Junk food, Sugary drinks",Consult a doctor,Keep the affected area clean and rest well.,Myth: Home remedies alone can cure everything. Fact: Some conditions need medical intervention.,500
Bronchitis,Medical,"Fatigue, Fever, Body ache",5,"Balanced diet, Fruits, Plenty of water","Junk food, Sugary drinks",Consult a doctor,Keep the affected area clean and rest well.,Myth: Home remedies alone can cure everything. Fact: Some conditions need medical intervention.,650
Bronchitis,Medical,"Body ache, Fever, Fatigue",7,"Balanced diet, Fruits, Plenty of water","Junk food, Sugary drinks",Consult a doctor,Keep the affected area clean and rest well.,Myth: Home remedies alone can cure everything. Fact: Some conditions need medical intervention.,500
Bronchitis,Medical,"Fever, Fatigue, Body ache",3,"Balanced diet, Fruits, Plenty of water","Junk food, Sugary drinks",Consult a doctor,Keep the affected area clean and rest well.,Myth: Home remedies alone can cure everything. Fact: Some conditions need medical intervention.,650
Bronchitis,Medical,"Fever, Fatigue, Body ache",5,"Balanced diet, Fruits, Plenty of water","Junk food, Sugary drinks",Consult a doctor,Keep the affected area clean and rest well.,Myth: Home remedies alone can cure everything. Fact: Some conditions need medical intervention.,250
Bronchitis,Medical,"Fever, Body ache, Fatigue",7,"Balanced diet, Fruits, Plenty of water","Junk food, Sugary drinks",Consult a doctor,Keep the affected area clean and rest well.,Myth: Home remedies alone can cure everything. Fact: Some conditions need medical intervention.,650
Bronchitis,Medical,"Fever, Body ache, Fatigue",5,"Balanced diet, Fruits, Plenty of water","Junk food, Sugary drinks",Consult a doctor,Keep the affected area clean and rest well.,Myth: Home remedies alone can cure everything. Fact: Some conditions need medical intervention.,500
Bronchitis,Medical,"Body ache, Fever, Fatigue",5,"Balanced diet, Fruits, Plenty of water","Junk food, Sugary drinks",Consult a doctor,Keep the affected area clean and rest well.,Myth: Home remedies alone can cure everything. Fact: Some conditions need medical intervention.,650
Bronchitis,Medical,"Body ache, Fatigue, Fever",3,"Balanced diet, Fruits, Plenty of water","Junk food, Sugary drinks",Consult a doctor,Keep the affected area clean and rest well.,Myth: Home remedies alone can cure everything. Fact: Some conditions need medical intervention.,500
Bronchitis,Medical,"Body ache, Fever, Fatigue",5,"Balanced diet, Fruits, Plenty of water","Junk food, Sugary drinks",Consult a doctor,Keep the affected area clean and rest well.,Myth: Home remedies alone can cure everything. Fact: Some conditions need medical intervention.,500
Bronchitis,Medical,"Fatigue, Fever, Body ache",9,"Balanced diet, Fruits, Plenty of water","Junk food, Sugary drinks",Consult a doctor,Keep the affected area clean and rest well.,Myth: Home remedies alone can cure everything. Fact: Some conditions need medical intervention.,500
Bronchitis,Medical,"Fatigue, Body ache, Fever",3,"Balanced diet, Fruits, Plenty of water","Junk food, Sugary drinks",Consult a doctor,Keep the affected area clean and rest well.,Myth: Home remedies alone can cure everything. Fact: Some conditions need medical intervention.,500
Bronchitis,Medical,"Body ache, Fatigue, Fever",8,"Balanced diet, Fruits, Plenty of water","Junk food, Sugary drinks",Consult a doctor,Keep the affected area clean and rest well.,Myth: Home remedies alone can cure everything. Fact: Some conditions need medical intervention.,500
Bronchitis,Medical,"Fatigue, Fever, Body ache",7,"Balanced diet, Fruits, Plenty of water","Junk food, Sugary drinks",Consult a doctor,Keep the affected area clean and rest well.,Myth: Home remedies alone can cure everything. Fact: Some conditions need medical intervention.,650
Bronchitis,Medical,"Body ache, Fatigue, Fever",9,"Balanced diet, Fruits, Plenty of water","Junk food, Sugary drinks",Consult a doctor,Keep the affected area clean and rest well.,Myth: Home remedies alone can cure everything. Fact: Some conditions need medical intervention.,250
Bronchitis,Medical,"Fatigue, Fever, Body ache",9,"Balanced diet, Fruits, Plenty of water","Junk food, Sugary drinks",Consult a doctor,Keep the affected area clean and rest well.,Myth: Home remedies alone can cure everything. Fact: Some conditions need medical intervention.,250
Bronchitis,Medical,"Fatigue, Fever, Body ache",5,"Balanced diet, Fruits, Plenty of water","Junk food, Sugary drinks",Consult a doctor,Keep the affected area clean and rest well.,Myth: Home remedies alone can cure everything. Fact: Some conditions need medical intervention.,650
Bronchitis,Medical,"Fever, Body ache, Fatigue",5,"Balanced diet, Fruits, Plenty of water","Junk food, Sugary drinks",Consult a doctor,Keep the affected area clean and rest well.,Myth: Home remedies alone can cure everything. Fact: Some conditions need medical intervention.,250
Bronchitis,Medical,"Fatigue, Fever, Body ache",5,"Balanced diet, Fruits, Plenty of water","Junk food, Sugary drinks",Consult a doctor,Keep the affected area clean and rest well.,Myth: Home remedies alone can cure everything. Fact: Some conditions need medical intervention.,650
Bronchitis,Medical,"Fever, Fatigue, Body ache",3,"Balanced diet, Fruits, Plenty of water","Junk food, Sugary drinks",Consult a doctor,Keep the affected area clean and rest well.,Myth: Home remedies alone can cure everything. Fact: Some conditions need medical intervention.,650
Bronchitis,Medical,"Fatigue, Body ache, Fever",3,"Balanced diet, Fruits, Plenty of water","Junk food, Sugary drinks",Consult a doctor,Keep the affected area clean and rest well.,Myth: Home remedies alone can cure everything. Fact: Some conditions need medical intervention.,250
Bronchitis,Medical,"Body ache, Fatigue, Fever",4,"Balanced diet, Fruits, Plenty of water","Junk food, Sugary drinks",Consult a doctor,Keep the affected area clean and rest well.,Myth: Home remedies alone can cure everything. Fact: Some conditions need medical intervention.,500
Bronchitis,Medical,"Body ache, Fatigue, Fever",3,"Balanced diet, Fruits, Plenty of water","Junk food, Sugary drinks",Consult a doctor,Keep the affected area clean and rest well.,Myth: Home remedies alone can cure everything. Fact: Some conditions need medical intervention.,500
Bronchitis,Medical,"Body ache, Fever, Fatigue",9,"Balanced diet, Fruits, Plenty of water","Junk food, Sugary drinks",Consult a doctor,Keep the affected area clean and rest well.,Myth: Home remedies alone can cure everything. Fact: Some conditions need medical intervention.,650
Bronchitis,Medical,"Fatigue, Fever, Body ache",4,"Balanced diet, Fruits, Plenty of water","Junk food, Sugary drinks",Consult a doctor,Keep the affected area clean and rest well.,Myth: Home remedies alone can cure everything. Fact: Some conditions need medical intervention.,650
Bronchitis,Medical,"Fever, Fatigue, Body ache",6,"Balanced diet, Fruits, Plenty of water","Junk food, Sugary drinks",Consult a doctor,Keep the affected area clean and rest well.,Myth: Home remedies alone can cure everything. Fact: Some conditions need medical intervention.,650
Bronchitis,Medical,"Fever, Fatigue, Body ache",9,"Balanced diet, Fruits, Plenty of water","Junk food, Sugary drinks",Consult a doctor,Keep the affected area clean and rest well.,Myth: Home remedies alone can cure everything. Fact: Some conditions need medical intervention.,250
Bronchitis,Medical,"Body ache, Fatigue, Fever",9,"Balanced diet, Fruits, Plenty of water","Junk food, Sugary drinks",Consult a doctor,Keep the affected area clean and rest well.,Myth: Home remedies alone can cure everything. Fact: Some conditions need medical intervention.,500
Bronchitis,Medical,"Body ache, Fatigue, Fever",8,"Balanced diet, Fruits, Plenty of water","Junk food, Sugary drinks",Consult a doctor,Keep the affected area clean and rest well.,Myth: Home remedies alone can cure everything. Fact: Some conditions need medical intervention.,500
Bronchitis,Medical,"Fever, Body ache, Fatigue",9,"Balanced diet, Fruits, Plenty of water","Junk food, Sugary drinks",Consult a doctor,Keep the affected area clean and rest well.,Myth: Home remedies alone can cure everything. Fact: Some conditions need medical intervention.,500
Bronchitis,Medical,"Fever, Body ache, Fatigue",6,"Balanced diet, Fruits, Plenty of water","Junk food, Sugary drinks",Consult a doctor,Keep the affected area clean and rest well.,Myth: Home remedies alone can cure everything. Fact: Some conditions need medical intervention.,650
Bronchitis,Medical,"Fatigue, Body ache, Fever",8,"Balanced diet, Fruits, Plenty of water","Junk food, Sugary drinks",Consult a doctor,Keep the affected area clean and rest well.,Myth: Home remedies alone can cure everything. Fact: Some conditions need medical intervention.,500
Acne,Medical,"Whiteheads, Oily skin, Blackheads",5,"Balanced diet, Fruits, Plenty of water","Junk food, Sugary drinks",Consult a doctor,Keep the affected area clean and rest well.,Myth: Home remedies alone can cure everything. Fact: Some conditions need medical intervention.,500
Acne,Medical,"Blackheads, Oily skin, Pimples",5,"Balanced diet, Fruits, Plenty of water","Junk food, Sugary drinks",Consult a doctor,Keep the affected area clean and rest well.,Myth: Home remedies alone can cure everything. Fact: Some conditions need medical intervention.,250
Acne,Medical,"Pimples, Oily skin, Whiteheads, Blackheads",3,"Balanced diet, Fruits, Plenty of water","Junk food, Sugary drinks",Consult a doctor,Keep the affected area clean and rest well.,Myth: Home remedies alone can cure everything. Fact: Some conditions need medical intervention.,650
Acne,Medical,"Whiteheads, Blackheads, Pimples",4,"Balanced diet, Fruits, Plenty of water","Junk food, Sugary drinks",Consult a doctor,Keep the affected area clean and rest well.,Myth: Home remedies alone can cure everything. Fact: Some conditions need medical intervention.,500
Acne,Medical,"Blackheads, Pimples, Oily skin, Whiteheads",3,"Balanced diet, Fruits, Plenty of water","Junk food, Sugary drinks",Consult a doctor,Keep the affected area clean and rest well.,Myth: Home remedies alone can cure everything. Fact: Some conditions need medical intervention.,650
Acne,Medical,"Oily skin, Blackheads, Whiteheads, Pimples",7,"Balanced diet, Fruits, Plenty of water","Junk food, Sugary drinks",Consult a doctor,Keep the affected area clean and rest well.,Myth: Home remedies alone can cure everything. Fact: Some conditions need medical intervention.,500
Acne,Medical,"Whiteheads, Pimples, Oily skin, Blackheads",3,"Balanced diet, Fruits, Plenty of water","Junk food, Sugary drinks",Consult a doctor,Keep the affected area clean and rest well.,Myth: Home remedies alone can cure everything. Fact: Some conditions need medical intervention.,650
Acne,Medical,"Whiteheads, Pimples, Blackheads, Oily skin",3,"Balanced diet, Fruits, Plenty of water","Junk food, Sugary drinks",Consult a doctor,Keep the affected area clean and rest well.,Myth: Home remedies alone can cure everything. Fact: Some conditions need medical intervention.,250
Acne,Medical,"Whiteheads, Oily skin, Pimples",3,"Balanced diet, Fruits, Plenty of water","Junk food, Sugary drinks",Consult a doctor,Keep the affected area clean and rest well.,Myth: Home remedies alone can cure everything. Fact: Some conditions need medical intervention.,250
Acne,Medical,"Blackheads, Whiteheads, Pimples, Oily skin",3,"Balanced diet, Fruits, Plenty of water","Junk food, Sugary drinks",Consult a doctor,Keep the affected area clean and rest well.,Myth: Home remedies alone can cure everything. Fact: Some conditions need medical intervention.,650
Acne,Medical,"Blackheads, Whiteheads, Oily skin, Pimples",8,"Balanced diet, Fruits, Plenty of water","Junk food, Sugary drinks",Consult a doctor,Keep the affected area clean and rest well.,Myth: Home remedies alone can cure everything. Fact: Some conditions need medical intervention.,500
Acne,Medical,"Oily skin, Whiteheads, Pimples, Blackheads",7,"Balanced diet, Fruits, Plenty of water","Junk food, Sugary drinks",Consult a doctor,Keep the affected area clean and rest well.,Myth: Home remedies alone can cure everything. Fact: Some conditions need medical intervention.,250
Acne,Medical,"Whiteheads, Blackheads, Pimples",8,"Balanced diet, Fruits, Plenty of water","Junk food, Sugary drinks",Consult a doctor,Keep the affected area clean and rest well.,Myth: Home remedies alone can cure everything. Fact: Some conditions need medical intervention.,650
Acne,Medical,"Pimples, Blackheads, Whiteheads, Oily skin",3,"Balanced diet, Fruits, Plenty of water","Junk food, Sugary drinks",Consult a doctor,Keep the affected area clean and rest well.,Myth: Home remedies alone can cure everything. Fact: Some conditions need medical intervention.,650
Acne,Medical,"Blackheads, Oily skin, Pimples",7,"Balanced diet, Fruits, Plenty of water","Junk food, Sugary drinks",Consult a doctor,Keep the affected area clean and rest well.,Myth: Home remedies alone can cure everything. Fact: Some conditions need medical intervention.,250
Acne,Medical,"Whiteheads, Blackheads, Pimples, Oily skin",3,"Balanced diet, Fruits, Plenty of water","Junk food, Sugary drinks",Consult a doctor,Keep the affected area clean and rest well.,Myth: Home remedies alone can cure everything. Fact: Some conditions need medical intervention.,650
Acne,Medical,"Blackheads, Pimples, Oily skin",8,"Balanced diet, Fruits, Plenty of water","Junk food, Sugary drinks",Consult a doctor,Keep the affected area clean and rest well.,Myth: Home remedies alone can cure everything. Fact: Some conditions need medical intervention.,250
Acne,Medical,"Oily skin, Blackheads, Pimples, Whiteheads",5,"Balanced diet, Fruits, Plenty of water","Junk food, Sugary drinks",Consult a doctor,Keep the affected area clean and rest well.,Myth: Home remedies alone can cure everything. Fact: Some conditions need medical intervention.,500
Acne,Medical,"Blackheads, Pimples, Whiteheads, Oily skin",3,"Balanced diet, Fruits, Plenty of water","Junk food, Sugary drinks",Consult a doctor,Keep the affected area clean and rest well.,Myth: Home remedies alone can cure everything. Fact: Some conditions need medical intervention.,250
Acne,Medical,"Blackheads, Pimples, Whiteheads, Oily skin",8,"Balanced diet, Fruits, Plenty of water","Junk food, Sugary drinks",Consult a doctor,Keep the affected area clean and rest well.,Myth: Home remedies alone can cure everything. Fact: Some conditions need medical intervention.,650
Acne,Medical,"Pimples, Whiteheads, Blackheads, Oily skin",5,"Balanced diet, Fruits, Plenty of water","Junk food, Sugary drinks",Consult a doctor,Keep the affected area clean and rest well.,Myth: Home remedies alone can cure everything. Fact: Some conditions need medical intervention.,650
Acne,Medical,"Oily skin, Pimples, Whiteheads, Blackheads",6,"Balanced diet, Fruits, Plenty of water","Junk food, Sugary drinks",Consult a doctor,Keep the affected area clean and rest well.,Myth: Home remedies alone can cure everything. Fact: Some conditions need medical intervention.,500
Acne,Medical,"Pimples, Oily skin, Whiteheads",5,"Balanced diet, Fruits, Plenty of water","Junk food, Sugary drinks",Consult a doctor,Keep the affected area clean and rest well.,Myth: Home remedies alone can cure everything. Fact: Some conditions need medical intervention.,500
Acne,Medical,"Blackheads, Pimples, Whiteheads, Oily skin",7,"Balanced diet, Fruits, Plenty of water","Junk food, Sugary drinks",Consult a doctor,Keep the affected area clean and rest well.,Myth: Home remedies alone can cure everything. Fact: Some conditions need medical intervention.,650
Acne,Medical,"Whiteheads, Oily skin, Pimples",9,"Balanced diet, Fruits, Plenty of water","Junk food, Sugary drinks",Consult a doctor,Keep the affected area clean and rest well.,Myth: Home remedies alone can cure everything. Fact: Some conditions need medical intervention.,250
Acne,Medical,"Whiteheads, Pimples, Blackheads",3,"Balanced diet, Fruits, Plenty of water","Junk food, Sugary drinks",Consult a doctor,Keep the affected area clean and rest well.,Myth: Home remedies alone can cure everything. Fact: Some conditions need medical intervention.,250
Acne,Medical,"Oily skin, Whiteheads, Blackheads, Pimples",6,"Balanced diet, Fruits, Plenty of water","Junk food, Sugary drinks",Consult a doctor,Keep the affected area clean and rest well.,Myth: Home remedies alone can cure everything. Fact: Some conditions need medical intervention.,650
Acne,Medical,"Pimples, Oily skin, Blackheads",3,"Balanced diet, Fruits, Plenty of water","Junk food, Sugary drinks",Consult a doctor,Keep the affected area clean and rest well.,Myth: Home remedies alone can cure everything. Fact: Some conditions need medical intervention.,650
Acne,Medical,"Oily skin, Whiteheads, Pimples, Blackheads",4,"Balanced diet, Fruits, Plenty of water","Junk food, Sugary drinks",Consult a doctor,Keep the affected area clean and rest well.,Myth: Home remedies alone can cure everything. Fact: Some conditions need medical intervention.,250
Acne,Medical,"Oily skin, Blackheads, Whiteheads, Pimples",7,"Balanced diet, Fruits, Plenty of water","Junk food, Sugary drinks",Consult a doctor,Keep the affected area clean and rest well.,Myth: Home remedies alone can cure everything. Fact: Some conditions need medical intervention.,250
Acne,Medical,"Oily skin, Pimples, Blackheads, Whiteheads",7,"Balanced diet, Fruits, Plenty of water","Junk food, Sugary drinks",Consult a doctor,Keep the affected area clean and rest well.,Myth: Home remedies alone can cure everything. Fact: Some conditions need medical intervention.,500
Acne,Medical,"Oily skin, Whiteheads, Blackheads",7,"Balanced diet, Fruits, Plenty of water","Junk food, Sugary drinks",Consult a doctor,Keep the affected area clean and rest well.,Myth: Home remedies alone can cure everything. Fact: Some conditions need medical intervention.,650
Acne,Medical,"Pimples, Blackheads, Whiteheads",3,"Balanced diet, Fruits, Plenty of water","Junk food, Sugary drinks",Consult a doctor,Keep the affected area clean and rest well.,Myth: Home remedies alone can cure everything. Fact: Some conditions need medical intervention.,250
Acne,Medical,"Pimples, Oily skin, Whiteheads",9,"Balanced diet, Fruits, Plenty of water","Junk food, Sugary drinks",Consult a doctor,Keep the affected area clean and rest well.,Myth: Home remedies alone can cure everything. Fact: Some conditions need medical intervention.,650
Acne,Medical,"Oily skin, Whiteheads, Blackheads, Pimples",4,"Balanced diet, Fruits, Plenty of water","Junk food, Sugary drinks",Consult a doctor,Keep the affected area clean and rest well.,Myth: Home remedies alone can cure everything. Fact: Some conditions need medical intervention.,250
Acne,Medical,"Whiteheads, Oily skin, Blackheads",4,"Balanced diet, Fruits, Plenty of water","Junk food, Sugary drinks",Consult a doctor,Keep the affected area clean and rest well.,Myth: Home remedies alone can cure everything. Fact: Some conditions need medical intervention.,650
Acne,Medical,"Blackheads, Whiteheads, Pimples",7,"Balanced diet, Fruits, Plenty of water","Junk food, Sugary drinks",Consult a doctor,Keep the affected area clean and rest well.,Myth: Home remedies alone can cure everything. Fact: Some conditions need medical intervention.,650
Acne,Medical,"Pimples, Whiteheads, Blackheads",8,"Balanced diet, Fruits, Plenty of water","Junk food, Sugary drinks",Consult a doctor,Keep the affected area clean and rest well.,Myth: Home remedies alone can cure everything. Fact: Some conditions need medical intervention.,250
Common Cold,Medical,"Sore throat, Sneezing, Mild fever",9,"Balanced diet, Fruits, Plenty of water","Junk food, Sugary drinks",Consult a doctor,Keep the affected area clean and rest well.,Myth: Home remedies alone can cure everything. Fact: Some conditions need medical intervention.,250
Common Cold,Medical,"Runny nose, Sore throat, Sneezing",7,"Balanced diet, Fruits, Plenty of water","Junk food, Sugary drinks",Consult a doctor,Keep the affected area clean and rest well.,Myth: Home remedies alone can cure everything. Fact: Some conditions need medical intervention.,650
Common Cold,Medical,"Runny nose, Sneezing, Sore throat",4,"Balanced diet, Fruits, Plenty of water","Junk food, Sugary drinks",Consult a doctor,Keep the affected area clean and rest well.,Myth: Home remedies alone can cure everything. Fact: Some conditions need medical intervention.,500
Common Cold,Medical,"Runny nose, Mild fever, Sore throat",9,"Balanced diet, Fruits, Plenty of water","Junk food, Sugary drinks",Consult a doctor,Keep the affected area clean and rest well.,Myth: Home remedies alone can cure everything. Fact: Some conditions need medical intervention.,500
Common Cold,Medical,"Sneezing, Sore throat, Mild fever",3,"Balanced diet, Fruits, Plenty of water","Junk food, Sugary drinks",Consult a doctor,Keep the affected area clean and rest well.,Myth: Home remedies alone can cure everything. Fact: Some conditions need medical intervention.,650
Common Cold,Medical,"Runny nose, Mild fever, Sneezing",6,"Balanced diet, Fruits, Plenty of water","Junk food, Sugary drinks",Consult a doctor,Keep the affected area clean and rest well.,Myth: Home remedies alone can cure everything. Fact: Some conditions need medical intervention.,500
Common Cold,Medical,"Runny nose, Sneezing, Sore throat",8,"Balanced diet, Fruits, Plenty of water","Junk food, Sugary drinks",Consult a doctor,Keep the affected area clean and rest well.,Myth: Home remedies alone can cure everything. Fact: Some conditions need medical intervention.,250
Common Cold,Medical,"Sore throat, Mild fever, Sneezing",8,"Balanced diet, Fruits, Plenty of water","Junk food, Sugary drinks",Consult a doctor,Keep the affected area clean and rest well.,Myth: Home remedies alone can cure everything. Fact: Some conditions need medical intervention.,500
Common Cold,Medical,"Sneezing, Sore throat, Mild fever",9,"Balanced diet, Fruits, Plenty of water","Junk food, Sugary drinks",Consult a doctor,Keep the affected area clean and rest well.,Myth: Home remedies alone can cure everything. Fact: Some conditions need medical intervention.,500
Common Cold,Medical,"Sneezing, Mild fever, Sore throat",7,"Balanced diet, Fruits, Plenty of water","Junk food, Sugary drinks",Consult a doctor,Keep the affected area clean and rest well.,Myth: Home remedies alone can cure everything. Fact: Some conditions need medical intervention.,500
Common Cold,Medical,"Sore throat, Sneezing, Runny nose",9,"Balanced diet, Fruits, Plenty of water","Junk food, Sugary drinks",Consult a doctor,Keep the affected area clean and rest well.,Myth: Home remedies alone can cure everything. Fact: Some conditions need medical intervention.,500
Common Cold,Medical,"Sneezing, Sore throat, Runny nose",3,"Balanced diet, Fruits, Plenty of water","Junk food, Sugary drinks",Consult a doctor,Keep the affected area clean and rest well.,Myth: Home remedies alone can cure everything. Fact: Some conditions need medical intervention.,650
Common Cold,Medical,"Mild fever, Runny nose, Sneezing",8,"Balanced diet, Fruits, Plenty of water","Junk food, Sugary drinks",Consult a doctor,Keep the affected area clean and rest well.,Myth: Home remedies alone can cure everything. Fact: Some conditions need medical intervention.,650
Common Cold,Medical,"Sneezing, Runny nose, Sore throat, Mild fever",4,"Balanced diet, Fruits, Plenty of water","Junk food, Sugary drinks",Consult a doctor,Keep the affected area clean and rest well.,Myth: Home remedies alone can cure everything. Fact: Some conditions need medical intervention.,500
Common Cold,Medical,"Runny nose, Mild fever, Sneezing",6,"Balanced diet, Fruits, Plenty of water","Junk food, Sugary drinks",Consult a doctor,Keep the affected area clean and rest well.,Myth: Home remedies alone can cure everything. Fact: Some conditions need medical intervention.,650
Common Cold,Medical,"Mild fever, Sore throat, Sneezing",4,"Balanced diet, Fruits, Plenty of water","Junk food, Sugary drinks",Consult a doctor,Keep the affected area clean and rest well.,Myth: Home remedies alone can cure everything. Fact: Some conditions need medical intervention.,250
Common Cold,Medical,"Mild fever, Sneezing, Runny nose",5,"Balanced diet, Fruits, Plenty of water","Junk food, Sugary drinks",Consult a doctor,Keep the affected area clean and rest well.,Myth: Home remedies alone can cure everything. Fact: Some conditions need medical intervention.,500
Common Cold,Medical,"Runny nose, Sneezing, Mild fever, Sore throat",3,"Balanced diet, Fruits, Plenty of water","Junk food, Sugary drinks",Consult a doctor,Keep the affected area clean and rest well.,Myth: Home remedies alone can cure everything. Fact: Some conditions need medical intervention.,250
Common Cold,Medical,"Runny nose, Sneezing, Mild fever",9,"Balanced diet, Fruits, Plenty of water","Junk food, Sugary drinks",Consult a doctor,Keep the affected area clean and rest well.,Myth: Home remedies alone can cure everything. Fact: Some conditions need medical intervention.,250
Common Cold,Medical,"Runny nose, Mild fever, Sneezing",5,"Balanced diet, Fruits, Plenty of water","Junk food, Sugary drinks",Consult a doctor,Keep the affected area clean and rest well.,Myth: Home remedies alone can cure everything. Fact: Some conditions need medical intervention.,250
Common Cold,Medical,"Sore throat, Mild fever, Sneezing, Runny nose",6,"Balanced diet, Fruits, Plenty of water","Junk food, Sugary drinks",Consult a doctor,Keep the affected area clean and rest well.,Myth: Home remedies alone can cure everything. Fact: Some conditions need medical intervention.,650
Common Cold,Medical,"Sore throat, Mild fever, Sneezing",6,"Balanced diet, Fruits, Plenty of water","Junk food, Sugary drinks",Consult a doctor,Keep the affected area clean and rest well.,Myth: Home remedies alone can cure everything. Fact: Some conditions need medical intervention.,650
Common Cold,Medical,"Sore throat, Runny nose, Sneezing, Mild fever",9,"Balanced diet, Fruits, Plenty of water","Junk food, Sugary drinks",Consult a doctor,Keep the affected area clean and rest well.,Myth: Home remedies alone can cure everything. Fact: Some conditions need medical intervention.,650
Common Cold,Medical,"Runny nose, Mild fever, Sneezing, Sore throat",6,"Balanced diet, Fruits, Plenty of water","Junk food, Sugary drinks",Consult a doctor,Keep the affected area clean and rest well.,Myth: Home remedies alone can cure everything. Fact: Some conditions need medical intervention.,250
Common Cold,Medical,"Mild fever, Runny nose, Sore throat, Sneezing",5,"Balanced diet, Fruits, Plenty of water","Junk food, Sugary drinks",Consult a doctor,Keep the affected area clean and rest well.,Myth: Home remedies alone can cure everything. Fact: Some conditions need medical intervention.,650
Common Cold,Medical,"Sneezing, Runny nose, Sore throat",4,"Balanced diet, Fruits, Plenty of water","Junk food, Sugary drinks",Consult a doctor,Keep the affected area clean and rest well.,Myth: Home remedies alone can cure everything. Fact: Some conditions need medical intervention.,250
Common Cold,Medical,"Sore throat, Mild fever, Sneezing",3,"Balanced diet, Fruits, Plenty of water","Junk food, Sugary drinks",Consult a doctor,Keep the affected area clean and rest well.,Myth: Home remedies alone can cure everything. Fact: Some conditions need medical intervention.,500
Common Cold,Medical,"Mild fever, Sneezing, Sore throat",5,"Balanced diet, Fruits, Plenty of water","Junk food, Sugary drinks",Consult a doctor,Keep the affected area clean and rest well.,Myth: Home remedies alone can cure everything. Fact: Some conditions need medical intervention.,500
Common Cold,Medical,"Runny nose, Sore throat, Mild fever, Sneezing",4,"Balanced diet, Fruits, Plenty of water","Junk food, Sugary drinks",Consult a doctor,Keep the affected area clean and rest well.,Myth: Home remedies alone can cure everything. Fact: Some conditions need medical intervention.,500
Common Cold,Medical,"Runny nose, Mild fever, Sneezing, Sore throat",8,"Balanced diet, Fruits, Plenty of water","Junk food, Sugary drinks",Consult a doctor,Keep the affected area clean and rest well.,Myth: Home remedies alone can cure everything. Fact: Some conditions need medical intervention.,650
Common Cold,Medical,"Sneezing, Sore throat, Mild fever",5,"Balanced diet, Fruits, Plenty of water","Junk food, Sugary drinks",Consult a doctor,Keep the affected area clean and rest well.,Myth: Home remedies alone can cure everything. Fact: Some conditions need medical intervention.,500
Common Cold,Medical,"Runny nose, Mild fever, Sore throat, Sneezing",5,"Balanced diet, Fruits, Plenty of water","Junk food, Sugary drinks",Consult a doctor,Keep the affected area clean and rest well.,Myth: Home remedies alone can cure everything. Fact: Some conditions need medical intervention.,250
Common Cold,Medical,"Runny nose, Mild fever, Sore throat",6,"Balanced diet, Fruits, Plenty of water","Junk food, Sugary drinks",Consult a doctor,Keep the affected area clean and rest well.,Myth: Home remedies alone can cure everything. Fact: Some conditions need medical intervention.,650
Common Cold,Medical,"Mild fever, Sore throat, Sneezing",4,"Balanced diet, Fruits, Plenty of water","Junk food, Sugary drinks",Consult a doctor,Keep the affected area clean and rest well.,Myth: Home remedies alone can cure everything. Fact: Some conditions need medical intervention.,250
Common Cold,Medical,"Sore throat, Mild fever, Runny nose",8,"Balanced diet, Fruits, Plenty of water","Junk food, Sugary drinks",Consult a doctor,Keep the affected area clean and rest well.,Myth: Home remedies alone can cure everything. Fact: Some conditions need medical intervention.,500
Common Cold,Medical,"Mild fever, Runny nose, Sore throat, Sneezing",9,"Balanced diet, Fruits, Plenty of water","Junk food, Sugary drinks",Consult a doctor,Keep the affected area clean and rest well.,Myth: Home remedies alone can cure everything. Fact: Some conditions need medical intervention.,500
Common Cold,Medical,"Runny nose, Mild fever, Sore throat",9,"Balanced diet, Fruits, Plenty of water","Junk food, Sugary drinks",Consult a doctor,Keep the affected area clean and rest well.,Myth: Home remedies alone can cure everything. Fact: Some conditions need medical intervention.,250
Common Cold,Medical,"Sneezing, Sore throat, Mild fever, Runny nose",8,"Balanced diet, Fruits, Plenty of water","Junk food, Sugary drinks",Consult a doctor,Keep the affected area clean and rest well.,Myth: Home remedies alone can cure everything. Fact: Some conditions need medical intervention.,250
Vitamin D Deficiency,Medical,"Fever, Body ache, Fatigue",8,"Balanced diet, Fruits, Plenty of water","Junk food, Sugary drinks",Consult a doctor,Keep the affected area clean and rest well.,Myth: Home remedies alone can cure everything. Fact: Some conditions need medical intervention.,250
Vitamin D Deficiency,Medical,"Fever, Fatigue, Body ache",4,"Balanced diet, Fruits, Plenty of water","Junk food, Sugary drinks",Consult a doctor,Keep the affected area clean and rest well.,Myth: Home remedies alone can cure everything. Fact: Some conditions need medical intervention.,650
Vitamin D Deficiency,Medical,"Fatigue, Body ache, Fever",8,"Balanced diet, Fruits, Plenty of water","Junk food, Sugary drinks",Consult a doctor,Keep the affected area clean and rest well.,Myth: Home remedies alone can cure everything. Fact: Some conditions need medical intervention.,500
Vitamin D Deficiency,Medical,"Fatigue, Fever, Body ache",5,"Balanced diet, Fruits, Plenty of water","Junk food, Sugary drinks",Consult a doctor,Keep the affected area clean and rest well.,Myth: Home remedies alone can cure everything. Fact: Some conditions need medical intervention.,500
Vitamin D Deficiency,Medical,"Body ache, Fever, Fatigue",4,"Balanced diet, Fruits, Plenty of water","Junk food, Sugary drinks",Consult a doctor,Keep the affected area clean and rest well.,Myth: Home remedies alone can cure everything. Fact: Some conditions need medical intervention.,250
Vitamin D Deficiency,Medical,"Body ache, Fatigue, Fever",9,"Balanced diet, Fruits, Plenty of water","Junk food, Sugary drinks",Consult a doctor,Keep the affected area clean and rest well.,Myth: Home remedies alone can cure everything. Fact: Some conditions need medical intervention.,500
Vitamin D Deficiency,Medical,"Fever, Fatigue, Body ache",5,"Balanced diet, Fruits, Plenty of water","Junk food, Sugary drinks",Consult a doctor,Keep the affected area clean and rest well.,Myth: Home remedies alone can cure everything. Fact: Some conditions need medical intervention.,250
Vitamin D Deficiency,Medical,"Fatigue, Fever, Body ache",5,"Balanced diet, Fruits, Plenty of water","Junk food, Sugary drinks",Consult a doctor,Keep the affected area clean and rest well.,Myth: Home remedies alone can cure everything. Fact: Some conditions need medical intervention.,500
Vitamin D Deficiency,Medical,"Fever, Fatigue, Body ache",7,"Balanced diet, Fruits, Plenty of water","Junk food, Sugary drinks",Consult a doctor,Keep the affected area clean and rest well.,Myth: Home remedies alone can cure everything. Fact: Some conditions need medical intervention.,650
Vitamin D Deficiency,Medical,"Fever, Body ache, Fatigue",4,"Balanced diet, Fruits, Plenty of water","Junk food, Sugary drinks",Consult a doctor,Keep the affected area clean and rest well.,Myth: Home remedies alone can cure everything. Fact: Some conditions need medical intervention.,650
Vitamin D Deficiency,Medical,"Body ache, Fever, Fatigue",6,"Balanced diet, Fruits, Plenty of water","Junk food, Sugary drinks",Consult a doctor,Keep the affected area clean and rest well.,Myth: Home remedies alone can cure everything. Fact: Some conditions need medical intervention.,500
Vitamin D Deficiency,Medical,"Fever, Body ache, Fatigue",5,"Balanced diet, Fruits, Plenty of water","Junk food, Sugary drinks",Consult a doctor,Keep the affected area clean and rest well.,Myth: Home remedies alone can cure everything. Fact: Some conditions need medical intervention.,250
Vitamin D Deficiency,Medical,"Fatigue, Body ache, Fever",5,"Balanced diet, Fruits, Plenty of water","Junk food, Sugary drinks",Consult a doctor,Keep the affected area clean and rest well.,Myth: Home remedies alone can cure everything. Fact: Some conditions need medical intervention.,250
Vitamin D Deficiency,Medical,"Body ache, Fatigue, Fever",4,"Balanced diet, Fruits, Plenty of water","Junk food, Sugary drinks",Consult a doctor,Keep the affected area clean and rest well.,Myth: Home remedies alone can cure everything. Fact: Some conditions need medical intervention.,500
Vitamin D Deficiency,Medical,"Fatigue, Fever, Body ache",4,"Balanced diet, Fruits, Plenty of water","Junk food, Sugary drinks",Consult a doctor,Keep the affected area clean and rest well.,Myth: Home remedies alone can cure everything. Fact: Some conditions need medical intervention.,650
Vitamin D Deficiency,Medical,"Fever, Fatigue, Body ache",7,"Balanced diet, Fruits, Plenty of water","Junk food, Sugary drinks",Consult a doctor,Keep the affected area clean and rest well.,Myth: Home remedies alone can cure everything. Fact: Some conditions need medical intervention.,500
Vitamin D Deficiency,Medical,"Fever, Body ache, Fatigue",7,"Balanced diet, Fruits, Plenty of water","Junk food, Sugary drinks",Consult a doctor,Keep the affected area clean and rest well.,Myth: Home remedies alone can cure everything. Fact: Some conditions need medical intervention.,250
Vitamin D Deficiency,Medical,"Fatigue, Body ache, Fever",3,"Balanced diet, Fruits, Plenty of water","Junk food, Sugary drinks",Consult a doctor,Keep the affected area clean and rest well.,Myth: Home remedies alone can cure everything. Fact: Some conditions need medical intervention.,500
Vitamin D Deficiency,Medical,"Body ache, Fatigue, Fever",3,"Balanced diet, Fruits, Plenty of water","Junk food, Sugary drinks",Consult a doctor,Keep the affected area clean and rest well.,Myth: Home remedies alone can cure everything. Fact: Some conditions need medical intervention.,250
Vitamin D Deficiency,Medical,"Fever, Body ache, Fatigue",3,"Balanced diet, Fruits, Plenty of water","Junk food, Sugary drinks",Consult a doctor,Keep the affected area clean and rest well.,Myth: Home remedies alone can cure everything. Fact: Some conditions need medical intervention.,650
Vitamin D Deficiency,Medical,"Fever, Body ache, Fatigue",4,"Balanced diet, Fruits, Plenty of water","Junk food, Sugary drinks",Consult a doctor,Keep the affected area clean and rest well.,Myth: Home remedies alone can cure everything. Fact: Some conditions need medical intervention.,500
Vitamin D Deficiency,Medical,"Fever, Fatigue, Body ache",5,"Balanced diet, Fruits, Plenty of water","Junk food, Sugary drinks",Consult a doctor,Keep the affected area clean and rest well.,Myth: Home remedies alone can cure everything. Fact: Some conditions need medical intervention.,650
Vitamin D Deficiency,Medical,"Fatigue, Body ache, Fever",9,"Balanced diet, Fruits, Plenty of water","Junk food, Sugary drinks",Consult a doctor,Keep the affected area clean and rest well.,Myth: Home remedies alone can cure everything. Fact: Some conditions need medical intervention.,650
Vitamin D Deficiency,Medical,"Fever, Fatigue, Body ache",3,"Balanced diet, Fruits, Plenty of water","Junk food, Sugary drinks",Consult a doctor,Keep the affected area clean and rest well.,Myth: Home remedies alone can cure everything. Fact: Some conditions need medical intervention.,650
Vitamin D Deficiency,Medical,"Fatigue, Body ache, Fever",4,"Balanced diet, Fruits, Plenty of water","Junk food, Sugary drinks",Consult a doctor,Keep the affected area clean and rest well.,Myth: Home remedies alone can cure everything. Fact: Some conditions need medical intervention.,250
Vitamin D Deficiency,Medical,"Fatigue, Fever, Body ache",8,"Balanced diet, Fruits, Plenty of water","Junk food, Sugary drinks",Consult a doctor,Keep the affected area clean and rest well.,Myth: Home remedies alone can cure everything. Fact: Some conditions need medical intervention.,500
Vitamin D Deficiency,Medical,"Body ache, Fatigue, Fever",5,"Balanced diet, Fruits, Plenty of water","Junk food, Sugary drinks",Consult a doctor,Keep the affected area clean and rest well.,Myth: Home remedies alone can cure everything. Fact: Some conditions need medical intervention.,500
Vitamin D Deficiency,Medical,"Body ache, Fever, Fatigue",6,"Balanced diet, Fruits, Plenty of water","Junk food, Sugary drinks",Consult a doctor,Keep the affected area clean and rest well.,Myth: Home remedies alone can cure everything. Fact: Some conditions need medical intervention.,650
Vitamin D Deficiency,Medical,"Fatigue, Body ache, Fever",6,"Balanced diet, Fruits, Plenty of water","Junk food, Sugary drinks",Consult a doctor,Keep the affected area clean and rest well.,Myth: Home remedies alone can cure everything. Fact: Some conditions need medical intervention.,500
Vitamin D Deficiency,Medical,"Body ache, Fatigue, Fever",9,"Balanced diet, Fruits, Plenty of water","Junk food, Sugary drinks",Consult a doctor,Keep the affected area clean and rest well.,Myth: Home remedies alone can cure everything. Fact: Some conditions need medical intervention.,250
Vitamin D Deficiency,Medical,"Body ache, Fatigue, Fever",3,"Balanced diet, Fruits, Plenty of water","Junk food, Sugary drinks",Consult a doctor,Keep the affected area clean and rest well.,Myth: Home remedies alone can cure everything. Fact: Some conditions need medical intervention.,500
Vitamin D Deficiency,Medical,"Fever, Fatigue, Body ache",9,"Balanced diet, Fruits, Plenty of water","Junk food, Sugary drinks",Consult a doctor,Keep the affected area clean and rest well.,Myth: Home remedies alone can cure everything. Fact: Some conditions need medical intervention.,250
Vitamin D Deficiency,Medical,"Fever, Fatigue, Body ache",7,"Balanced diet, Fruits, Plenty of water","Junk food, Sugary drinks",Consult a doctor,Keep the affected area clean and rest well.,Myth: Home remedies alone can cure everything. Fact: Some conditions need medical intervention.,250
Vitamin D Deficiency,Medical,"Fever, Fatigue, Body ache",6,"Balanced diet, Fruits, Plenty of water","Junk food, Sugary drinks",Consult a doctor,Keep the affected area clean and rest well.,Myth: Home remedies alone can cure everything. Fact: Some conditions need medical intervention.,500
Vitamin D Deficiency,Medical,"Fatigue, Fever, Body ache",5,"Balanced diet, Fruits, Plenty of water","Junk food, Sugary drinks",Consult a doctor,Keep the affected area clean and rest well.,Myth: Home remedies alone can cure everything. Fact: Some conditions need medical intervention.,250
Vitamin D Deficiency,Medical,"Fever, Body ache, Fatigue",8,"Balanced diet, Fruits, Plenty of water","Junk food, Sugary drinks",Consult a doctor,Keep the affected area clean and rest well.,Myth: Home remedies alone can cure everything. Fact: Some conditions need medical intervention.,250
Vitamin D Deficiency,Medical,"Fatigue, Fever, Body ache",5,"Balanced diet, Fruits, Plenty of water","Junk food, Sugary drinks",Consult a doctor,Keep the affected area clean and rest well.,Myth: Home remedies alone can cure everything. Fact: Some conditions need medical intervention.,650
Vitamin D Deficiency,Medical,"Body ache, Fatigue, Fever",6,"Balanced diet, Fruits, Plenty of water","Junk food, Sugary drinks",Consult a doctor,Keep the affected area clean and rest well.,Myth: Home remedies alone can cure everything. Fact: Some conditions need medical intervention.,250
Allergic Rhinitis,Medical,"Fever, Fatigue, Body ache",7,"Balanced diet, Fruits, Plenty of water","Junk food, Sugary drinks",Consult a doctor,Keep the affected area clean and rest well.,Myth: Home remedies alone can cure everything. Fact: Some conditions need medical intervention.,500
Allergic Rhinitis,Medical,"Fatigue, Body ache, Fever",6,"Balanced diet, Fruits, Plenty of water","Junk food, Sugary drinks",Consult a doctor,Keep the affected area clean and rest well.,Myth: Home remedies alone can cure everything. Fact: Some conditions need medical intervention.,650
Allergic Rhinitis,Medical,"Fatigue, Body ache, Fever",9,"Balanced diet, Fruits, Plenty of water","Junk food, Sugary drinks",Consult a doctor,Keep the affected area clean and rest well.,Myth: Home remedies alone can cure everything. Fact: Some conditions need medical intervention.,650
Allergic Rhinitis,Medical,"Fever, Fatigue, Body ache",3,"Balanced diet, Fruits, Plenty of water","Junk food, Sugary drinks",Consult a doctor,Keep the affected area clean and rest well.,Myth: Home remedies alone can cure everything. Fact: Some conditions need medical intervention.,250
Allergic Rhinitis,Medical,"Fatigue, Body ache, Fever",8,"Balanced diet, Fruits, Plenty of water","Junk food, Sugary drinks",Consult a doctor,Keep the affected area clean and rest well.,Myth: Home remedies alone can cure everything. Fact: Some conditions need medical intervention.,250
Allergic Rhinitis,Medical,"Fever, Fatigue, Body ache",3,"Balanced diet, Fruits, Plenty of water","Junk food, Sugary drinks",Consult a doctor,Keep the affected area clean and rest well.,Myth: Home remedies alone can cure everything. Fact: Some conditions need medical intervention.,500
Allergic Rhinitis,Medical,"Fatigue, Body ache, Fever",9,"Balanced diet, Fruits, Plenty of water","Junk food, Sugary drinks",Consult a doctor,Keep the affected area clean and rest well.,Myth: Home remedies alone can cure everything. Fact: Some conditions need medical intervention.,650
Allergic Rhinitis,Medical,"Body ache, Fatigue, Fever",7,"Balanced diet, Fruits, Plenty of water","Junk food, Sugary drinks",Consult a doctor,Keep the affected area clean and rest well.,Myth: Home remedies alone can cure everything. Fact: Some conditions need medical intervention.,650
Allergic Rhinitis,Medical,"Fatigue, Body ache, Fever",5,"Balanced diet, Fruits, Plenty of water","Junk food, Sugary drinks",Consult a doctor,Keep the affected area clean and rest well.,Myth: Home remedies alone can cure everything. Fact: Some conditions need medical intervention.,650
Allergic Rhinitis,Medical,"Fatigue, Fever, Body ache",8,"Balanced diet, Fruits, Plenty of water","Junk food, Sugary drinks",Consult a doctor,Keep the affected area clean and rest well.,Myth: Home remedies alone can cure everything. Fact: Some conditions need medical intervention.,250
Allergic Rhinitis,Medical,"Fever, Body ache, Fatigue",8,"Balanced diet, Fruits, Plenty of water","Junk food, Sugary drinks",Consult a doctor,Keep the affected area clean and rest well.,Myth: Home remedies alone can cure everything. Fact: Some conditions need medical intervention.,650
Allergic Rhinitis,Medical,"Fever, Body ache, Fatigue",9,"Balanced diet, Fruits, Plenty of water","Junk food, Sugary drinks",Consult a doctor,Keep the affected area clean and rest well.,Myth: Home remedies alone can cure everything. Fact: Some conditions need medical intervention.,250
Allergic Rhinitis,Medical,"Fatigue, Fever, Body ache",8,"Balanced diet, Fruits, Plenty of water","Junk food, Sugary drinks",Consult a doctor,Keep the affected area clean and rest well.,Myth: Home remedies alone can cure everything. Fact: Some conditions need medical intervention.,500
Allergic Rhinitis,Medical,"Fever, Body ache, Fatigue",7,"Balanced diet, Fruits, Plenty of water","Junk food, Sugary drinks",Consult a doctor,Keep the affected area clean and rest well.,Myth: Home remedies alone can cure everything. Fact: Some conditions need medical intervention.,650
Allergic Rhinitis,Medical,"Body ache, Fatigue, Fever",3,"Balanced diet, Fruits, Plenty of water","Junk food, Sugary drinks",Consult a doctor,Keep the affected area clean and rest well.,Myth: Home remedies alone can cure everything. Fact: Some conditions need medical intervention.,500
Allergic Rhinitis,Medical,"Body ache, Fever, Fatigue",6,"Balanced diet, Fruits, Plenty of water","Junk food, Sugary drinks",Consult a doctor,Keep the affected area clean and rest well.,Myth: Home remedies alone can cure everything. Fact: Some conditions need medical intervention.,250
Allergic Rhinitis,Medical,"Body ache, Fever, Fatigue",8,"Balanced diet, Fruits, Plenty of water","Junk food, Sugary drinks",Consult a doctor,Keep the affected area clean and rest well.,Myth: Home remedies alone can cure everything. Fact: Some conditions need medical intervention.,250
Allergic Rhinitis,Medical,"Body ache, Fatigue, Fever",6,"Balanced diet, Fruits, Plenty of water","Junk food, Sugary drinks",Consult a doctor,Keep the affected area clean and rest well.,Myth: Home remedies alone can cure everything. Fact: Some conditions need medical intervention.,500
Allergic Rhinitis,Medical,"Body ache, Fatigue, Fever",8,"Balanced diet, Fruits, Plenty of water","Junk food, Sugary drinks",Consult a doctor,Keep the affected area clean and rest well.,Myth: Home remedies alone can cure everything. Fact: Some conditions need medical intervention.,250
Allergic Rhinitis,Medical,"Fever, Fatigue, Body ache",9,"Balanced diet, Fruits, Plenty of water","Junk food, Sugary drinks",Consult a doctor,Keep the affected area clean and rest well.,Myth: Home remedies alone can cure everything. Fact: Some conditions need medical intervention.,650
Allergic Rhinitis,Medical,"Body ache, Fever, Fatigue",8,"Balanced diet, Fruits, Plenty of water","Junk food, Sugary drinks",Consult a doctor,Keep the affected area clean and rest well.,Myth: Home remedies alone can cure everything. Fact: Some conditions need medical intervention.,500
Allergic Rhinitis,Medical,"Body ache, Fever, Fatigue",8,"Balanced diet, Fruits, Plenty of water","Junk food, Sugary drinks",Consult a doctor,Keep the affected area clean and rest well.,Myth: Home remedies alone can cure everything. Fact: Some conditions need medical intervention.,500
Allergic Rhinitis,Medical,"Fever, Fatigue, Body ache",8,"Balanced diet, Fruits, Plenty of water","Junk food, Sugary drinks",Consult a doctor,Keep the affected area clean and rest well.,Myth: Home remedies alone can cure everything. Fact: Some conditions need medical intervention.,250
Allergic Rhinitis,Medical,"Body ache, Fatigue, Fever",3,"Balanced diet, Fruits, Plenty of water","Junk food, Sugary drinks",Consult a doctor,Keep the affected area clean and rest well.,Myth: Home remedies alone can cure everything. Fact: Some conditions need medical intervention.,650
Allergic Rhinitis,Medical,"Fatigue, Body ache, Fever",4,"Balanced diet, Fruits, Plenty of water","Junk food, Sugary drinks",Consult a doctor,Keep the affected area clean and rest well.,Myth: Home remedies alone can cure everything. Fact: Some conditions need medical intervention.,250
Allergic Rhinitis,Medical,"Fatigue, Body ache, Fever",5,"Balanced diet, Fruits, Plenty of water","Junk food, Sugary drinks",Consult a doctor,Keep the affected area clean and rest well.,Myth: Home remedies alone can cure everything. Fact: Some conditions need medical intervention.,650
Allergic Rhinitis,Medical,"Body ache, Fever, Fatigue",3,"Balanced diet, Fruits, Plenty of water","Junk food, Sugary drinks",Consult a doctor,Keep the affected area clean and rest well.,Myth: Home remedies alone can cure everything. Fact: Some conditions need medical intervention.,500
Allergic Rhinitis,Medical,"Fever, Body ache, Fatigue",8,"Balanced diet, Fruits, Plenty of water","Junk food, Sugary drinks",Consult a doctor,Keep the affected area clean and rest well.,Myth: Home remedies alone can cure everything. Fact: Some conditions need medical intervention.,250
Allergic Rhinitis,Medical,"Fever, Body ache, Fatigue",8,"Balanced diet, Fruits, Plenty of water","Junk food, Sugary drinks",Consult a doctor,Keep the affected area clean and rest well.,Myth: Home remedies alone can cure everything. Fact: Some conditions need medical intervention.,650
Allergic Rhinitis,Medical,"Fever, Body ache, Fatigue",8,"Balanced diet, Fruits, Plenty of water","Junk food, Sugary drinks",Consult a doctor,Keep the affected area clean and rest well.,Myth: Home remedies alone can cure everything. Fact: Some conditions need medical intervention.,250
Allergic Rhinitis,Medical,"Fever, Fatigue, Body ache",9,"Balanced diet, Fruits, Plenty of water","Junk food, Sugary drinks",Consult a doctor,Keep the affected area clean and rest well.,Myth: Home remedies alone can cure everything. Fact: Some conditions need medical intervention.,500
Allergic Rhinitis,Medical,"Fatigue, Fever, Body ache",4,"Balanced diet, Fruits, Plenty of water","Junk food, Sugary drinks",Consult a doctor,Keep the affected area clean and rest well.,Myth: Home remedies alone can cure everything. Fact: Some conditions need medical intervention.,250
Allergic Rhinitis,Medical,"Body ache, Fever, Fatigue",8,"Balanced diet, Fruits, Plenty of water","Junk food, Sugary drinks",Consult a doctor,Keep the affected area clean and rest well.,Myth: Home remedies alone can cure everything. Fact: Some conditions need medical intervention.,650
Allergic Rhinitis,Medical,"Fatigue, Body ache, Fever",5,"Balanced diet, Fruits, Plenty of water","Junk food, Sugary drinks",Consult a doctor,Keep the affected area clean and rest well.,Myth: Home remedies alone can cure everything. Fact: Some conditions need medical intervention.,650
Allergic Rhinitis,Medical,"Fatigue, Body ache, Fever",4,"Balanced diet, Fruits, Plenty of water","Junk food, Sugary drinks",Consult a doctor,Keep the affected area clean and rest well.,Myth: Home remedies alone can cure everything. Fact: Some conditions need medical intervention.,500
Allergic Rhinitis,Medical,"Fever, Body ache, Fatigue",8,"Balanced diet, Fruits, Plenty of water","Junk food, Sugary drinks",Consult a doctor,Keep the affected area clean and rest well.,Myth: Home remedies alone can cure everything. Fact: Some conditions need medical intervention.,500
Allergic Rhinitis,Medical,"Body ache, Fever, Fatigue",5,"Balanced diet, Fruits, Plenty of water","Junk food, Sugary drinks",Consult a doctor,Keep the affected area clean and rest well.,Myth: Home remedies alone can cure everything. Fact: Some conditions need medical intervention.,250
Allergic Rhinitis,Medical,"Fatigue, Fever, Body ache",4,"Balanced diet, Fruits, Plenty of water","Junk food, Sugary drinks",Consult a doctor,Keep the affected area clean and rest well.,Myth: Home remedies alone can cure everything. Fact: Some conditions need medical intervention.,250
Influenza,Medical,"Severe body ache, Dry cough, High fever, Chills",8,"Balanced diet, Fruits, Plenty of water","Junk food, Sugary drinks",Consult a doctor,Keep the affected area clean and rest well.,Myth: Home remedies alone can cure everything. Fact: Some conditions need medical intervention.,650
Influenza,Medical,"Chills, Dry cough, High fever",6,"Balanced diet, Fruits, Plenty of water","Junk food, Sugary drinks",Consult a doctor,Keep the affected area clean and rest well.,Myth: Home remedies alone can cure everything. Fact: Some conditions need medical intervention.,250
Influenza,Medical,"Severe body ache, Dry cough, High fever, Chills",6,"Balanced diet, Fruits, Plenty of water","Junk food, Sugary drinks",Consult a doctor,Keep the affected area clean and rest well.,Myth: Home remedies alone can cure everything. Fact: Some conditions need medical intervention.,500
Influenza,Medical,"Severe body ache, Dry cough, Chills",3,"Balanced diet, Fruits, Plenty of water","Junk food, Sugary drinks",Consult a doctor,Keep the affected area clean and rest well.,Myth: Home remedies alone can cure everything. Fact: Some conditions need medical intervention.,250
Influenza,Medical,"High fever, Severe body ache, Chills, Dry cough",3,"Balanced diet, Fruits, Plenty of water","Junk food, Sugary drinks",Consult a doctor,Keep the affected area clean and rest well.,Myth: Home remedies alone can cure everything. Fact: Some conditions need medical intervention.,500
Influenza,Medical,"High fever, Chills, Dry cough, Severe body ache",4,"Balanced diet, Fruits, Plenty of water","Junk food, Sugary drinks",Consult a doctor,Keep the affected area clean and rest well.,Myth: Home remedies alone can cure everything. Fact: Some conditions need medical intervention.,650
Influenza,Medical,"Severe body ache, High fever, Chills",6,"Balanced diet, Fruits, Plenty of water","Junk food, Sugary drinks",Consult a doctor,Keep the affected area clean and rest well.,Myth: Home remedies alone can cure everything. Fact: Some conditions need medical intervention.,500
Influenza,Medical,"Dry cough, High fever, Severe body ache",8,"Balanced diet, Fruits, Plenty of water","Junk food, Sugary drinks",Consult a doctor,Keep the affected area clean and rest well.,Myth: Home remedies alone can cure everything. Fact: Some conditions need medical intervention.,250
Influenza,Medical,"Severe body ache, High fever, Chills",3,"Balanced diet, Fruits, Plenty of water","Junk food, Sugary drinks",Consult a doctor,Keep the affected area clean and rest well.,Myth: Home remedies alone can cure everything. Fact: Some conditions need medical intervention.,500
Influenza,Medical,"Chills, Dry cough, Severe body ache, High fever",6,"Balanced diet, Fruits, Plenty of water","Junk food, Sugary drinks",Consult a doctor,Keep the affected area clean and rest well.,Myth: Home remedies alone can cure everything. Fact: Some conditions need medical intervention.,650
Influenza,Medical,"Dry cough, Severe body ache, High fever, Chills",4,"Balanced diet, Fruits, Plenty of water","Junk food, Sugary drinks",Consult a doctor,Keep the affected area clean and rest well.,Myth: Home remedies alone can cure everything. Fact: Some conditions need medical intervention.,500
Influenza,Medical,"Chills, Dry cough, High fever, Severe body ache",6,"Balanced diet, Fruits, Plenty of water","Junk food, Sugary drinks",Consult a doctor,Keep the affected area clean and rest well.,Myth: Home remedies alone can cure everything. Fact: Some conditions need medical intervention.,650
Influenza,Medical,"Chills, Dry cough, Severe body ache, High fever",8,"Balanced diet, Fruits, Plenty of water","Junk food, Sugary drinks",Consult a doctor,Keep the affected area clean and rest well.,Myth: Home remedies alone can cure everything. Fact: Some conditions need medical intervention.,500
Influenza,Medical,"Chills, Dry cough, High fever, Severe body ache",8,"Balanced diet, Fruits, Plenty of water","Junk food, Sugary drinks",Consult a doctor,Keep the affected area clean and rest well.,Myth: Home remedies alone can cure everything. Fact: Some conditions need medical intervention.,250
Influenza,Medical,"Dry cough, High fever, Chills",6,"Balanced diet, Fruits, Plenty of water","Junk food, Sugary drinks",Consult a doctor,Keep the affected area clean and rest well.,Myth: Home remedies alone can cure everything. Fact: Some conditions need medical intervention.,250
Influenza,Medical,"High fever, Dry cough, Severe body ache, Chills",9,"Balanced diet, Fruits, Plenty of water","Junk food, Sugary drinks",Consult a doctor,Keep the affected area clean and rest well.,Myth: Home remedies alone can cure everything. Fact: Some conditions need medical intervention.,250
Influenza,Medical,"High fever, Severe body ache, Chills, Dry cough",5,"Balanced diet, Fruits, Plenty of water","Junk food, Sugary drinks",Consult a doctor,Keep the affected area clean and rest well.,Myth: Home remedies alone can cure everything. Fact: Some conditions need medical intervention.,650
Influenza,Medical,"High fever, Chills, Dry cough, Severe body ache",5,"Balanced diet, Fruits, Plenty of water","Junk food, Sugary drinks",Consult a doctor,Keep the affected area clean and rest well.,Myth: Home remedies alone can cure everything. Fact: Some conditions need medical intervention.,500
Influenza,Medical,"Dry cough, Chills, Severe body ache",8,"Balanced diet, Fruits, Plenty of water","Junk food, Sugary drinks",Consult a doctor,Keep the affected area clean and rest well.,Myth: Home remedies alone can cure everything. Fact: Some conditions need medical intervention.,500
Influenza,Medical,"Chills, Severe body ache, High fever",4,"Balanced diet, Fruits, Plenty of water","Junk food, Sugary drinks",Consult a doctor,Keep the affected area clean and rest well.,Myth: Home remedies alone can cure everything. Fact: Some conditions need medical intervention.,650
Influenza,Medical,"Severe body ache, Chills, Dry cough, High fever",3,"Balanced diet, Fruits, Plenty of water","Junk food, Sugary drinks",Consult a doctor,Keep the affected area clean and rest well.,Myth: Home remedies alone can cure everything. Fact: Some conditions need medical intervention.,250
Influenza,Medical,"Dry cough, Severe body ache, High fever",8,"Balanced diet, Fruits, Plenty of water","Junk food, Sugary drinks",Consult a doctor,Keep the affected area clean and rest well.,Myth: Home remedies alone can cure everything. Fact: Some conditions need medical intervention.,500
Influenza,Medical,"Chills, High fever, Dry cough, Severe body ache",9,"Balanced diet, Fruits, Plenty of water","Junk food, Sugary drinks",Consult a doctor,Keep the affected area clean and rest well.,Myth: Home remedies alone can cure everything. Fact: Some conditions need medical intervention.,250
Influenza,Medical,"Chills, High fever, Dry cough, Severe body ache",4,"Balanced diet, Fruits, Plenty of water","Junk food, Sugary drinks",Consult a doctor,Keep the affected area clean and rest well.,Myth: Home remedies alone can cure everything. Fact: Some conditions need medical intervention.,500
Influenza,Medical,"Severe body ache, Dry cough, Chills",4,"Balanced diet, Fruits, Plenty of water","Junk food, Sugary drinks",Consult a doctor,Keep the affected area clean and rest well.,Myth: Home remedies alone can cure everything. Fact: Some conditions need medical intervention.,650
Influenza,Medical,"Severe body ache, Chills, Dry cough, High fever",9,"Balanced diet, Fruits, Plenty of water","Junk food, Sugary drinks",Consult a doctor,Keep the affected area clean and rest well.,Myth: Home remedies alone can cure everything. Fact: Some conditions need medical intervention.,650
Influenza,Medical,"Severe body ache, High fever, Dry cough",4,"Balanced diet, Fruits, Plenty of water","Junk food, Sugary drinks",Consult a doctor,Keep the affected area clean and rest well.,Myth: Home remedies alone can cure everything. Fact: Some conditions need medical intervention.,500
Influenza,Medical,"Dry cough, High fever, Severe body ache",8,"Balanced diet, Fruits, Plenty of water","Junk food, Sugary drinks",Consult a doctor,Keep the affected area clean and rest well.,Myth: Home remedies alone can cure everything. Fact: Some conditions need medical intervention.,650
Influenza,Medical,"Severe body ache, Dry cough, Chills, High fever",3,"Balanced diet, Fruits, Plenty of water","Junk food, Sugary drinks",Consult a doctor,Keep the affected area clean and rest well.,Myth: Home remedies alone can cure everything. Fact: Some conditions need medical intervention.,500
Influenza,Medical,"High fever, Severe body ache, Dry cough",5,"Balanced diet, Fruits, Plenty of water","Junk food, Sugary drinks",Consult a doctor,Keep the affected area clean and rest well.,Myth: Home remedies alone can cure everything. Fact: Some conditions need medical intervention.,650
Influenza,Medical,"Chills, High fever, Severe body ache",5,"Balanced diet, Fruits, Plenty of water","Junk food, Sugary drinks",Consult a doctor,Keep the affected area clean and rest well.,Myth: Home remedies alone can cure everything. Fact: Some conditions need medical intervention.,650
Influenza,Medical,"Severe body ache, Dry cough, Chills",8,"Balanced diet, Fruits, Plenty of water","Junk food, Sugary drinks",Consult a doctor,Keep the affected area clean and rest well.,Myth: Home remedies alone can cure everything. Fact: Some conditions need medical intervention.,250
Influenza,Medical,"Dry cough, Severe body ache, High fever, Chills",6,"Balanced diet, Fruits, Plenty of water","Junk food, Sugary drinks",Consult a doctor,Keep the affected area clean and rest well.,Myth: Home remedies alone can cure everything. Fact: Some conditions need medical intervention.,650
Influenza,Medical,"Chills, Severe body ache, High fever, Dry cough",6,"Balanced diet, Fruits, Plenty of water","Junk food, Sugary drinks",Consult a doctor,Keep the affected area clean and rest well.,Myth: Home remedies alone can cure everything. Fact: Some conditions need medical intervention.,650
Influenza,Medical,"Severe body ache, Chills, Dry cough, High fever",5,"Balanced diet, Fruits, Plenty of water","Junk food, Sugary drinks",Consult a doctor,Keep the affected area clean and rest well.,Myth: Home remedies alone can cure everything. Fact: Some conditions need medical intervention.,250
Influenza,Medical,"Severe body ache, Dry cough, High fever, Chills",3,"Balanced diet, Fruits, Plenty of water","Junk food, Sugary drinks",Consult a doctor,Keep the affected area clean and rest well.,Myth: Home remedies alone can cure everything. Fact: Some conditions need medical intervention.,250
Influenza,Medical,"Severe body ache, High fever, Chills",8,"Balanced diet, Fruits, Plenty of water","Junk food, Sugary drinks",Consult a doctor,Keep the affected area clean and rest well.,Myth: Home remedies alone can cure everything. Fact: Some conditions need medical intervention.,250
Influenza,Medical,"Dry cough, Chills, High fever, Severe body ache",3,"Balanced diet, Fruits, Plenty of water","Junk food, Sugary drinks",Consult a doctor,Keep the affected area clean and rest well.,Myth: Home remedies alone can cure everything. Fact: Some conditions need medical intervention.,650
Diarrhea,Medical,"Body ache, Fatigue, Fever",5,"Balanced diet, Fruits, Plenty of water","Junk food, Sugary drinks",Consult a doctor,Keep the affected area clean and rest well.,Myth: Home remedies alone can cure everything. Fact: Some conditions need medical intervention.,650
Diarrhea,Medical,"Fatigue, Body ache, Fever",3,"Balanced diet, Fruits, Plenty of water","Junk food, Sugary drinks",Consult a doctor,Keep the affected area clean and rest well.,Myth: Home remedies alone can cure everything. Fact: Some conditions need medical intervention.,650
Diarrhea,Medical,"Fatigue, Body ache, Fever",4,"Balanced diet, Fruits, Plenty of water","Junk food, Sugary drinks",Consult a doctor,Keep the affected area clean and rest well.,Myth: Home remedies alone can cure everything. Fact: Some conditions need medical intervention.,650
Diarrhea,Medical,"Fatigue, Fever, Body ache",9,"Balanced diet, Fruits, Plenty of water","Junk food, Sugary drinks",Consult a doctor,Keep the affected area clean and rest well.,Myth: Home remedies alone can cure everything. Fact: Some conditions need medical intervention.,500
Diarrhea,Medical,"Body ache, Fever, Fatigue",7,"Balanced diet, Fruits, Plenty of water","Junk food, Sugary drinks",Consult a doctor,Keep the affected area clean and rest well.,Myth: Home remedies alone can cure everything. Fact: Some conditions need medical intervention.,250
Diarrhea,Medical,"Fatigue, Fever, Body ache",3,"Balanced diet, Fruits, Plenty of water","Junk food, Sugary drinks",Consult a doctor,Keep the affected area clean and rest well.,Myth: Home remedies alone can cure everything. Fact: Some conditions need medical intervention.,500
Diarrhea,Medical,"Body ache, Fatigue, Fever",8,"Balanced diet, Fruits, Plenty of water","Junk food, Sugary drinks",Consult a doctor,Keep the affected area clean and rest well.,Myth: Home remedies alone can cure everything. Fact: Some conditions need medical intervention.,250
Diarrhea,Medical,"Fever, Body ache, Fatigue",7,"Balanced diet, Fruits, Plenty of water","Junk food, Sugary drinks",Consult a doctor,Keep the affected area clean and rest well.,Myth: Home remedies alone can cure everything. Fact: Some conditions need medical intervention.,650
Diarrhea,Medical,"Fatigue, Fever, Body ache",9,"Balanced diet, Fruits, Plenty of water","Junk food, Sugary drinks",Consult a doctor,Keep the affected area clean and rest well.,Myth: Home remedies alone can cure everything. Fact: Some conditions need medical intervention.,650
Diarrhea,Medical,"Body ache, Fatigue, Fever",5,"Balanced diet, Fruits, Plenty of water","Junk food, Sugary drinks",Consult a doctor,Keep the affected area clean and rest well.,Myth: Home remedies alone can cure everything. Fact: Some conditions need medical intervention.,250
Diarrhea,Medical,"Fever, Fatigue, Body ache",5,"Balanced diet, Fruits, Plenty of water","Junk food, Sugary drinks",Consult a doctor,Keep the affected area clean and rest well.,Myth: Home remedies alone can cure everything. Fact: Some conditions need medical intervention.,650
Diarrhea,Medical,"Fatigue, Fever, Body ache",5,"Balanced diet, Fruits, Plenty of water","Junk food, Sugary drinks",Consult a doctor,Keep the affected area clean and rest well.,Myth: Home remedies alone can cure everything. Fact: Some conditions need medical intervention.,650
Diarrhea,Medical,"Fatigue, Fever, Body ache",7,"Balanced diet, Fruits, Plenty of water","Junk food, Sugary drinks",Consult a doctor,Keep the affected area clean and rest well.,Myth: Home remedies alone can cure everything. Fact: Some conditions need medical intervention.,250
Diarrhea,Medical,"Fever, Body ache, Fatigue",7,"Balanced diet, Fruits, Plenty of water","Junk food, Sugary drinks",Consult a doctor,Keep the affected area clean and rest well.,Myth: Home remedies alone can cure everything. Fact: Some conditions need medical intervention.,500
Diarrhea,Medical,"Fatigue, Body ache, Fever",6,"Balanced diet, Fruits, Plenty of water","Junk food, Sugary drinks",Consult a doctor,Keep the affected area clean and rest well.,Myth: Home remedies alone can cure everything. Fact: Some conditions need medical intervention.,500
Diarrhea,Medical,"Fatigue, Body ache, Fever",9,"Balanced diet, Fruits, Plenty of water","Junk food, Sugary drinks",Consult a doctor,Keep the affected area clean and rest well.,Myth: Home remedies alone can cure everything. Fact: Some conditions need medical intervention.,250
Diarrhea,Medical,"Body ache, Fever, Fatigue",3,"Balanced diet, Fruits, Plenty of water","Junk food, Sugary drinks",Consult a doctor,Keep the affected area clean and rest well.,Myth: Home remedies alone can cure everything. Fact: Some conditions need medical intervention.,650
Diarrhea,Medical,"Fever, Fatigue, Body ache",8,"Balanced diet, Fruits, Plenty of water","Junk food, Sugary drinks",Consult a doctor,Keep the affected area clean and rest well.,Myth: Home remedies alone can cure everything. Fact: Some conditions need medical intervention.,500
Diarrhea,Medical,"Body ache, Fever, Fatigue",5,"Balanced diet, Fruits, Plenty of water","Junk food, Sugary drinks",Consult a doctor,Keep the affected area clean and rest well.,Myth: Home remedies alone can cure everything. Fact: Some conditions need medical intervention.,500
Diarrhea,Medical,"Fatigue, Fever, Body ache",9,"Balanced diet, Fruits, Plenty of water","Junk food, Sugary drinks",Consult a doctor,Keep the affected area clean and rest well.,Myth: Home remedies alone can cure everything. Fact: Some conditions need medical intervention.,500
Diarrhea,Medical,"Fatigue, Fever, Body ache",7,"Balanced diet, Fruits, Plenty of water","Junk food, Sugary drinks",Consult a doctor,Keep the affected area clean and rest well.,Myth: Home remedies alone can cure everything. Fact: Some conditions need medical intervention.,500
Diarrhea,Medical,"Fever, Body ache, Fatigue",9,"Balanced diet, Fruits, Plenty of water","Junk food, Sugary drinks",Consult a doctor,Keep the affected area clean and rest well.,Myth: Home remedies alone can cure everything. Fact: Some conditions need medical intervention.,650
Diarrhea,Medical,"Body ache, Fatigue, Fever",7,"Balanced diet, Fruits, Plenty of water","Junk food, Sugary drinks",Consult a doctor,Keep the affected area clean and rest well.,Myth: Home remedies alone can cure everything. Fact: Some conditions need medical intervention.,650
Diarrhea,Medical,"Fatigue, Fever, Body ache",3,"Balanced diet, Fruits, Plenty of water","Junk food, Sugary drinks",Consult a doctor,Keep the affected area clean and rest well.,Myth: Home remedies alone can cure everything. Fact: Some conditions need medical intervention.,650
Diarrhea,Medical,"Body ache, Fatigue, Fever",8,"Balanced diet, Fruits, Plenty of water","Junk food, Sugary drinks",Consult a doctor,Keep the affected area clean and rest well.,Myth: Home remedies alone can cure everything. Fact: Some conditions need medical intervention.,650
Diarrhea,Medical,"Fatigue, Body ache, Fever",5,"Balanced diet, Fruits, Plenty of water","Junk food, Sugary drinks",Consult a doctor,Keep the affected area clean and rest well.,Myth: Home remedies alone can cure everything. Fact: Some conditions need medical intervention.,650
Diarrhea,Medical,"Fever, Fatigue, Body ache",5,"Balanced diet, Fruits, Plenty of water","Junk food, Sugary drinks",Consult a doctor,Keep the affected area clean and rest well.,Myth: Home remedies alone can cure everything. Fact: Some conditions need medical intervention.,250
Diarrhea,Medical,"Body ache, Fatigue, Fever",8,"Balanced diet, Fruits, Plenty of water","Junk food, Sugary drinks",Consult a doctor,Keep the affected area clean and rest well.,Myth: Home remedies alone can cure everything. Fact: Some conditions need medical intervention.,500
Diarrhea,Medical,"Fever, Fatigue, Body ache",7,"Balanced diet, Fruits, Plenty of water","Junk food, Sugary drinks",Consult a doctor,Keep the affected area clean and rest well.,Myth: Home remedies alone can cure everything. Fact: Some conditions need medical intervention.,500
Diarrhea,Medical,"Fever, Body ache, Fatigue",9,"Balanced diet, Fruits, Plenty of water","Junk food, Sugary drinks",Consult a doctor,Keep the affected area clean and rest well.,Myth: Home remedies alone can cure everything. Fact: Some conditions need medical intervention.,250
Diarrhea,Medical,"Fever, Body ache, Fatigue",6,"Balanced diet, Fruits, Plenty of water","Junk food, Sugary drinks",Consult a doctor,Keep the affected area clean and rest well.,Myth: Home remedies alone can cure everything. Fact: Some conditions need medical intervention.,650
Diarrhea,Medical,"Fatigue, Fever, Body ache",7,"Balanced diet, Fruits, Plenty of water","Junk food, Sugary drinks",Consult a doctor,Keep the affected area clean and rest well.,Myth: Home remedies alone can cure everything. Fact: Some conditions need medical intervention.,250
Diarrhea,Medical,"Fatigue, Body ache, Fever",5,"Balanced diet, Fruits, Plenty of water","Junk food, Sugary drinks",Consult a doctor,Keep the affected area clean and rest well.,Myth: Home remedies alone can cure everything. Fact: Some conditions need medical intervention.,650
Diarrhea,Medical,"Fever, Body ache, Fatigue",4,"Balanced diet, Fruits, Plenty of water","Junk food, Sugary drinks",Consult a doctor,Keep the affected area clean and rest well.,Myth: Home remedies alone can cure everything. Fact: Some conditions need medical intervention.,250
Diarrhea,Medical,"Fatigue, Fever, Body ache",4,"Balanced diet, Fruits, Plenty of water","Junk food, Sugary drinks",Consult a doctor,Keep the affected area clean and rest well.,Myth: Home remedies alone can cure everything. Fact: Some conditions need medical intervention.,250
Diarrhea,Medical,"Body ache, Fatigue, Fever",9,"Balanced diet, Fruits, Plenty of water","Junk food, Sugary drinks",Consult a doctor,Keep the affected area clean and rest well.,Myth: Home remedies alone can cure everything. Fact: Some conditions need medical intervention.,250
Diarrhea,Medical,"Body ache, Fatigue, Fever",4,"Balanced diet, Fruits, Plenty of water","Junk food, Sugary drinks",Consult a doctor,Keep the affected area clean and rest well.,Myth: Home remedies alone can cure everything. Fact: Some conditions need medical intervention.,650
Diarrhea,Medical,"Fever, Body ache, Fatigue",8,"Balanced diet, Fruits, Plenty of water","Junk food, Sugary drinks",Consult a doctor,Keep the affected area clean and rest well.,Myth: Home remedies alone can cure everything. Fact: Some conditions need medical intervention.,250
Eczema,Medical,"Fever, Fatigue, Body ache",4,"Balanced diet, Fruits, Plenty of water","Junk food, Sugary drinks",Consult a doctor,Keep the affected area clean and rest well.,Myth: Home remedies alone can cure everything. Fact: Some conditions need medical intervention.,500
Eczema,Medical,"Fever, Body ache, Fatigue",9,"Balanced diet, Fruits, Plenty of water","Junk food, Sugary drinks",Consult a doctor,Keep the affected area clean and rest well.,Myth: Home remedies alone can cure everything. Fact: Some conditions need medical intervention.,500
Eczema,Medical,"Body ache, Fatigue, Fever",8,"Balanced diet, Fruits, Plenty of water","Junk food, Sugary drinks",Consult a doctor,Keep the affected area clean and rest well.,Myth: Home remedies alone can cure everything. Fact: Some conditions need medical intervention.,250
Eczema,Medical,"Fever, Body ache, Fatigue",9,"Balanced diet, Fruits, Plenty of water","Junk food, Sugary drinks",Consult a doctor,Keep the affected area clean and rest well.,Myth: Home remedies alone can cure everything. Fact: Some conditions need medical intervention.,650
Eczema,Medical,"Fever, Fatigue, Body ache",4,"Balanced diet, Fruits, Plenty of water","Junk food, Sugary drinks",Consult a doctor,Keep the affected area clean and rest well.,Myth: Home remedies alone can cure everything. Fact: Some conditions need medical intervention.,500
Eczema,Medical,"Body ache, Fever, Fatigue",9,"Balanced diet, Fruits, Plenty of water","Junk food, Sugary drinks",Consult a doctor,Keep the affected area clean and rest well.,Myth: Home remedies alone can cure everything. Fact: Some conditions need medical intervention.,650
Eczema,Medical,"Fatigue, Fever, Body ache",4,"Balanced diet, Fruits, Plenty of water","Junk food, Sugary drinks",Consult a doctor,Keep the affected area clean and rest well.,Myth: Home remedies alone can cure everything. Fact: Some conditions need medical intervention.,500
Eczema,Medical,"Fever, Body ache, Fatigue",5,"Balanced diet, Fruits, Plenty of water","Junk food, Sugary drinks",Consult a doctor,Keep the affected area clean and rest well.,Myth: Home remedies alone can cure everything. Fact: Some conditions need medical intervention.,650
Eczema,Medical,"Body ache, Fever, Fatigue",5,"Balanced diet, Fruits, Plenty of water","Junk food, Sugary drinks",Consult a doctor,Keep the affected area clean and rest well.,Myth: Home remedies alone can cure everything. Fact: Some conditions need medical intervention.,650
Eczema,Medical,"Body ache, Fatigue, Fever",7,"Balanced diet, Fruits, Plenty of water","Junk food, Sugary drinks",Consult a doctor,Keep the affected area clean and rest well.,Myth: Home remedies alone can cure everything. Fact: Some conditions need medical intervention.,650
Eczema,Medical,"Fever, Fatigue, Body ache",4,"Balanced diet, Fruits, Plenty of water","Junk food, Sugary drinks",Consult a doctor,Keep the affected area clean and rest well.,Myth: Home remedies alone can cure everything. Fact: Some conditions need medical intervention.,650
Eczema,Medical,"Body ache, Fatigue, Fever",9,"Balanced diet, Fruits, Plenty of water","Junk food, Sugary drinks",Consult a doctor,Keep the affected area clean and rest well.,Myth: Home remedies alone can cure everything. Fact: Some conditions need medical intervention.,650
Eczema,Medical,"Body ache, Fever, Fatigue",7,"Balanced diet, Fruits, Plenty of water","Junk food, Sugary drinks",Consult a doctor,Keep the affected area clean and rest well.,Myth: Home remedies alone can cure everything. Fact: Some conditions need medical intervention.,650
Eczema,Medical,"Body ache, Fever, Fatigue",5,"Balanced diet, Fruits, Plenty of water","Junk food, Sugary drinks",Consult a doctor,Keep the affected area clean and rest well.,Myth: Home remedies alone can cure everything. Fact: Some conditions need medical intervention.,650
Eczema,Medical,"Body ache, Fatigue, Fever",6,"Balanced diet, Fruits, Plenty of water","Junk food, Sugary drinks",Consult a doctor,Keep the affected area clean and rest well.,Myth: Home remedies alone can cure everything. Fact: Some conditions need medical intervention.,500
Eczema,Medical,"Fatigue, Body ache, Fever",3,"Balanced diet, Fruits, Plenty of water","Junk food, Sugary drinks",Consult a doctor,Keep the affected area clean and rest well.,Myth: Home remedies alone can cure everything. Fact: Some conditions need medical intervention.,500
Eczema,Medical,"Fever, Body ache, Fatigue",9,"Balanced diet, Fruits, Plenty of water","Junk food, Sugary drinks",Consult a doctor,Keep the affected area clean and rest well.,Myth: Home remedies alone can cure everything. Fact: Some conditions need medical intervention.,650
Eczema,Medical,"Fever, Fatigue, Body ache",5,"Balanced diet, Fruits, Plenty of water","Junk food, Sugary drinks",Consult a doctor,Keep the affected area clean and rest well.,Myth: Home remedies alone can cure everything. Fact: Some conditions need medical intervention.,250
Eczema,Medical,"Body ache, Fatigue, Fever",4,"Balanced diet, Fruits, Plenty of water","Junk food, Sugary drinks",Consult a doctor,Keep the affected area clean and rest well.,Myth: Home remedies alone can cure everything. Fact: Some conditions need medical intervention.,250
Eczema,Medical,"Body ache, Fatigue, Fever",7,"Balanced diet, Fruits, Plenty of water","Junk food, Sugary drinks",Consult a doctor,Keep the affected area clean and rest well.,Myth: Home remedies alone can cure everything. Fact: Some conditions need medical intervention.,500
Eczema,Medical,"Fatigue, Fever, Body ache",9,"Balanced diet, Fruits, Plenty of water","Junk food, Sugary drinks",Consult a doctor,Keep the affected area clean and rest well.,Myth: Home remedies alone can cure everything. Fact: Some conditions need medical intervention.,500
Eczema,Medical,"Body ache, Fever, Fatigue",9,"Balanced diet, Fruits, Plenty of water","Junk food, Sugary drinks",Consult a doctor,Keep the affected area clean and rest well.,Myth: Home remedies alone can cure everything. Fact: Some conditions need medical intervention.,650
Eczema,Medical,"Fatigue, Fever, Body ache",4,"Balanced diet, Fruits, Plenty of water","Junk food, Sugary drinks",Consult a doctor,Keep the affected area clean and rest well.,Myth: Home remedies alone can cure everything. Fact: Some conditions need medical intervention.,650
Eczema,Medical,"Body ache, Fever, Fatigue",3,"Balanced diet, Fruits, Plenty of water","Junk food, Sugary drinks",Consult a doctor,Keep the affected area clean and rest well.,Myth: Home remedies alone can cure everything. Fact: Some conditions need medical intervention.,650
Eczema,Medical,"Fatigue, Fever, Body ache",6,"Balanced diet, Fruits, Plenty of water","Junk food, Sugary drinks",Consult a doctor,Keep the affected area clean and rest well.,Myth: Home remedies alone can cure everything. Fact: Some conditions need medical intervention.,650
Eczema,Medical,"Fever, Fatigue, Body ache",4,"Balanced diet, Fruits, Plenty of water","Junk food, Sugary drinks",Consult a doctor,Keep the affected area clean and rest well.,Myth: Home remedies alone can cure everything. Fact: Some conditions need medical intervention.,500
Eczema,Medical,"Body ache, Fatigue, Fever",4,"Balanced diet, Fruits, Plenty of water","Junk food, Sugary drinks",Consult a doctor,Keep the affected area clean and rest well.,Myth: Home remedies alone can cure everything. Fact: Some conditions need medical intervention.,500
Eczema,Medical,"Fever, Body ache, Fatigue",8,"Balanced diet, Fruits, Plenty of water","Junk food, Sugary drinks",Consult a doctor,Keep the affected area clean and rest well.,Myth: Home remedies alone can cure everything. Fact: Some conditions need medical intervention.,250
Eczema,Medical,"Fever, Body ache, Fatigue",8,"Balanced diet, Fruits, Plenty of water","Junk food, Sugary drinks",Consult a doctor,Keep the affected area clean and rest well.,Myth: Home remedies alone can cure everything. Fact: Some conditions need medical intervention.,250
Eczema,Medical,"Fever, Body ache, Fatigue",7,"Balanced diet, Fruits, Plenty of water","Junk food, Sugary drinks",Consult a doctor,Keep the affected area clean and rest well.,Myth: Home remedies alone can cure everything. Fact: Some conditions need medical intervention.,650
Eczema,Medical,"Fever, Fatigue, Body ache",7,"Balanced diet, Fruits, Plenty of water","Junk food, Sugary drinks",Consult a doctor,Keep the affected area clean and rest well.,Myth: Home remedies alone can cure everything. Fact: Some conditions need medical intervention.,650
Eczema,Medical,"Fever, Body ache, Fatigue",5,"Balanced diet, Fruits, Plenty of water","Junk food, Sugary drinks",Consult a doctor,Keep the affected area clean and rest well.,Myth: Home remedies alone can cure everything. Fact: Some conditions need medical intervention.,500
Eczema,Medical,"Fatigue, Body ache, Fever",7,"Balanced diet, Fruits, Plenty of water","Junk food, Sugary drinks",Consult a doctor,Keep the affected area clean and rest well.,Myth: Home remedies alone can cure everything. Fact: Some conditions need medical intervention.,250
Eczema,Medical,"Fatigue, Body ache, Fever",9,"Balanced diet, Fruits, Plenty of water","Junk food, Sugary drinks",Consult a doctor,Keep the affected area clean and rest well.,Myth: Home remedies alone can cure everything. Fact: Some conditions need medical intervention.,650
Eczema,Medical,"Body ache, Fatigue, Fever",3,"Balanced diet, Fruits, Plenty of water","Junk food, Sugary drinks",Consult a doctor,Keep the affected area clean and rest well.,Myth: Home remedies alone can cure everything. Fact: Some conditions need medical intervention.,650
Eczema,Medical,"Fever, Body ache, Fatigue",3,"Balanced diet, Fruits, Plenty of water","Junk food, Sugary drinks",Consult a doctor,Keep the affected area clean and rest well.,Myth: Home remedies alone can cure everything. Fact: Some conditions need medical intervention.,650
Eczema,Medical,"Fatigue, Body ache, Fever",4,"Balanced diet, Fruits, Plenty of water","Junk food, Sugary drinks",Consult a doctor,Keep the affected area clean and rest well.,Myth: Home remedies alone can cure everything. Fact: Some conditions need medical intervention.,500
Eczema,Medical,"Body ache, Fever, Fatigue",6,"Balanced diet, Fruits, Plenty of water","Junk food, Sugary drinks",Consult a doctor,Keep the affected area clean and rest well.,Myth: Home remedies alone can cure everything. Fact: Some conditions need medical intervention.,500
Gastritis,Medical,"Body ache, Fever, Fatigue",4,"Balanced diet, Fruits, Plenty of water","Junk food, Sugary drinks",Consult a doctor,Keep the affected area clean and rest well.,Myth: Home remedies alone can cure everything. Fact: Some conditions need medical intervention.,650
Gastritis,Medical,"Fever, Fatigue, Body ache",5,"Balanced diet, Fruits, Plenty of water","Junk food, Sugary drinks",Consult a doctor,Keep the affected area clean and rest well.,Myth: Home remedies alone can cure everything. Fact: Some conditions need medical intervention.,650
Gastritis,Medical,"Fatigue, Body ache, Fever",6,"Balanced diet, Fruits, Plenty of water","Junk food, Sugary drinks",Consult a doctor,Keep the affected area clean and rest well.,Myth: Home remedies alone can cure everything. Fact: Some conditions need medical intervention.,500
Gastritis,Medical,"Fatigue, Body ache, Fever",3,"Balanced diet, Fruits, Plenty of water","Junk food, Sugary drinks",Consult a doctor,Keep the affected area clean and rest well.,Myth: Home remedies alone can cure everything. Fact: Some conditions need medical intervention.,250
Gastritis,Medical,"Fatigue, Fever, Body ache",7,"Balanced diet, Fruits, Plenty of water","Junk food, Sugary drinks",Consult a doctor,Keep the affected area clean and rest well.,Myth: Home remedies alone can cure everything. Fact: Some conditions need medical intervention.,250
Gastritis,Medical,"Fatigue, Body ache, Fever",7,"Balanced diet, Fruits, Plenty of water","Junk food, Sugary drinks",Consult a doctor,Keep the affected area clean and rest well.,Myth: Home remedies alone can cure everything. Fact: Some conditions need medical intervention.,250
Gastritis,Medical,"Fatigue, Body ache, Fever",6,"Balanced diet, Fruits, Plenty of water","Junk food, Sugary drinks",Consult a doctor,Keep the affected area clean and rest well.,Myth: Home remedies alone can cure everything. Fact: Some conditions need medical intervention.,650
Gastritis,Medical,"Fatigue, Body ache, Fever",5,"Balanced diet, Fruits, Plenty of water","Junk food, Sugary drinks",Consult a doctor,Keep the affected area clean and rest well.,Myth: Home remedies alone can cure everything. Fact: Some conditions need medical intervention.,250
Gastritis,Medical,"Fatigue, Fever, Body ache",8,"Balanced diet, Fruits, Plenty of water","Junk food, Sugary drinks",Consult a doctor,Keep the affected area clean and rest well.,Myth: Home remedies alone can cure everything. Fact: Some conditions need medical intervention.,650
Gastritis,Medical,"Fever, Fatigue, Body ache",6,"Balanced diet, Fruits, Plenty of water","Junk food, Sugary drinks",Consult a doctor,Keep the affected area clean and rest well.,Myth: Home remedies alone can cure everything. Fact: Some conditions need medical intervention.,500
Gastritis,Medical,"Fatigue, Body ache, Fever",6,"Balanced diet, Fruits, Plenty of water","Junk food, Sugary drinks",Consult a doctor,Keep the affected area clean and rest well.,Myth: Home remedies alone can cure everything. Fact: Some conditions need medical intervention.,650
Gastritis,Medical,"Body ache, Fatigue, Fever",4,"Balanced diet, Fruits, Plenty of water","Junk food, Sugary drinks",Consult a doctor,Keep the affected area clean and rest well.,Myth: Home remedies alone can cure everything. Fact: Some conditions need medical intervention.,250
Gastritis,Medical,"Body ache, Fever, Fatigue",8,"Balanced diet, Fruits, Plenty of water","Junk food, Sugary drinks",Consult a doctor,Keep the affected area clean and rest well.,Myth: Home remedies alone can cure everything. Fact: Some conditions need medical intervention.,250
Gastritis,Medical,"Body ache, Fever, Fatigue",3,"Balanced diet, Fruits, Plenty of water","Junk food, Sugary drinks",Consult a doctor,Keep the affected area clean and rest well.,Myth: Home remedies alone can cure everything. Fact: Some conditions need medical intervention.,500
Gastritis,Medical,"Fever, Fatigue, Body ache",8,"Balanced diet, Fruits, Plenty of water","Junk food, Sugary drinks",Consult a doctor,Keep the affected area clean and rest well.,Myth: Home remedies alone can cure everything. Fact: Some conditions need medical intervention.,650
Gastritis,Medical,"Fatigue, Body ache, Fever",4,"Balanced diet, Fruits, Plenty of water","Junk food, Sugary drinks",Consult a doctor,Keep the affected area clean and rest well.,Myth: Home remedies alone can cure everything. Fact: Some conditions need medical intervention.,650
Gastritis,Medical,"Fever, Body ache, Fatigue",3,"Balanced diet, Fruits, Plenty of water","Junk food, Sugary drinks",Consult a doctor,Keep the affected area clean and rest well.,Myth: Home remedies alone can cure everything. Fact: Some conditions need medical intervention.,650
Gastritis,Medical,"Fever, Body ache, Fatigue",6,"Balanced diet, Fruits, Plenty of water","Junk food, Sugary drinks",Consult a doctor,Keep the affected area clean and rest well.,Myth: Home remedies alone can cure everything. Fact: Some conditions need medical intervention.,250
Gastritis,Medical,"Fatigue, Fever, Body ache",9,"Balanced diet, Fruits, Plenty of water","Junk food, Sugary drinks",Consult a doctor,Keep the affected area clean and rest well.,Myth: Home remedies alone can cure everything. Fact: Some conditions need medical intervention.,500
Gastritis,Medical,"Fatigue, Body ache, Fever",5,"Balanced diet, Fruits, Plenty of water","Junk food, Sugary drinks",Consult a doctor,Keep the affected area clean and rest well.,Myth: Home remedies alone can cure everything. Fact: Some conditions need medical intervention.,650
Gastritis,Medical,"Body ache, Fatigue, Fever",5,"Balanced diet, Fruits, Plenty of water","Junk food, Sugary drinks",Consult a doctor,Keep the affected area clean and rest well.,Myth: Home remedies alone can cure everything. Fact: Some conditions need medical intervention.,500
Gastritis,Medical,"Fever, Body ache, Fatigue",9,"Balanced diet, Fruits, Plenty of water","Junk food, Sugary drinks",Consult a doctor,Keep the affected area clean and rest well.,Myth: Home remedies alone can cure everything. Fact: Some conditions need medical intervention.,500
Gastritis,Medical,"Fever, Fatigue, Body ache",4,"Balanced diet, Fruits, Plenty of water","Junk food, Sugary drinks",Consult a doctor,Keep the affected area clean and rest well.,Myth: Home remedies alone can cure everything. Fact: Some conditions need medical intervention.,250
Gastritis,Medical,"Fatigue, Fever, Body ache",5,"Balanced diet, Fruits, Plenty of water","Junk food, Sugary drinks",Consult a doctor,Keep the affected area clean and rest well.,Myth: Home remedies alone can cure everything. Fact: Some conditions need medical intervention.,500
Gastritis,Medical,"Fatigue, Body ache, Fever",9,"Balanced diet, Fruits, Plenty of water","Junk food, Sugary drinks",Consult a doctor,Keep the affected area clean and rest well.,Myth: Home remedies alone can cure everything. Fact: Some conditions need medical intervention.,250
Gastritis,Medical,"Body ache, Fatigue, Fever",8,"Balanced diet, Fruits, Plenty of water","Junk food, Sugary drinks",Consult a doctor,Keep the affected area clean and rest well.,Myth: Home remedies alone can cure everything. Fact: Some conditions need medical intervention.,250
Gastritis,Medical,"Body ache, Fever, Fatigue",5,"Balanced diet, Fruits, Plenty of water","Junk food, Sugary drinks",Consult a doctor,Keep the affected area clean and rest well.,Myth: Home remedies alone can cure everything. Fact: Some conditions need medical intervention.,250
Gastritis,Medical,"Fever, Fatigue, Body ache",4,"Balanced diet, Fruits, Plenty of water","Junk food, Sugary drinks",Consult a doctor,Keep the affected area clean and rest well.,Myth: Home remedies alone can cure everything. Fact: Some conditions need medical intervention.,500
Gastritis,Medical,"Fatigue, Body ache, Fever",8,"Balanced diet, Fruits, Plenty of water","Junk food, Sugary drinks",Consult a doctor,Keep the affected area clean and rest well.,Myth: Home remedies alone can cure everything. Fact: Some conditions need medical intervention.,500
Gastritis,Medical,"Fatigue, Body ache, Fever",7,"Balanced diet, Fruits, Plenty of water","Junk food, Sugary drinks",Consult a doctor,Keep the affected area clean and rest well.,Myth: Home remedies alone can cure everything. Fact: Some conditions need medical intervention.,250
Gastritis,Medical,"Fever, Body ache, Fatigue",3,"Balanced diet, Fruits, Plenty of water","Junk food, Sugary drinks",Consult a doctor,Keep the affected area clean and rest well.,Myth: Home remedies alone can cure everything. Fact: Some conditions need medical intervention.,500
Gastritis,Medical,"Body ache, Fatigue, Fever",9,"Balanced diet, Fruits, Plenty of water","Junk food, Sugary drinks",Consult a doctor,Keep the affected area clean and rest well.,Myth: Home remedies alone can cure everything. Fact: Some conditions need medical intervention.,500
Gastritis,Medical,"Fever, Body ache, Fatigue",3,"Balanced diet, Fruits, Plenty of water","Junk food, Sugary drinks",Consult a doctor,Keep the affected area clean and rest well.,Myth: Home remedies alone can cure everything. Fact: Some conditions need medical intervention.,250
Gastritis,Medical,"Body ache, Fever, Fatigue",8,"Balanced diet, Fruits, Plenty of water","Junk food, Sugary drinks",Consult a doctor,Keep the affected area clean and rest well.,Myth: Home remedies alone can cure everything. Fact: Some conditions need medical intervention.,500
Gastritis,Medical,"Fatigue, Fever, Body ache",5,"Balanced diet, Fruits, Plenty of water","Junk food, Sugary drinks",Consult a doctor,Keep the affected area clean and rest well.,Myth: Home remedies alone can cure everything. Fact: Some conditions need medical intervention.,500
Gastritis,Medical,"Fever, Fatigue, Body ache",6,"Balanced diet, Fruits, Plenty of water","Junk food, Sugary drinks",Consult a doctor,Keep the affected area clean and rest well.,Myth: Home remedies alone can cure everything. Fact: Some conditions need medical intervention.,250
Gastritis,Medical,"Fatigue, Fever, Body ache",3,"Balanced diet, Fruits, Plenty of water","Junk food, Sugary drinks",Consult a doctor,Keep the affected area clean and rest well.,Myth: Home remedies alone can cure everything. Fact: Some conditions need medical intervention.,250
Gastritis,Medical,"Fever, Body ache, Fatigue",9,"Balanced diet, Fruits, Plenty of water","Junk food, Sugary drinks",Consult a doctor,Keep the affected area clean and rest well.,Myth: Home remedies alone can cure everything. Fact: Some conditions need medical intervention.,650
Sinusitis,Medical,"Facial pressure, Stuffed nose, Headache",3,"Balanced diet, Fruits, Plenty of water","Junk food, Sugary drinks",Consult a doctor,Keep the affected area clean and rest well.,Myth: Home remedies alone can cure everything. Fact: Some conditions need medical intervention.,500
Sinusitis,Medical,"Stuffed nose, Facial pressure, Headache, Thick yellow mucus",8,"Balanced diet, Fruits, Plenty of water","Junk food, Sugary drinks",Consult a doctor,Keep the affected area clean and rest well.,Myth: Home remedies alone can cure everything. Fact: Some conditions need medical intervention.,500
Sinusitis,Medical,"Facial pressure, Stuffed nose, Headache, Thick yellow mucus",3,"Balanced diet, Fruits, Plenty of water","Junk food, Sugary drinks",Consult a doctor,Keep the affected area clean and rest well.,Myth: Home remedies alone can cure everything. Fact: Some conditions need medical intervention.,250
Sinusitis,Medical,"Headache, Facial pressure, Thick yellow mucus, Stuffed nose",6,"Balanced diet, Fruits, Plenty of water","Junk food, Sugary drinks",Consult a doctor,Keep the affected area clean and rest well.,Myth: Home remedies alone can cure everything. Fact: Some conditions need medical intervention.,650
Sinusitis,Medical,"Headache, Stuffed nose, Thick yellow mucus, Facial pressure",7,"Balanced diet, Fruits, Plenty of water","Junk food, Sugary drinks",Consult a doctor,Keep the affected area clean and rest well.,Myth: Home remedies alone can cure everything. Fact: Some conditions need medical intervention.,650
Sinusitis,Medical,"Thick yellow mucus, Headache, Facial pressure",4,"Balanced diet, Fruits, Plenty of water","Junk food, Sugary drinks",Consult a doctor,Keep the affected area clean and rest well.,Myth: Home remedies alone can cure everything. Fact: Some conditions need medical intervention.,650
Sinusitis,Medical,"Headache, Facial pressure, Thick yellow mucus",8,"Balanced diet, Fruits, Plenty of water","Junk food, Sugary drinks",Consult a doctor,Keep the affected area clean and rest well.,Myth: Home remedies alone can cure everything. Fact: Some conditions need medical intervention.,650
Sinusitis,Medical,"Thick yellow mucus, Headache, Facial pressure, Stuffed nose",3,"Balanced diet, Fruits, Plenty of water","Junk food, Sugary drinks",Consult a doctor,Keep the affected area clean and rest well.,Myth: Home remedies alone can cure everything. Fact: Some conditions need medical intervention.,500
Sinusitis,Medical,"Stuffed nose, Headache, Facial pressure",6,"Balanced diet, Fruits, Plenty of water","Junk food, Sugary drinks",Consult a doctor,Keep the affected area clean and rest well.,Myth: Home remedies alone can cure everything. Fact: Some conditions need medical intervention.,250
Sinusitis,Medical,"Facial pressure, Thick yellow mucus, Stuffed nose, Headache",4,"Balanced diet, Fruits, Plenty of water","Junk food, Sugary drinks",Consult a doctor,Keep the affected area clean and rest well.,Myth: Home remedies alone can cure everything. Fact: Some conditions need medical intervention.,500
Sinusitis,Medical,"Stuffed nose, Headache, Thick yellow mucus",7,"Balanced diet, Fruits, Plenty of water","Junk food, Sugary drinks",Consult a doctor,Keep the affected area clean and rest well.,Myth: Home remedies alone can cure everything. Fact: Some conditions need medical intervention.,500
Sinusitis,Medical,"Thick yellow mucus, Stuffed nose, Facial pressure, Headache",6,"Balanced diet, Fruits, Plenty of water","Junk food, Sugary drinks",Consult a doctor,Keep the affected area clean and rest well.,Myth: Home remedies alone can cure everything. Fact: Some conditions need medical intervention.,250
Sinusitis,Medical,"Headache, Facial pressure, Thick yellow mucus, Stuffed nose",8,"Balanced diet, Fruits, Plenty of water","Junk food, Sugary drinks",Consult a doctor,Keep the affected area clean and rest well.,Myth: Home remedies alone can cure everything. Fact: Some conditions need medical intervention.,650
Sinusitis,Medical,"Facial pressure, Headache, Thick yellow mucus, Stuffed nose",4,"Balanced diet, Fruits, Plenty of water","Junk food, Sugary drinks",Consult a doctor,Keep the affected area clean and rest well.,Myth: Home remedies alone can cure everything. Fact: Some conditions need medical intervention.,250
Sinusitis,Medical,"Headache, Stuffed nose, Thick yellow mucus",5,"Balanced diet, Fruits, Plenty of water","Junk food, Sugary drinks",Consult a doctor,Keep the affected area clean and rest well.,Myth: Home remedies alone can cure everything. Fact: Some conditions need medical intervention.,650
Sinusitis,Medical,"Thick yellow mucus, Facial pressure, Stuffed nose, Headache",6,"Balanced diet, Fruits, Plenty of water","Junk food, Sugary drinks",Consult a doctor,Keep the affected area clean and rest well.,Myth: Home remedies alone can cure everything. Fact: Some conditions need medical intervention.,650
Sinusitis,Medical,"Facial pressure, Headache, Stuffed nose, Thick yellow mucus",5,"Balanced diet, Fruits, Plenty of water","Junk food, Sugary drinks",Consult a doctor,Keep the affected area clean and rest well.,Myth: Home remedies alone can cure everything. Fact: Some conditions need medical intervention.,650
Sinusitis,Medical,"Thick yellow mucus, Facial pressure, Headache, Stuffed nose",6,"Balanced diet, Fruits, Plenty of water","Junk food, Sugary drinks",Consult a doctor,Keep the affected area clean and rest well.,Myth: Home remedies alone can cure everything. Fact: Some conditions need medical intervention.,500
Sinusitis,Medical,"Facial pressure, Thick yellow mucus, Headache",6,"Balanced diet, Fruits, Plenty of water","Junk food, Sugary drinks",Consult a doctor,Keep the affected area clean and rest well.,Myth: Home remedies alone can cure everything. Fact: Some conditions need medical intervention.,500
Sinusitis,Medical,"Headache, Thick yellow mucus, Stuffed nose",5,"Balanced diet, Fruits, Plenty of water","Junk food, Sugary drinks",Consult a doctor,Keep the affected area clean and rest well.,Myth: Home remedies alone can cure everything. Fact: Some conditions need medical intervention.,250
Sinusitis,Medical,"Stuffed nose, Headache, Facial pressure",9,"Balanced diet, Fruits, Plenty of water","Junk food, Sugary drinks",Consult a doctor,Keep the affected area clean and rest well.,Myth: Home remedies alone can cure everything. Fact: Some conditions need medical intervention.,500
Sinusitis,Medical,"Stuffed nose, Thick yellow mucus, Headache, Facial pressure",6,"Balanced diet, Fruits, Plenty of water","Junk food, Sugary drinks",Consult a doctor,Keep the affected area clean and rest well.,Myth: Home remedies alone can cure everything. Fact: Some conditions need medical intervention.,500
Sinusitis,Medical,"Thick yellow mucus, Stuffed nose, Headache",9,"Balanced diet, Fruits, Plenty of water","Junk food, Sugary drinks",Consult a doctor,Keep the affected area clean and rest well.,Myth: Home remedies alone can cure everything. Fact: Some conditions need medical intervention.,650
Sinusitis,Medical,"Headache, Facial pressure, Thick yellow mucus, Stuffed nose",5,"Balanced diet, Fruits, Plenty of water","Junk food, Sugary drinks",Consult a doctor,Keep the affected area clean and rest well.,Myth: Home remedies alone can cure everything. Fact: Some conditions need medical intervention.,250
Sinusitis,Medical,"Facial pressure, Stuffed nose, Thick yellow mucus",9,"Balanced diet, Fruits, Plenty of water","Junk food, Sugary drinks",Consult a doctor,Keep the affected area clean and rest well.,Myth: Home remedies alone can cure everything. Fact: Some conditions need medical intervention.,500
Sinusitis,Medical,"Stuffed nose, Thick yellow mucus, Facial pressure",6,"Balanced diet, Fruits, Plenty of water","Junk food, Sugary drinks",Consult a doctor,Keep the affected area clean and rest well.,Myth: Home remedies alone can cure everything. Fact: Some conditions need medical intervention.,250
Sinusitis,Medical,"Stuffed nose, Headache, Facial pressure",6,"Balanced diet, Fruits, Plenty of water","Junk food, Sugary drinks",Consult a doctor,Keep the affected area clean and rest well.,Myth: Home remedies alone can cure everything. Fact: Some conditions need medical intervention.,650
Sinusitis,Medical,"Thick yellow mucus, Facial pressure, Headache, Stuffed nose",7,"Balanced diet, Fruits, Plenty of water","Junk food, Sugary drinks",Consult a doctor,Keep the affected area clean and rest well.,Myth: Home remedies alone can cure everything. Fact: Some conditions need medical intervention.,500
Sinusitis,Medical,"Thick yellow mucus, Stuffed nose, Facial pressure",5,"Balanced diet, Fruits, Plenty of water","Junk food, Sugary drinks",Consult a doctor,Keep the affected area clean and rest well.,Myth: Home remedies alone can cure everything. Fact: Some conditions need medical intervention.,250
Sinusitis,Medical,"Stuffed nose, Thick yellow mucus, Headache",9,"Balanced diet, Fruits, Plenty of water","Junk food, Sugary drinks",Consult a doctor,Keep the affected area clean and rest well.,Myth: Home remedies alone can cure everything. Fact: Some conditions need medical intervention.,250
Sinusitis,Medical,"Thick yellow mucus, Stuffed nose, Facial pressure",9,"Balanced diet, Fruits, Plenty of water","Junk food, Sugary drinks",Consult a doctor,Keep the affected area clean and rest well.,Myth: Home remedies alone can cure everything. Fact: Some conditions need medical intervention.,500
Sinusitis,Medical,"Facial pressure, Headache, Stuffed nose, Thick yellow mucus",5,"Balanced diet, Fruits, Plenty of water","Junk food, Sugary drinks",Consult a doctor,Keep the affected area clean and rest well.,Myth: Home remedies alone can cure everything. Fact: Some conditions need medical intervention.,650
Sinusitis,Medical,"Facial pressure, Stuffed nose, Thick yellow mucus",3,"Balanced diet, Fruits, Plenty of water","Junk food, Sugary drinks",Consult a doctor,Keep the affected area clean and rest well.,Myth: Home remedies alone can cure everything. Fact: Some conditions need medical intervention.,250
Sinusitis,Medical,"Stuffed nose, Facial pressure, Thick yellow mucus",8,"Balanced diet, Fruits, Plenty of water","Junk food, Sugary drinks",Consult a doctor,Keep the affected area clean and rest well.,Myth: Home remedies alone can cure everything. Fact: Some conditions need medical intervention.,650
Sinusitis,Medical,"Stuffed nose, Headache, Thick yellow mucus",7,"Balanced diet, Fruits, Plenty of water","Junk food, Sugary drinks",Consult a doctor,Keep the affected area clean and rest well.,Myth: Home remedies alone can cure everything. Fact: Some conditions need medical intervention.,250
Sinusitis,Medical,"Facial pressure, Headache, Stuffed nose, Thick yellow mucus",9,"Balanced diet, Fruits, Plenty of water","Junk food, Sugary drinks",Consult a doctor,Keep the affected area clean and rest well.,Myth: Home remedies alone can cure everything. Fact: Some conditions need medical intervention.,250
Sinusitis,Medical,"Headache, Stuffed nose, Facial pressure, Thick yellow mucus",8,"Balanced diet, Fruits, Plenty of water","Junk food, Sugary drinks",Consult a doctor,Keep the affected area clean and rest well.,Myth: Home remedies alone can cure everything. Fact: Some conditions need medical intervention.,650
Sinusitis,Medical,"Thick yellow mucus, Facial pressure, Stuffed nose, Headache",9,"Balanced diet, Fruits, Plenty of water","Junk food, Sugary drinks",Consult a doctor,Keep the affected area clean and rest well.,Myth: Home remedies alone can cure everything. Fact: Some conditions need medical intervention.,650
Sunburn,Medical,"Hot to touch, Peeling skin, Blisters, Red painful skin",6,"Balanced diet, Fruits, Plenty of water","Junk food, Sugary drinks",Consult a doctor,Keep the affected area clean and rest well.,Myth: Home remedies alone can cure everything. Fact: Some conditions need medical intervention.,650
Sunburn,Medical,"Blisters, Peeling skin, Hot to touch, Red painful skin",5,"Balanced diet, Fruits, Plenty of water","Junk food, Sugary drinks",Consult a doctor,Keep the affected area clean and rest well.,Myth: Home remedies alone can cure everything. Fact: Some conditions need medical intervention.,500
Sunburn,Medical,"Red painful skin, Blisters, Hot to touch, Peeling skin",9,"Balanced diet, Fruits, Plenty of water","Junk food, Sugary drinks",Consult a doctor,Keep the affected area clean and rest well.,Myth: Home remedies alone can cure everything. Fact: Some conditions need medical intervention.,650
Sunburn,Medical,"Hot to touch, Blisters, Red painful skin",7,"Balanced diet, Fruits, Plenty of water","Junk food, Sugary drinks",Consult a doctor,Keep the affected area clean and rest well.,Myth: Home remedies alone can cure everything. Fact: Some conditions need medical intervention.,500
Sunburn,Medical,"Peeling skin, Red painful skin, Blisters",6,"Balanced diet, Fruits, Plenty of water","Junk food, Sugary drinks",Consult a doctor,Keep the affected area clean and rest well.,Myth: Home remedies alone can cure everything. Fact: Some conditions need medical intervention.,250
Sunburn,Medical,"Red painful skin, Peeling skin, Blisters, Hot to touch",5,"Balanced diet, Fruits, Plenty of water","Junk food, Sugary drinks",Consult a doctor,Keep the affected area clean and rest well.,Myth: Home remedies alone can cure everything. Fact: Some conditions need medical intervention.,250
Sunburn,Medical,"Blisters, Red painful skin, Hot to touch",4,"Balanced diet, Fruits, Plenty of water","Junk food, Sugary drinks",Consult a doctor,Keep the affected area clean and rest well.,Myth: Home remedies alone can cure everything. Fact: Some conditions need medical intervention.,250
Sunburn,Medical,"Peeling skin, Red painful skin, Hot to touch, Blisters",6,"Balanced diet, Fruits, Plenty of water","Junk food, Sugary drinks",Consult a doctor,Keep the affected area clean and rest well.,Myth: Home remedies alone can cure everything. Fact: Some conditions need medical intervention.,650
Sunburn,Medical,"Hot to touch, Red painful skin, Blisters",9,"Balanced diet, Fruits, Plenty of water","Junk food, Sugary drinks",Consult a doctor,Keep the affected area clean and rest well.,Myth: Home remedies alone can cure everything. Fact: Some conditions need medical intervention.,250
Sunburn,Medical,"Blisters, Red painful skin, Peeling skin",7,"Balanced diet, Fruits, Plenty of water","Junk food, Sugary drinks",Consult a doctor,Keep the affected area clean and rest well.,Myth: Home remedies alone can cure everything. Fact: Some conditions need medical intervention.,500
Sunburn,Medical,"Hot to touch, Red painful skin, Blisters",6,"Balanced diet, Fruits, Plenty of water","Junk food, Sugary drinks",Consult a doctor,Keep the affected area clean and rest well.,Myth: Home remedies alone can cure everything. Fact: Some conditions need medical intervention.,500
Sunburn,Medical,"Red painful skin, Hot to touch, Blisters, Peeling skin",9,"Balanced diet, Fruits, Plenty of water","Junk food, Sugary drinks",Consult a doctor,Keep the affected area clean and rest well.,Myth: Home remedies alone can cure everything. Fact: Some conditions need medical intervention.,500
Sunburn,Medical,"Peeling skin, Hot to touch, Blisters, Red painful skin",8,"Balanced diet, Fruits, Plenty of water","Junk food, Sugary drinks",Consult a doctor,Keep the affected area clean and rest well.,Myth: Home remedies alone can cure everything. Fact: Some conditions need medical intervention.,500
Sunburn,Medical,"Peeling skin, Hot to touch, Red painful skin",4,"Balanced diet, Fruits, Plenty of water","Junk food, Sugary drinks",Consult a doctor,Keep the affected area clean and rest well.,Myth: Home remedies alone can cure everything. Fact: Some conditions need medical intervention.,250
Sunburn,Medical,"Peeling skin, Hot to touch, Red painful skin",3,"Balanced diet, Fruits, Plenty of water","Junk food, Sugary drinks",Consult a doctor,Keep the affected area clean and rest well.,Myth: Home remedies alone can cure everything. Fact: Some conditions need medical intervention.,250
Sunburn,Medical,"Peeling skin, Hot to touch, Red painful skin, Blisters",9,"Balanced diet, Fruits, Plenty of water","Junk food, Sugary drinks",Consult a doctor,Keep the affected area clean and rest well.,Myth: Home remedies alone can cure everything. Fact: Some conditions need medical intervention.,500
Sunburn,Medical,"Hot to touch, Red painful skin, Peeling skin",7,"Balanced diet, Fruits, Plenty of water","Junk food, Sugary drinks",Consult a doctor,Keep the affected area clean and rest well.,Myth: Home remedies alone can cure everything. Fact: Some conditions need medical intervention.,250
Sunburn,Medical,"Peeling skin, Hot to touch, Blisters",8,"Balanced diet, Fruits, Plenty of water","Junk food, Sugary drinks",Consult a doctor,Keep the affected area clean and rest well.,Myth: Home remedies alone can cure everything. Fact: Some conditions need medical intervention.,650
Sunburn,Medical,"Red painful skin, Peeling skin, Blisters",5,"Balanced diet, Fruits, Plenty of water","Junk food, Sugary drinks",Consult a doctor,Keep the affected area clean and rest well.,Myth: Home remedies alone can cure everything. Fact: Some conditions need medical intervention.,500
Sunburn,Medical,"Hot to touch, Peeling skin, Red painful skin, Blisters",3,"Balanced diet, Fruits, Plenty of water","Junk food, Sugary drinks",Consult a doctor,Keep the affected area clean and rest well.,Myth: Home remedies alone can cure everything. Fact: Some conditions need medical intervention.,250
Sunburn,Medical,"Hot to touch, Peeling skin, Red painful skin",4,"Balanced diet, Fruits, Plenty of water","Junk food, Sugary drinks",Consult a doctor,Keep the affected area clean and rest well.,Myth: Home remedies alone can cure everything. Fact: Some conditions need medical intervention.,650
Sunburn,Medical,"Hot to touch, Peeling skin, Red painful skin, Blisters",7,"Balanced diet, Fruits, Plenty of water","Junk food, Sugary drinks",Consult a doctor,Keep the affected area clean and rest well.,Myth: Home remedies alone can cure everything. Fact: Some conditions need medical intervention.,250
Sunburn,Medical,"Red painful skin, Hot to touch, Peeling skin",8,"Balanced diet, Fruits, Plenty of water","Junk food, Sugary drinks",Consult a doctor,Keep the affected area clean and rest well.,Myth: Home remedies alone can cure everything. Fact: Some conditions need medical intervention.,500
Sunburn,Medical,"Peeling skin, Red painful skin, Hot to touch, Blisters",6,"Balanced diet, Fruits, Plenty of water","Junk food, Sugary drinks",Consult a doctor,Keep the affected area clean and rest well.,Myth: Home remedies alone can cure everything. Fact: Some conditions need medical intervention.,500
Sunburn,Medical,"Blisters, Hot to touch, Red painful skin, Peeling skin",4,"Balanced diet, Fruits, Plenty of water","Junk food, Sugary drinks",Consult a doctor,Keep the affected area clean and rest well.,Myth: Home remedies alone can cure everything. Fact: Some conditions need medical intervention.,250
Sunburn,Medical,"Peeling skin, Blisters, Red painful skin",8,"Balanced diet, Fruits, Plenty of water","Junk food, Sugary drinks",Consult a doctor,Keep the affected area clean and rest well.,Myth: Home remedies alone can cure everything. Fact: Some conditions need medical intervention.,650
Sunburn,Medical,"Peeling skin, Hot to touch, Red painful skin, Blisters",9,"Balanced diet, Fruits, Plenty of water","Junk food, Sugary drinks",Consult a doctor,Keep the affected area clean and rest well.,Myth: Home remedies alone can cure everything. Fact: Some conditions need medical intervention.,250
Sunburn,Medical,"Peeling skin, Blisters, Hot to touch",4,"Balanced diet, Fruits, Plenty of water","Junk food, Sugary drinks",Consult a doctor,Keep the affected area clean and rest well.,Myth: Home remedies alone can cure everything. Fact: Some conditions need medical intervention.,650
Sunburn,Medical,"Red painful skin, Blisters, Hot to touch, Peeling skin",9,"Balanced diet, Fruits, Plenty of water","Junk food, Sugary drinks",Consult a doctor,Keep the affected area clean and rest well.,Myth: Home remedies alone can cure everything. Fact: Some conditions need medical intervention.,650
Sunburn,Medical,"Red painful skin, Blisters, Hot to touch",4,"Balanced diet, Fruits, Plenty of water","Junk food, Sugary drinks",Consult a doctor,Keep the affected area clean and rest well.,Myth: Home remedies alone can cure everything. Fact: Some conditions need medical intervention.,250
Sunburn,Medical,"Red painful skin, Blisters, Hot to touch",4,"Balanced diet, Fruits, Plenty of water","Junk food, Sugary drinks",Consult a doctor,Keep the affected area clean and rest well.,Myth: Home remedies alone can cure everything. Fact: Some conditions need medical intervention.,500
Sunburn,Medical,"Peeling skin, Hot to touch, Blisters",8,"Balanced diet, Fruits, Plenty of water","Junk food, Sugary drinks",Consult a doctor,Keep the affected area clean and rest well.,Myth: Home remedies alone can cure everything. Fact: Some conditions need medical intervention.,650
Sunburn,Medical,"Blisters, Peeling skin, Hot to touch",4,"Balanced diet, Fruits, Plenty of water","Junk food, Sugary drinks",Consult a doctor,Keep the affected area clean and rest well.,Myth: Home remedies alone can cure everything. Fact: Some conditions need medical intervention.,250
Sunburn,Medical,"Hot to touch, Peeling skin, Blisters",3,"Balanced diet, Fruits, Plenty of water","Junk food, Sugary drinks",Consult a doctor,Keep the affected area clean and rest well.,Myth: Home remedies alone can cure everything. Fact: Some conditions need medical intervention.,650
Sunburn,Medical,"Hot to touch, Peeling skin, Blisters, Red painful skin",3,"Balanced diet, Fruits, Plenty of water","Junk food, Sugary drinks",Consult a doctor,Keep the affected area clean and rest well.,Myth: Home remedies alone can cure everything. Fact: Some conditions need medical intervention.,250
Sunburn,Medical,"Red painful skin, Hot to touch, Blisters, Peeling skin",4,"Balanced diet, Fruits, Plenty of water","Junk food, Sugary drinks",Consult a doctor,Keep the affected area clean and rest well.,Myth: Home remedies alone can cure everything. Fact: Some conditions need medical intervention.,250
Sunburn,Medical,"Red painful skin, Hot to touch, Blisters",8,"Balanced diet, Fruits, Plenty of water","Junk food, Sugary drinks",Consult a doctor,Keep the affected area clean and rest well.,Myth: Home remedies alone can cure everything. Fact: Some conditions need medical intervention.,650
Sunburn,Medical,"Blisters, Red painful skin, Peeling skin, Hot to touch",7,"Balanced diet, Fruits, Plenty of water","Junk food, Sugary drinks",Consult a doctor,Keep the affected area clean and rest well.,Myth: Home remedies alone can cure everything. Fact: Some conditions need medical intervention.,250
Fungal Infection,Medical,"Fever, Fatigue, Body ache",5,"Balanced diet, Fruits, Plenty of water","Junk food, Sugary drinks",Consult a doctor,Keep the affected area clean and rest well.,Myth: Home remedies alone can cure everything. Fact: Some conditions need medical intervention.,500
Fungal Infection,Medical,"Fever, Fatigue, Body ache",6,"Balanced diet, Fruits, Plenty of water","Junk food, Sugary drinks",Consult a doctor,Keep the affected area clean and rest well.,Myth: Home remedies alone can cure everything. Fact: Some conditions need medical intervention.,650
Fungal Infection,Medical,"Body ache, Fever, Fatigue",8,"Balanced diet, Fruits, Plenty of water","Junk food, Sugary drinks",Consult a doctor,Keep the affected area clean and rest well.,Myth: Home remedies alone can cure everything. Fact: Some conditions need medical intervention.,650
Fungal Infection,Medical,"Fatigue, Fever, Body ache",9,"Balanced diet, Fruits, Plenty of water","Junk food, Sugary drinks",Consult a doctor,Keep the affected area clean and rest well.,Myth: Home remedies alone can cure everything. Fact: Some conditions need medical intervention.,250
Fungal Infection,Medical,"Fever, Body ache, Fatigue",6,"Balanced diet, Fruits, Plenty of water","Junk food, Sugary drinks",Consult a doctor,Keep the affected area clean and rest well.,Myth: Home remedies alone can cure everything. Fact: Some conditions need medical intervention.,250
Fungal Infection,Medical,"Fatigue, Fever, Body ache",4,"Balanced diet, Fruits, Plenty of water","Junk food, Sugary drinks",Consult a doctor,Keep the affected area clean and rest well.,Myth: Home remedies alone can cure everything. Fact: Some conditions need medical intervention.,650
Fungal Infection,Medical,"Fever, Fatigue, Body ache",9,"Balanced diet, Fruits, Plenty of water","Junk food, Sugary drinks",Consult a doctor,Keep the affected area clean and rest well.,Myth: Home remedies alone can cure everything. Fact: Some conditions need medical intervention.,650
Fungal Infection,Medical,"Fatigue, Fever, Body ache",9,"Balanced diet, Fruits, Plenty of water","Junk food, Sugary drinks",Consult a doctor,Keep the affected area clean and rest well.,Myth: Home remedies alone can cure everything. Fact: Some conditions need medical intervention.,250
Fungal Infection,Medical,"Body ache, Fever, Fatigue",3,"Balanced diet, Fruits, Plenty of water","Junk food, Sugary drinks",Consult a doctor,Keep the affected area clean and rest well.,Myth: Home remedies alone can cure everything. Fact: Some conditions need medical intervention.,650
Fungal Infection,Medical,"Fever, Body ache, Fatigue",4,"Balanced diet, Fruits, Plenty of water","Junk food, Sugary drinks",Consult a doctor,Keep the affected area clean and rest well.,Myth: Home remedies alone can cure everything. Fact: Some conditions need medical intervention.,500
Fungal Infection,Medical,"Fever, Body ache, Fatigue",7,"Balanced diet, Fruits, Plenty of water","Junk food, Sugary drinks",Consult a doctor,Keep the affected area clean and rest well.,Myth: Home remedies alone can cure everything. Fact: Some conditions need medical intervention.,500
Fungal Infection,Medical,"Fatigue, Fever, Body ache",8,"Balanced diet, Fruits, Plenty of water","Junk food, Sugary drinks",Consult a doctor,Keep the affected area clean and rest well.,Myth: Home remedies alone can cure everything. Fact: Some conditions need medical intervention.,500
Fungal Infection,Medical,"Fatigue, Body ache, Fever",3,"Balanced diet, Fruits, Plenty of water","Junk food, Sugary drinks",Consult a doctor,Keep the affected area clean and rest well.,Myth: Home remedies alone can cure everything. Fact: Some conditions need medical intervention.,250
Fungal Infection,Medical,"Body ache, Fever, Fatigue",9,"Balanced diet, Fruits, Plenty of water","Junk food, Sugary drinks",Consult a doctor,Keep the affected area clean and rest well.,Myth: Home remedies alone can cure everything. Fact: Some conditions need medical intervention.,250
Fungal Infection,Medical,"Body ache, Fatigue, Fever",3,"Balanced diet, Fruits, Plenty of water","Junk food, Sugary drinks",Consult a doctor,Keep the affected area clean and rest well.,Myth: Home remedies alone can cure everything. Fact: Some conditions need medical intervention.,650
Fungal Infection,Medical,"Fever, Body ache, Fatigue",3,"Balanced diet, Fruits, Plenty of water","Junk food, Sugary drinks",Consult a doctor,Keep the affected area clean and rest well.,Myth: Home remedies alone can cure everything. Fact: Some conditions need medical intervention.,250
Fungal Infection,Medical,"Fever, Fatigue, Body ache",4,"Balanced diet, Fruits, Plenty of water","Junk food, Sugary drinks",Consult a doctor,Keep the affected area clean and rest well.,Myth: Home remedies alone can cure everything. Fact: Some conditions need medical intervention.,650
Fungal Infection,Medical,"Body ache, Fatigue, Fever",5,"Balanced diet, Fruits, Plenty of water","Junk food, Sugary drinks",Consult a doctor,Keep the affected area clean and rest well.,Myth: Home remedies alone can cure everything. Fact: Some conditions need medical intervention.,650
Fungal Infection,Medical,"Body ache, Fatigue, Fever",9,"Balanced diet, Fruits, Plenty of water","Junk food, Sugary drinks",Consult a doctor,Keep the affected area clean and rest well.,Myth: Home remedies alone can cure everything. Fact: Some conditions need medical intervention.,650
Fungal Infection,Medical,"Fatigue, Body ache, Fever",9,"Balanced diet, Fruits, Plenty of water","Junk food, Sugary drinks",Consult a doctor,Keep the affected area clean and rest well.,Myth: Home remedies alone can cure everything. Fact: Some conditions need medical intervention.,650
Fungal Infection,Medical,"Fatigue, Fever, Body ache",6,"Balanced diet, Fruits, Plenty of water","Junk food, Sugary drinks",Consult a doctor,Keep the affected area clean and rest well.,Myth: Home remedies alone can cure everything. Fact: Some conditions need medical intervention.,500
Fungal Infection,Medical,"Fatigue, Fever, Body ache",3,"Balanced diet, Fruits, Plenty of water","Junk food, Sugary drinks",Consult a doctor,Keep the affected area clean and rest well.,Myth: Home remedies alone can cure everything. Fact: Some conditions need medical intervention.,650
Fungal Infection,Medical,"Fatigue, Fever, Body ache",9,"Balanced diet, Fruits, Plenty of water","Junk food, Sugary drinks",Consult a doctor,Keep the affected area clean and rest well.,Myth: Home remedies alone can cure everything. Fact: Some conditions need medical intervention.,500
Fungal Infection,Medical,"Body ache, Fever, Fatigue",9,"Balanced diet, Fruits, Plenty of water","Junk food, Sugary drinks",Consult a doctor,Keep the affected area clean and rest well.,Myth: Home remedies alone can cure everything. Fact: Some conditions need medical intervention.,650
Fungal Infection,Medical,"Fever, Fatigue, Body ache",8,"Balanced diet, Fruits, Plenty of water","Junk food, Sugary drinks",Consult a doctor,Keep the affected area clean and rest well.,Myth: Home remedies alone can cure everything. Fact: Some conditions need medical intervention.,250
Fungal Infection,Medical,"Fatigue, Body ache, Fever",5,"Balanced diet, Fruits, Plenty of water","Junk food, Sugary drinks",Consult a doctor,Keep the affected area clean and rest well.,Myth: Home remedies alone can cure everything. Fact: Some conditions need medical intervention.,650
Fungal Infection,Medical,"Fever, Body ache, Fatigue",9,"Balanced diet, Fruits, Plenty of water","Junk food, Sugary drinks",Consult a doctor,Keep the affected area clean and rest well.,Myth: Home remedies alone can cure everything. Fact: Some conditions need medical intervention.,500
Fungal Infection,Medical,"Body ache, Fever, Fatigue",7,"Balanced diet, Fruits, Plenty of water","Junk food, Sugary drinks",Consult a doctor,Keep the affected area clean and rest well.,Myth: Home remedies alone can cure everything. Fact: Some conditions need medical intervention.,500
Fungal Infection,Medical,"Body ache, Fever, Fatigue",9,"Balanced diet, Fruits, Plenty of water","Junk food, Sugary drinks",Consult a doctor,Keep the affected area clean and rest well.,Myth: Home remedies alone can cure everything. Fact: Some conditions need medical intervention.,250
Fungal Infection,Medical,"Fatigue, Body ache, Fever",5,"Balanced diet, Fruits, Plenty of water","Junk food, Sugary drinks",Consult a doctor,Keep the affected area clean and rest well.,Myth: Home remedies alone can cure everything. Fact: Some conditions need medical intervention.,250
Fungal Infection,Medical,"Fever, Body ache, Fatigue",7,"Balanced diet, Fruits, Plenty of water","Junk food, Sugary drinks",Consult a doctor,Keep the affected area clean and rest well.,Myth: Home remedies alone can cure everything. Fact: Some conditions need medical intervention.,250
Fungal Infection,Medical,"Body ache, Fatigue, Fever",8,"Balanced diet, Fruits, Plenty of water","Junk food, Sugary drinks",Consult a doctor,Keep the affected area clean and rest well.,Myth: Home remedies alone can cure everything. Fact: Some conditions need medical intervention.,250
Fungal Infection,Medical,"Fatigue, Fever, Body ache",9,"Balanced diet, Fruits, Plenty of water","Junk food, Sugary drinks",Consult a doctor,Keep the affected area clean and rest well.,Myth: Home remedies alone can cure everything. Fact: Some conditions need medical intervention.,650
Fungal Infection,Medical,"Body ache, Fever, Fatigue",4,"Balanced diet, Fruits, Plenty of water","Junk food, Sugary drinks",Consult a doctor,Keep the affected area clean and rest well.,Myth: Home remedies alone can cure everything. Fact: Some conditions need medical intervention.,500
Fungal Infection,Medical,"Body ache, Fatigue, Fever",6,"Balanced diet, Fruits, Plenty of water","Junk food, Sugary drinks",Consult a doctor,Keep the affected area clean and rest well.,Myth: Home remedies alone can cure everything. Fact: Some conditions need medical intervention.,650
Fungal Infection,Medical,"Fatigue, Body ache, Fever",3,"Balanced diet, Fruits, Plenty of water","Junk food, Sugary drinks",Consult a doctor,Keep the affected area clean and rest well.,Myth: Home remedies alone can cure everything. Fact: Some conditions need medical intervention.,500
Fungal Infection,Medical,"Body ache, Fever, Fatigue",4,"Balanced diet, Fruits, Plenty of water","Junk food, Sugary drinks",Consult a doctor,Keep the affected area clean and rest well.,Myth: Home remedies alone can cure everything. Fact: Some conditions need medical intervention.,650
Fungal Infection,Medical,"Body ache, Fatigue, Fever",7,"Balanced diet, Fruits, Plenty of water","Junk food, Sugary drinks",Consult a doctor,Keep the affected area clean and rest well.,Myth: Home remedies alone can cure everything. Fact: Some conditions need medical intervention.,500
Amoebiasis,Medical,"Body ache, Fatigue, Fever",7,"Balanced diet, Fruits, Plenty of water","Junk food, Sugary drinks",Consult a doctor,Keep the affected area clean and rest well.,Myth: Home remedies alone can cure everything. Fact: Some conditions need medical intervention.,650
Amoebiasis,Medical,"Fever, Body ache, Fatigue",8,"Balanced diet, Fruits, Plenty of water","Junk food, Sugary drinks",Consult a doctor,Keep the affected area clean and rest well.,Myth: Home remedies alone can cure everything. Fact: Some conditions need medical intervention.,500
Amoebiasis,Medical,"Body ache, Fever, Fatigue",8,"Balanced diet, Fruits, Plenty of water","Junk food, Sugary drinks",Consult a doctor,Keep the affected area clean and rest well.,Myth: Home remedies alone can cure everything. Fact: Some conditions need medical intervention.,650
Amoebiasis,Medical,"Fatigue, Body ache, Fever",7,"Balanced diet, Fruits, Plenty of water","Junk food, Sugary drinks",Consult a doctor,Keep the affected area clean and rest well.,Myth: Home remedies alone can cure everything. Fact: Some conditions need medical intervention.,650
Amoebiasis,Medical,"Fatigue, Fever, Body ache",8,"Balanced diet, Fruits, Plenty of water","Junk food, Sugary drinks",Consult a doctor,Keep the affected area clean and rest well.,Myth: Home remedies alone can cure everything. Fact: Some conditions need medical intervention.,250
Amoebiasis,Medical,"Body ache, Fever, Fatigue",7,"Balanced diet, Fruits, Plenty of water","Junk food, Sugary drinks",Consult a doctor,Keep the affected area clean and rest well.,Myth: Home remedies alone can cure everything. Fact: Some conditions need medical intervention.,500
Amoebiasis,Medical,"Fatigue, Fever, Body ache",9,"Balanced diet, Fruits, Plenty of water","Junk food, Sugary drinks",Consult a doctor,Keep the affected area clean and rest well.,Myth: Home remedies alone can cure everything. Fact: Some conditions need medical intervention.,250
Amoebiasis,Medical,"Body ache, Fatigue, Fever",6,"Balanced diet, Fruits, Plenty of water","Junk food, Sugary drinks",Consult a doctor,Keep the affected area clean and rest well.,Myth: Home remedies alone can cure everything. Fact: Some conditions need medical intervention.,250
Amoebiasis,Medical,"Fatigue, Fever, Body ache",8,"Balanced diet, Fruits, Plenty of water","Junk food, Sugary drinks",Consult a doctor,Keep the affected area clean and rest well.,Myth: Home remedies alone can cure everything. Fact: Some conditions need medical intervention.,650
Amoebiasis,Medical,"Body ache, Fever, Fatigue",7,"Balanced diet, Fruits, Plenty of water","Junk food, Sugary drinks",Consult a doctor,Keep the affected area clean and rest well.,Myth: Home remedies alone can cure everything. Fact: Some conditions need medical intervention.,500
Amoebiasis,Medical,"Body ache, Fever, Fatigue",9,"Balanced diet, Fruits, Plenty of water","Junk food, Sugary drinks",Consult a doctor,Keep the affected area clean and rest well.,Myth: Home remedies alone can cure everything. Fact: Some conditions need medical intervention.,250
Amoebiasis,Medical,"Fatigue, Fever, Body ache",8,"Balanced diet, Fruits, Plenty of water","Junk food, Sugary drinks",Consult a doctor,Keep the affected area clean and rest well.,Myth: Home remedies alone can cure everything. Fact: Some conditions need medical intervention.,650
Amoebiasis,Medical,"Fatigue, Body ache, Fever",5,"Balanced diet, Fruits, Plenty of water","Junk food, Sugary drinks",Consult a doctor,Keep the affected area clean and rest well.,Myth: Home remedies alone can cure everything. Fact: Some conditions need medical intervention.,650
Amoebiasis,Medical,"Fever, Body ache, Fatigue",7,"Balanced diet, Fruits, Plenty of water","Junk food, Sugary drinks",Consult a doctor,Keep the affected area clean and rest well.,Myth: Home remedies alone can cure everything. Fact: Some conditions need medical intervention.,650
Amoebiasis,Medical,"Fatigue, Fever, Body ache",5,"Balanced diet, Fruits, Plenty of water","Junk food, Sugary drinks",Consult a doctor,Keep the affected area clean and rest well.,Myth: Home remedies alone can cure everything. Fact: Some conditions need medical intervention.,250
Amoebiasis,Medical,"Body ache, Fatigue, Fever",4,"Balanced diet, Fruits, Plenty of water","Junk food, Sugary drinks",Consult a doctor,Keep the affected area clean and rest well.,Myth: Home remedies alone can cure everything. Fact: Some conditions need medical intervention.,250
Amoebiasis,Medical,"Fatigue, Body ache, Fever",9,"Balanced diet, Fruits, Plenty of water","Junk food, Sugary drinks",Consult a doctor,Keep the affected area clean and rest well.,Myth: Home remedies alone can cure everything. Fact: Some conditions need medical intervention.,250
Amoebiasis,Medical,"Fever, Body ache, Fatigue",5,"Balanced diet, Fruits, Plenty of water","Junk food, Sugary drinks",Consult a doctor,Keep the affected area clean and rest well.,Myth: Home remedies alone can cure everything. Fact: Some conditions need medical intervention.,650
Amoebiasis,Medical,"Body ache, Fever, Fatigue",9,"Balanced diet, Fruits, Plenty of water","Junk food, Sugary drinks",Consult a doctor,Keep the affected area clean and rest well.,Myth: Home remedies alone can cure everything. Fact: Some conditions need medical intervention.,650
Amoebiasis,Medical,"Fatigue, Body ache, Fever",6,"Balanced diet, Fruits, Plenty of water","Junk food, Sugary drinks",Consult a doctor,Keep the affected area clean and rest well.,Myth: Home remedies alone can cure everything. Fact: Some conditions need medical intervention.,650
Amoebiasis,Medical,"Body ache, Fever, Fatigue",3,"Balanced diet, Fruits, Plenty of water","Junk food, Sugary drinks",Consult a doctor,Keep the affected area clean and rest well.,Myth: Home remedies alone can cure everything. Fact: Some conditions need medical intervention.,500
Amoebiasis,Medical,"Fever, Body ache, Fatigue",9,"Balanced diet, Fruits, Plenty of water","Junk food, Sugary drinks",Consult a doctor,Keep the affected area clean and rest well.,Myth: Home remedies alone can cure everything. Fact: Some conditions need medical intervention.,500
Amoebiasis,Medical,"Fatigue, Fever, Body ache",4,"Balanced diet, Fruits, Plenty of water","Junk food, Sugary drinks",Consult a doctor,Keep the affected area clean and rest well.,Myth: Home remedies alone can cure everything. Fact: Some conditions need medical intervention.,650
Amoebiasis,Medical,"Fatigue, Body ache, Fever",4,"Balanced diet, Fruits, Plenty of water","Junk food, Sugary drinks",Consult a doctor,Keep the affected area clean and rest well.,Myth: Home remedies alone can cure everything. Fact: Some conditions need medical intervention.,500
Amoebiasis,Medical,"Fatigue, Body ache, Fever",3,"Balanced diet, Fruits, Plenty of water","Junk food, Sugary drinks",Consult a doctor,Keep the affected area clean and rest well.,Myth: Home remedies alone can cure everything. Fact: Some conditions need medical intervention.,250
Amoebiasis,Medical,"Fever, Fatigue, Body ache",6,"Balanced diet, Fruits, Plenty of water","Junk food, Sugary drinks",Consult a doctor,Keep the affected area clean and rest well.,Myth: Home remedies alone can cure everything. Fact: Some conditions need medical intervention.,250
Amoebiasis,Medical,"Fever, Body ache, Fatigue",9,"Balanced diet, Fruits, Plenty of water","Junk food, Sugary drinks",Consult a doctor,Keep the affected area clean and rest well.,Myth: Home remedies alone can cure everything. Fact: Some conditions need medical intervention.,650
Amoebiasis,Medical,"Fever, Body ache, Fatigue",3,"Balanced diet, Fruits, Plenty of water","Junk food, Sugary drinks",Consult a doctor,Keep the affected area clean and rest well.,Myth: Home remedies alone can cure everything. Fact: Some conditions need medical intervention.,650
Amoebiasis,Medical,"Body ache, Fever, Fatigue",5,"Balanced diet, Fruits, Plenty of water","Junk food, Sugary drinks",Consult a doctor,Keep the affected area clean and rest well.,Myth: Home remedies alone can cure everything. Fact: Some conditions need medical intervention.,500
Amoebiasis,Medical,"Body ache, Fatigue, Fever",5,"Balanced diet, Fruits, Plenty of water","Junk food, Sugary drinks",Consult a doctor,Keep the affected area clean and rest well.,Myth: Home remedies alone can cure everything. Fact: Some conditions need medical intervention.,650
Amoebiasis,Medical,"Fever, Body ache, Fatigue",7,"Balanced diet, Fruits, Plenty of water","Junk food, Sugary drinks",Consult a doctor,Keep the affected area clean and rest well.,Myth: Home remedies alone can cure everything. Fact: Some conditions need medical intervention.,500
Amoebiasis,Medical,"Body ache, Fatigue, Fever",9,"Balanced diet, Fruits, Plenty of water","Junk food, Sugary drinks",Consult a doctor,Keep the affected area clean and rest well.,Myth: Home remedies alone can cure everything. Fact: Some conditions need medical intervention.,650
Amoebiasis,Medical,"Body ache, Fatigue, Fever",9,"Balanced diet, Fruits, Plenty of water","Junk food, Sugary drinks",Consult a doctor,Keep the affected area clean and rest well.,Myth: Home remedies alone can cure everything. Fact: Some conditions need medical intervention.,250
Amoebiasis,Medical,"Fever, Body ache, Fatigue",5,"Balanced diet, Fruits, Plenty of water","Junk food, Sugary drinks",Consult a doctor,Keep the affected area clean and rest well.,Myth: Home remedies alone can cure everything. Fact: Some conditions need medical intervention.,650
Amoebiasis,Medical,"Body ache, Fatigue, Fever",9,"Balanced diet, Fruits, Plenty of water","Junk food, Sugary drinks",Consult a doctor,Keep the affected area clean and rest well.,Myth: Home remedies alone can cure everything. Fact: Some conditions need medical intervention.,250
Amoebiasis,Medical,"Fatigue, Fever, Body ache",4,"Balanced diet, Fruits, Plenty of water","Junk food, Sugary drinks",Consult a doctor,Keep the affected area clean and rest well.,Myth: Home remedies alone can cure everything. Fact: Some conditions need medical intervention.,650
Amoebiasis,Medical,"Fatigue, Body ache, Fever",9,"Balanced diet, Fruits, Plenty of water","Junk food, Sugary drinks",Consult a doctor,Keep the affected area clean and rest well.,Myth: Home remedies alone can cure everything. Fact: Some conditions need medical intervention.,650
Amoebiasis,Medical,"Body ache, Fatigue, Fever",7,"Balanced diet, Fruits, Plenty of water","Junk food, Sugary drinks",Consult a doctor,Keep the affected area clean and rest well.,Myth: Home remedies alone can cure everything. Fact: Some conditions need medical intervention.,650
Heat Rash,Medical,"Fever, Fatigue, Body ache",9,"Balanced diet, Fruits, Plenty of water","Junk food, Sugary drinks",Consult a doctor,Keep the affected area clean and rest well.,Myth: Home remedies alone can cure everything. Fact: Some conditions need medical intervention.,500
Heat Rash,Medical,"Body ache, Fatigue, Fever",6,"Balanced diet, Fruits, Plenty of water","Junk food, Sugary drinks",Consult a doctor,Keep the affected area clean and rest well.,Myth: Home remedies alone can cure everything. Fact: Some conditions need medical intervention.,650
Heat Rash,Medical,"Fever, Body ache, Fatigue",5,"Balanced diet, Fruits, Plenty of water","Junk food, Sugary drinks",Consult a doctor,Keep the affected area clean and rest well.,Myth: Home remedies alone can cure everything. Fact: Some conditions need medical intervention.,500
Heat Rash,Medical,"Fatigue, Fever, Body ache",6,"Balanced diet, Fruits, Plenty of water","Junk food, Sugary drinks",Consult a doctor,Keep the affected area clean and rest well.,Myth: Home remedies alone can cure everything. Fact: Some conditions need medical intervention.,250
Heat Rash,Medical,"Fever, Fatigue, Body ache",3,"Balanced diet, Fruits, Plenty of water","Junk food, Sugary drinks",Consult a doctor,Keep the affected area clean and rest well.,Myth: Home remedies alone can cure everything. Fact: Some conditions need medical intervention.,500
Heat Rash,Medical,"Fatigue, Body ache, Fever",7,"Balanced diet, Fruits, Plenty of water","Junk food, Sugary drinks",Consult a doctor,Keep the affected area clean and rest well.,Myth: Home remedies alone can cure everything. Fact: Some conditions need medical intervention.,500
Heat Rash,Medical,"Body ache, Fatigue, Fever",4,"Balanced diet, Fruits, Plenty of water","Junk food, Sugary drinks",Consult a doctor,Keep the affected area clean and rest well.,Myth: Home remedies alone can cure everything. Fact: Some conditions need medical intervention.,650
Heat Rash,Medical,"Body ache, Fever, Fatigue",5,"Balanced diet, Fruits, Plenty of water","Junk food, Sugary drinks",Consult a doctor,Keep the affected area clean and rest well.,Myth: Home remedies alone can cure everything. Fact: Some conditions need medical intervention.,250
Heat Rash,Medical,"Body ache, Fever, Fatigue",7,"Balanced diet, Fruits, Plenty of water","Junk food, Sugary drinks",Consult a doctor,Keep the affected area clean and rest well.,Myth: Home remedies alone can cure everything. Fact: Some conditions need medical intervention.,650
Heat Rash,Medical,"Fever, Fatigue, Body ache",5,"Balanced diet, Fruits, Plenty of water","Junk food, Sugary drinks",Consult a doctor,Keep the affected area clean and rest well.,Myth: Home remedies alone can cure everything. Fact: Some conditions need medical intervention.,650
Heat Rash,Medical,"Fatigue, Fever, Body ache",5,"Balanced diet, Fruits, Plenty of water","Junk food, Sugary drinks",Consult a doctor,Keep the affected area clean and rest well.,Myth: Home remedies alone can cure everything. Fact: Some conditions need medical intervention.,650
Heat Rash,Medical,"Fatigue, Fever, Body ache",4,"Balanced diet, Fruits, Plenty of water","Junk food, Sugary drinks",Consult a doctor,Keep the affected area clean and rest well.,Myth: Home remedies alone can cure everything. Fact: Some conditions need medical intervention.,650
Heat Rash,Medical,"Body ache, Fever, Fatigue",5,"Balanced diet, Fruits, Plenty of water","Junk food, Sugary drinks",Consult a doctor,Keep the affected area clean and rest well.,Myth: Home remedies alone can cure everything. Fact: Some conditions need medical intervention.,500
Heat Rash,Medical,"Fever, Body ache, Fatigue",7,"Balanced diet, Fruits, Plenty of water","Junk food, Sugary drinks",Consult a doctor,Keep the affected area clean and rest well.,Myth: Home remedies alone can cure everything. Fact: Some conditions need medical intervention.,250
Heat Rash,Medical,"Fever, Body ache, Fatigue",6,"Balanced diet, Fruits, Plenty of water","Junk food, Sugary drinks",Consult a doctor,Keep the affected area clean and rest well.,Myth: Home remedies alone can cure everything. Fact: Some conditions need medical intervention.,250
Heat Rash,Medical,"Body ache, Fatigue, Fever",3,"Balanced diet, Fruits, Plenty of water","Junk food, Sugary drinks",Consult a doctor,Keep the affected area clean and rest well.,Myth: Home remedies alone can cure everything. Fact: Some conditions need medical intervention.,250
Heat Rash,Medical,"Fever, Fatigue, Body ache",8,"Balanced diet, Fruits, Plenty of water","Junk food, Sugary drinks",Consult a doctor,Keep the affected area clean and rest well.,Myth: Home remedies alone can cure everything. Fact: Some conditions need medical intervention.,650
Heat Rash,Medical,"Fatigue, Fever, Body ache",6,"Balanced diet, Fruits, Plenty of water","Junk food, Sugary drinks",Consult a doctor,Keep the affected area clean and rest well.,Myth: Home remedies alone can cure everything. Fact: Some conditions need medical intervention.,250
Heat Rash,Medical,"Fatigue, Body ache, Fever",5,"Balanced diet, Fruits, Plenty of water","Junk food, Sugary drinks",Consult a doctor,Keep the affected area clean and rest well.,Myth: Home remedies alone can cure everything. Fact: Some conditions need medical intervention.,500
Heat Rash,Medical,"Fatigue, Fever, Body ache",5,"Balanced diet, Fruits, Plenty of water","Junk food, Sugary drinks",Consult a doctor,Keep the affected area clean and rest well.,Myth: Home remedies alone can cure everything. Fact: Some conditions need medical intervention.,650
Heat Rash,Medical,"Fever, Body ache, Fatigue",9,"Balanced diet, Fruits, Plenty of water","Junk food, Sugary drinks",Consult a doctor,Keep the affected area clean and rest well.,Myth: Home remedies alone can cure everything. Fact: Some conditions need medical intervention.,250
Heat Rash,Medical,"Fever, Fatigue, Body ache",7,"Balanced diet, Fruits, Plenty of water","Junk food, Sugary drinks",Consult a doctor,Keep the affected area clean and rest well.,Myth: Home remedies alone can cure everything. Fact: Some conditions need medical intervention.,650
Heat Rash,Medical,"Body ache, Fatigue, Fever",6,"Balanced diet, Fruits, Plenty of water","Junk food, Sugary drinks",Consult a doctor,Keep the affected area clean and rest well.,Myth: Home remedies alone can cure everything. Fact: Some conditions need medical intervention.,650
Heat Rash,Medical,"Fever, Fatigue, Body ache",8,"Balanced diet, Fruits, Plenty of water","Junk food, Sugary drinks",Consult a doctor,Keep the affected area clean and rest well.,Myth: Home remedies alone can cure everything. Fact: Some conditions need medical intervention.,250
Heat Rash,Medical,"Body ache, Fatigue, Fever",9,"Balanced diet, Fruits, Plenty of water","Junk food, Sugary drinks",Consult a doctor,Keep the affected area clean and rest well.,Myth: Home remedies alone can cure everything. Fact: Some conditions need medical intervention.,250
Heat Rash,Medical,"Body ache, Fever, Fatigue",4,"Balanced diet, Fruits, Plenty of water","Junk food, Sugary drinks",Consult a doctor,Keep the affected area clean and rest well.,Myth: Home remedies alone can cure everything. Fact: Some conditions need medical intervention.,500
Heat Rash,Medical,"Fever, Fatigue, Body ache",7,"Balanced diet, Fruits, Plenty of water","Junk food, Sugary drinks",Consult a doctor,Keep the affected area clean and rest well.,Myth: Home remedies alone can cure everything. Fact: Some conditions need medical intervention.,500
Heat Rash,Medical,"Fever, Body ache, Fatigue",8,"Balanced diet, Fruits, Plenty of water","Junk food, Sugary drinks",Consult a doctor,Keep the affected area clean and rest well.,Myth: Home remedies alone can cure everything. Fact: Some conditions need medical intervention.,650
Heat Rash,Medical,"Fever, Fatigue, Body ache",8,"Balanced diet, Fruits, Plenty of water","Junk food, Sugary drinks",Consult a doctor,Keep the affected area clean and rest well.,Myth: Home remedies alone can cure everything. Fact: Some conditions need medical intervention.,250
Heat Rash,Medical,"Body ache, Fatigue, Fever",3,"Balanced diet, Fruits, Plenty of water","Junk food, Sugary drinks",Consult a doctor,Keep the affected area clean and rest well.,Myth: Home remedies alone can cure everything. Fact: Some conditions need medical intervention.,500
Heat Rash,Medical,"Fever, Fatigue, Body ache",3,"Balanced diet, Fruits, Plenty of water","Junk food, Sugary drinks",Consult a doctor,Keep the affected area clean and rest well.,Myth: Home remedies alone can cure everything. Fact: Some conditions need medical intervention.,250
Heat Rash,Medical,"Body ache, Fatigue, Fever",6,"Balanced diet, Fruits, Plenty of water","Junk food, Sugary drinks",Consult a doctor,Keep the affected area clean and rest well.,Myth: Home remedies alone can cure everything. Fact: Some conditions need medical intervention.,500
Heat Rash,Medical,"Fever, Fatigue, Body ache",9,"Balanced diet, Fruits, Plenty of water","Junk food, Sugary drinks",Consult a doctor,Keep the affected area clean and rest well.,Myth: Home remedies alone can cure everything. Fact: Some conditions need medical intervention.,500
Heat Rash,Medical,"Fatigue, Body ache, Fever",7,"Balanced diet, Fruits, Plenty of water","Junk food, Sugary drinks",Consult a doctor,Keep the affected area clean and rest well.,Myth: Home remedies alone can cure everything. Fact: Some conditions need medical intervention.,250
Heat Rash,Medical,"Body ache, Fatigue, Fever",5,"Balanced diet, Fruits, Plenty of water","Junk food, Sugary drinks",Consult a doctor,Keep the affected area clean and rest well.,Myth: Home remedies alone can cure everything. Fact: Some conditions need medical intervention.,500
Heat Rash,Medical,"Fatigue, Fever, Body ache",7,"Balanced diet, Fruits, Plenty of water","Junk food, Sugary drinks",Consult a doctor,Keep the affected area clean and rest well.,Myth: Home remedies alone can cure everything. Fact: Some conditions need medical intervention.,500
Heat Rash,Medical,"Body ache, Fatigue, Fever",9,"Balanced diet, Fruits, Plenty of water","Junk food, Sugary drinks",Consult a doctor,Keep the affected area clean and rest well.,Myth: Home remedies alone can cure everything. Fact: Some conditions need medical intervention.,500
Heat Rash,Medical,"Fatigue, Body ache, Fever",9,"Balanced diet, Fruits, Plenty of water","Junk food, Sugary drinks",Consult a doctor,Keep the affected area clean and rest well.,Myth: Home remedies alone can cure everything. Fact: Some conditions need medical intervention.,500
Heat Stroke,Medical,"Fatigue, Body ache, Fever",6,"Balanced diet, Fruits, Plenty of water","Junk food, Sugary drinks",Consult a doctor,Keep the affected area clean and rest well.,Myth: Home remedies alone can cure everything. Fact: Some conditions need medical intervention.,650
Heat Stroke,Medical,"Fatigue, Fever, Body ache",3,"Balanced diet, Fruits, Plenty of water","Junk food, Sugary drinks",Consult a doctor,Keep the affected area clean and rest well.,Myth: Home remedies alone can cure everything. Fact: Some conditions need medical intervention.,650
Heat Stroke,Medical,"Fatigue, Body ache, Fever",4,"Balanced diet, Fruits, Plenty of water","Junk food, Sugary drinks",Consult a doctor,Keep the affected area clean and rest well.,Myth: Home remedies alone can cure everything. Fact: Some conditions need medical intervention.,500
Heat Stroke,Medical,"Fatigue, Fever, Body ache",6,"Balanced diet, Fruits, Plenty of water","Junk food, Sugary drinks",Consult a doctor,Keep the affected area clean and rest well.,Myth: Home remedies alone can cure everything. Fact: Some conditions need medical intervention.,250
Heat Stroke,Medical,"Body ache, Fever, Fatigue",5,"Balanced diet, Fruits, Plenty of water","Junk food, Sugary drinks",Consult a doctor,Keep the affected area clean and rest well.,Myth: Home remedies alone can cure everything. Fact: Some conditions need medical intervention.,250
Heat Stroke,Medical,"Fatigue, Body ache, Fever",5,"Balanced diet, Fruits, Plenty of water","Junk food, Sugary drinks",Consult a doctor,Keep the affected area clean and rest well.,Myth: Home remedies alone can cure everything. Fact: Some conditions need medical intervention.,650
Heat Stroke,Medical,"Body ache, Fever, Fatigue",9,"Balanced diet, Fruits, Plenty of water","Junk food, Sugary drinks",Consult a doctor,Keep the affected area clean and rest well.,Myth: Home remedies alone can cure everything. Fact: Some conditions need medical intervention.,500
Heat Stroke,Medical,"Body ache, Fatigue, Fever",6,"Balanced diet, Fruits, Plenty of water","Junk food, Sugary drinks",Consult a doctor,Keep the affected area clean and rest well.,Myth: Home remedies alone can cure everything. Fact: Some conditions need medical intervention.,500
Heat Stroke,Medical,"Fever, Fatigue, Body ache",3,"Balanced diet, Fruits, Plenty of water","Junk food, Sugary drinks",Consult a doctor,Keep the affected area clean and rest well.,Myth: Home remedies alone can cure everything. Fact: Some conditions need medical intervention.,500
Heat Stroke,Medical,"Fever, Body ache, Fatigue",9,"Balanced diet, Fruits, Plenty of water","Junk food, Sugary drinks",Consult a doctor,Keep the affected area clean and rest well.,Myth: Home remedies alone can cure everything. Fact: Some conditions need medical intervention.,500
Heat Stroke,Medical,"Fatigue, Body ache, Fever",9,"Balanced diet, Fruits, Plenty of water","Junk food, Sugary drinks",Consult a doctor,Keep the affected area clean and rest well.,Myth: Home remedies alone can cure everything. Fact: Some conditions need medical intervention.,250
Heat Stroke,Medical,"Fatigue, Body ache, Fever",4,"Balanced diet, Fruits, Plenty of water","Junk food, Sugary drinks",Consult a doctor,Keep the affected area clean and rest well.,Myth: Home remedies alone can cure everything. Fact: Some conditions need medical intervention.,250
Heat Stroke,Medical,"Fatigue, Fever, Body ache",8,"Balanced diet, Fruits, Plenty of water","Junk food, Sugary drinks",Consult a doctor,Keep the affected area clean and rest well.,Myth: Home remedies alone can cure everything. Fact: Some conditions need medical intervention.,500
Heat Stroke,Medical,"Fever, Body ache, Fatigue",8,"Balanced diet, Fruits, Plenty of water","Junk food, Sugary drinks",Consult a doctor,Keep the affected area clean and rest well.,Myth: Home remedies alone can cure everything. Fact: Some conditions need medical intervention.,500
Heat Stroke,Medical,"Body ache, Fatigue, Fever",6,"Balanced diet, Fruits, Plenty of water","Junk food, Sugary drinks",Consult a doctor,Keep the affected area clean and rest well.,Myth: Home remedies alone can cure everything. Fact: Some conditions need medical intervention.,650
Heat Stroke,Medical,"Fatigue, Body ache, Fever",3,"Balanced diet, Fruits, Plenty of water","Junk food, Sugary drinks",Consult a doctor,Keep the affected area clean and rest well.,Myth: Home remedies alone can cure everything. Fact: Some conditions need medical intervention.,650
Heat Stroke,Medical,"Body ache, Fatigue, Fever",3,"Balanced diet, Fruits, Plenty of water","Junk food, Sugary drinks",Consult a doctor,Keep the affected area clean and rest well.,Myth: Home remedies alone can cure everything. Fact: Some conditions need medical intervention.,250
Heat Stroke,Medical,"Fatigue, Fever, Body ache",8,"Balanced diet, Fruits, Plenty of water","Junk food, Sugary drinks",Consult a doctor,Keep the affected area clean and rest well.,Myth: Home remedies alone can cure everything. Fact: Some conditions need medical intervention.,250
Heat Stroke,Medical,"Fatigue, Fever, Body ache",4,"Balanced diet, Fruits, Plenty of water","Junk food, Sugary drinks",Consult a doctor,Keep the affected area clean and rest well.,Myth: Home remedies alone can cure everything. Fact: Some conditions need medical intervention.,250
Heat Stroke,Medical,"Fatigue, Body ache, Fever",6,"Balanced diet, Fruits, Plenty of water","Junk food, Sugary drinks",Consult a doctor,Keep the affected area clean and rest well.,Myth: Home remedies alone can cure everything. Fact: Some conditions need medical intervention.,250
Heat Stroke,Medical,"Body ache, Fever, Fatigue",3,"Balanced diet, Fruits, Plenty of water","Junk food, Sugary drinks",Consult a doctor,Keep the affected area clean and rest well.,Myth: Home remedies alone can cure everything. Fact: Some conditions need medical intervention.,500
Heat Stroke,Medical,"Body ache, Fatigue, Fever",8,"Balanced diet, Fruits, Plenty of water","Junk food, Sugary drinks",Consult a doctor,Keep the affected area clean and rest well.,Myth: Home remedies alone can cure everything. Fact: Some conditions need medical intervention.,650
Heat Stroke,Medical,"Fever, Fatigue, Body ache",9,"Balanced diet, Fruits, Plenty of water","Junk food, Sugary drinks",Consult a doctor,Keep the affected area clean and rest well.,Myth: Home remedies alone can cure everything. Fact: Some conditions need medical intervention.,500
Heat Stroke,Medical,"Fatigue, Body ache, Fever",8,"Balanced diet, Fruits, Plenty of water","Junk food, Sugary drinks",Consult a doctor,Keep the affected area clean and rest well.,Myth: Home remedies alone can cure everything. Fact: Some conditions need medical intervention.,650
Heat Stroke,Medical,"Fatigue, Fever, Body ache",9,"Balanced diet, Fruits, Plenty of water","Junk food, Sugary drinks",Consult a doctor,Keep the affected area clean and rest well.,Myth: Home remedies alone can cure everything. Fact: Some conditions need medical intervention.,250
Heat Stroke,Medical,"Body ache, Fatigue, Fever",8,"Balanced diet, Fruits, Plenty of water","Junk food, Sugary drinks",Consult a doctor,Keep the affected area clean and rest well.,Myth: Home remedies alone can cure everything. Fact: Some conditions need medical intervention.,250
Heat Stroke,Medical,"Body ache, Fever, Fatigue",5,"Balanced diet, Fruits, Plenty of water","Junk food, Sugary drinks",Consult a doctor,Keep the affected area clean and rest well.,Myth: Home remedies alone can cure everything. Fact: Some conditions need medical intervention.,250
Heat Stroke,Medical,"Fever, Body ache, Fatigue",3,"Balanced diet, Fruits, Plenty of water","Junk food, Sugary drinks",Consult a doctor,Keep the affected area clean and rest well.,Myth: Home remedies alone can cure everything. Fact: Some conditions need medical intervention.,250
Heat Stroke,Medical,"Fatigue, Body ache, Fever",8,"Balanced diet, Fruits, Plenty of water","Junk food, Sugary drinks",Consult a doctor,Keep the affected area clean and rest well.,Myth: Home remedies alone can cure everything. Fact: Some conditions need medical intervention.,250
Heat Stroke,Medical,"Body ache, Fatigue, Fever",4,"Balanced diet, Fruits, Plenty of water","Junk food, Sugary drinks",Consult a doctor,Keep the affected area clean and rest well.,Myth: Home remedies alone can cure everything. Fact: Some conditions need medical intervention.,650
Heat Stroke,Medical,"Body ache, Fatigue, Fever",3,"Balanced diet, Fruits, Plenty of water","Junk food, Sugary drinks",Consult a doctor,Keep the affected area clean and rest well.,Myth: Home remedies alone can cure everything. Fact: Some conditions need medical intervention.,500
Heat Stroke,Medical,"Fatigue, Fever, Body ache",3,"Balanced diet, Fruits, Plenty of water","Junk food, Sugary drinks",Consult a doctor,Keep the affected area clean and rest well.,Myth: Home remedies alone can cure everything. Fact: Some conditions need medical intervention.,650
Heat Stroke,Medical,"Body ache, Fever, Fatigue",6,"Balanced diet, Fruits, Plenty of water","Junk food, Sugary drinks",Consult a doctor,Keep the affected area clean and rest well.,Myth: Home remedies alone can cure everything. Fact: Some conditions need medical intervention.,250
Heat Stroke,Medical,"Body ache, Fatigue, Fever",4,"Balanced diet, Fruits, Plenty of water","Junk food, Sugary drinks",Consult a doctor,Keep the affected area clean and rest well.,Myth: Home remedies alone can cure everything. Fact: Some conditions need medical intervention.,250
Heat Stroke,Medical,"Fatigue, Fever, Body ache",6,"Balanced diet, Fruits, Plenty of water","Junk food, Sugary drinks",Consult a doctor,Keep the affected area clean and rest well.,Myth: Home remedies alone can cure everything. Fact: Some conditions need medical intervention.,500
Heat Stroke,Medical,"Fever, Body ache, Fatigue",7,"Balanced diet, Fruits, Plenty of water","Junk food, Sugary drinks",Consult a doctor,Keep the affected area clean and rest well.,Myth: Home remedies alone can cure everything. Fact: Some conditions need medical intervention.,650
Heat Stroke,Medical,"Fatigue, Fever, Body ache",3,"Balanced diet, Fruits, Plenty of water","Junk food, Sugary drinks",Consult a doctor,Keep the affected area clean and rest well.,Myth: Home remedies alone can cure everything. Fact: Some conditions need medical intervention.,500
Heat Stroke,Medical,"Fatigue, Body ache, Fever",8,"Balanced diet, Fruits, Plenty of water","Junk food, Sugary drinks",Consult a doctor,Keep the affected area clean and rest well.,Myth: Home remedies alone can cure everything. Fact: Some conditions need medical intervention.,250
Chickenpox,Medical,"Intense itching, Fluid-filled blisters, Loss of appetite",8,"Balanced diet, Fruits, Plenty of water","Junk food, Sugary drinks",Consult a doctor,Keep the affected area clean and rest well.,Myth: Home remedies alone can cure everything. Fact: Some conditions need medical intervention.,250
Chickenpox,Medical,"Fever, Loss of appetite, Intense itching",3,"Balanced diet, Fruits, Plenty of water","Junk food, Sugary drinks",Consult a doctor,Keep the affected area clean and rest well.,Myth: Home remedies alone can cure everything. Fact: Some conditions need medical intervention.,650
Chickenpox,Medical,"Fever, Loss of appetite, Fluid-filled blisters",3,"Balanced diet, Fruits, Plenty of water","Junk food, Sugary drinks",Consult a doctor,Keep the affected area clean and rest well.,Myth: Home remedies alone can cure everything. Fact: Some conditions need medical intervention.,250
Chickenpox,Medical,"Loss of appetite, Fluid-filled blisters, Intense itching, Fever",3,"Balanced diet, Fruits, Plenty of water","Junk food, Sugary drinks",Consult a doctor,Keep the affected area clean and rest well.,Myth: Home remedies alone can cure everything. Fact: Some conditions need medical intervention.,250
Chickenpox,Medical,"Fluid-filled blisters, Loss of appetite, Fever",8,"Balanced diet, Fruits, Plenty of water","Junk food, Sugary drinks",Consult a doctor,Keep the affected area clean and rest well.,Myth: Home remedies alone can cure everything. Fact: Some conditions need medical intervention.,650
Chickenpox,Medical,"Fever, Fluid-filled blisters, Loss of appetite",7,"Balanced diet, Fruits, Plenty of water","Junk food, Sugary drinks",Consult a doctor,Keep the affected area clean and rest well.,Myth: Home remedies alone can cure everything. Fact: Some conditions need medical intervention.,650
Chickenpox,Medical,"Fluid-filled blisters, Fever, Intense itching, Loss of appetite",6,"Balanced diet, Fruits, Plenty of water","Junk food, Sugary drinks",Consult a doctor,Keep the affected area clean and rest well.,Myth: Home remedies alone can cure everything. Fact: Some conditions need medical intervention.,650
Chickenpox,Medical,"Fever, Intense itching, Loss of appetite",6,"Balanced diet, Fruits, Plenty of water","Junk food, Sugary drinks",Consult a doctor,Keep the affected area clean and rest well.,Myth: Home remedies alone can cure everything. Fact: Some conditions need medical intervention.,500
Chickenpox,Medical,"Intense itching, Fever, Fluid-filled blisters, Loss of appetite",3,"Balanced diet, Fruits, Plenty of water","Junk food, Sugary drinks",Consult a doctor,Keep the affected area clean and rest well.,Myth: Home remedies alone can cure everything. Fact: Some conditions need medical intervention.,650
Chickenpox,Medical,"Loss of appetite, Fever, Fluid-filled blisters",5,"Balanced diet, Fruits, Plenty of water","Junk food, Sugary drinks",Consult a doctor,Keep the affected area clean and rest well.,Myth: Home remedies alone can cure everything. Fact: Some conditions need medical intervention.,250
Chickenpox,Medical,"Loss of appetite, Intense itching, Fever",9,"Balanced diet, Fruits, Plenty of water","Junk food, Sugary drinks",Consult a doctor,Keep the affected area clean and rest well.,Myth: Home remedies alone can cure everything. Fact: Some conditions need medical intervention.,250
Chickenpox,Medical,"Loss of appetite, Fever, Intense itching, Fluid-filled blisters",5,"Balanced diet, Fruits, Plenty of water","Junk food, Sugary drinks",Consult a doctor,Keep the affected area clean and rest well.,Myth: Home remedies alone can cure everything. Fact: Some conditions need medical intervention.,650
Chickenpox,Medical,"Intense itching, Fever, Loss of appetite, Fluid-filled blisters",6,"Balanced diet, Fruits, Plenty of water","Junk food, Sugary drinks",Consult a doctor,Keep the affected area clean and rest well.,Myth: Home remedies alone can cure everything. Fact: Some conditions need medical intervention.,500
Chickenpox,Medical,"Fever, Loss of appetite, Intense itching, Fluid-filled blisters",9,"Balanced diet, Fruits, Plenty of water","Junk food, Sugary drinks",Consult a doctor,Keep the affected area clean and rest well.,Myth: Home remedies alone can cure everything. Fact: Some conditions need medical intervention.,500
Chickenpox,Medical,"Fever, Intense itching, Fluid-filled blisters, Loss of appetite",9,"Balanced diet, Fruits, Plenty of water","Junk food, Sugary drinks",Consult a doctor,Keep the affected area clean and rest well.,Myth: Home remedies alone can cure everything. Fact: Some conditions need medical intervention.,500
Chickenpox,Medical,"Fever, Fluid-filled blisters, Loss of appetite",9,"Balanced diet, Fruits, Plenty of water","Junk food, Sugary drinks",Consult a doctor,Keep the affected area clean and rest well.,Myth: Home remedies alone can cure everything. Fact: Some conditions need medical intervention.,250
Chickenpox,Medical,"Fluid-filled blisters, Fever, Loss of appetite",5,"Balanced diet, Fruits, Plenty of water","Junk food, Sugary drinks",Consult a doctor,Keep the affected area clean and rest well.,Myth: Home remedies alone can cure everything. Fact: Some conditions need medical intervention.,250
Chickenpox,Medical,"Fever, Loss of appetite, Intense itching",9,"Balanced diet, Fruits, Plenty of water","Junk food, Sugary drinks",Consult a doctor,Keep the affected area clean and rest well.,Myth: Home remedies alone can cure everything. Fact: Some conditions need medical intervention.,650
Chickenpox,Medical,"Fever, Fluid-filled blisters, Loss of appetite",5,"Balanced diet, Fruits, Plenty of water","Junk food, Sugary drinks",Consult a doctor,Keep the affected area clean and rest well.,Myth: Home remedies alone can cure everything. Fact: Some conditions need medical intervention.,650
Chickenpox,Medical,"Fluid-filled blisters, Loss of appetite, Intense itching, Fever",7,"Balanced diet, Fruits, Plenty of water","Junk food, Sugary drinks",Consult a doctor,Keep the affected area clean and rest well.,Myth: Home remedies alone can cure everything. Fact: Some conditions need medical intervention.,500
Chickenpox,Medical,"Intense itching, Loss of appetite, Fever, Fluid-filled blisters",5,"Balanced diet, Fruits, Plenty of water","Junk food, Sugary drinks",Consult a doctor,Keep the affected area clean and rest well.,Myth: Home remedies alone can cure everything. Fact: Some conditions need medical intervention.,500
Chickenpox,Medical,"Fluid-filled blisters, Loss of appetite, Fever",3,"Balanced diet, Fruits, Plenty of water","Junk food, Sugary drinks",Consult a doctor,Keep the affected area clean and rest well.,Myth: Home remedies alone can cure everything. Fact: Some conditions need medical intervention.,250
Chickenpox,Medical,"Loss of appetite, Fluid-filled blisters, Intense itching",4,"Balanced diet, Fruits, Plenty of water","Junk food, Sugary drinks",Consult a doctor,Keep the affected area clean and rest well.,Myth: Home remedies alone can cure everything. Fact: Some conditions need medical intervention.,500
Chickenpox,Medical,"Fluid-filled blisters, Fever, Loss of appetite, Intense itching",9,"Balanced diet, Fruits, Plenty of water","Junk food, Sugary drinks",Consult a doctor,Keep the affected area clean and rest well.,Myth: Home remedies alone can cure everything. Fact: Some conditions need medical intervention.,250
Chickenpox,Medical,"Fever, Intense itching, Loss of appetite, Fluid-filled blisters",7,"Balanced diet, Fruits, Plenty of water","Junk food, Sugary drinks",Consult a doctor,Keep the affected area clean and rest well.,Myth: Home remedies alone can cure everything. Fact: Some conditions need medical intervention.,500
Chickenpox,Medical,"Intense itching, Loss of appetite, Fever, Fluid-filled blisters",5,"Balanced diet, Fruits, Plenty of water","Junk food, Sugary drinks",Consult a doctor,Keep the affected area clean and rest well.,Myth: Home remedies alone can cure everything. Fact: Some conditions need medical intervention.,250
Chickenpox,Medical,"Intense itching, Fever, Loss of appetite",5,"Balanced diet, Fruits, Plenty of water","Junk food, Sugary drinks",Consult a doctor,Keep the affected area clean and rest well.,Myth: Home remedies alone can cure everything. Fact: Some conditions need medical intervention.,500
Chickenpox,Medical,"Intense itching, Fever, Fluid-filled blisters, Loss of appetite",6,"Balanced diet, Fruits, Plenty of water","Junk food, Sugary drinks",Consult a doctor,Keep the affected area clean and rest well.,Myth: Home remedies alone can cure everything. Fact: Some conditions need medical intervention.,250
Chickenpox,Medical,"Intense itching, Loss of appetite, Fever",7,"Balanced diet, Fruits, Plenty of water","Junk food, Sugary drinks",Consult a doctor,Keep the affected area clean and rest well.,Myth: Home remedies alone can cure everything. Fact: Some conditions need medical intervention.,650
Chickenpox,Medical,"Fluid-filled blisters, Intense itching, Fever, Loss of appetite",4,"Balanced diet, Fruits, Plenty of water","Junk food, Sugary drinks",Consult a doctor,Keep the affected area clean and rest well.,Myth: Home remedies alone can cure everything. Fact: Some conditions need medical intervention.,650
Chickenpox,Medical,"Loss of appetite, Fever, Intense itching",4,"Balanced diet, Fruits, Plenty of water","Junk food, Sugary drinks",Consult a doctor,Keep the affected area clean and rest well.,Myth: Home remedies alone can cure everything. Fact: Some conditions need medical intervention.,650
Chickenpox,Medical,"Fever, Loss of appetite, Fluid-filled blisters, Intense itching",4,"Balanced diet, Fruits, Plenty of water","Junk food, Sugary drinks",Consult a doctor,Keep the affected area clean and rest well.,Myth: Home remedies alone can cure everything. Fact: Some conditions need medical intervention.,250
Chickenpox,Medical,"Fever, Fluid-filled blisters, Loss of appetite",9,"Balanced diet, Fruits, Plenty of water","Junk food, Sugary drinks",Consult a doctor,Keep the affected area clean and rest well.,Myth: Home remedies alone can cure everything. Fact: Some conditions need medical intervention.,250
Chickenpox,Medical,"Intense itching, Fluid-filled blisters, Fever",3,"Balanced diet, Fruits, Plenty of water","Junk food, Sugary drinks",Consult a doctor,Keep the affected area clean and rest well.,Myth: Home remedies alone can cure everything. Fact: Some conditions need medical intervention.,500
Chickenpox,Medical,"Fever, Intense itching, Fluid-filled blisters, Loss of appetite",7,"Balanced diet, Fruits, Plenty of water","Junk food, Sugary drinks",Consult a doctor,Keep the affected area clean and rest well.,Myth: Home remedies alone can cure everything. Fact: Some conditions need medical intervention.,250
Chickenpox,Medical,"Fever, Loss of appetite, Intense itching, Fluid-filled blisters",6,"Balanced diet, Fruits, Plenty of water","Junk food, Sugary drinks",Consult a doctor,Keep the affected area clean and rest well.,Myth: Home remedies alone can cure everything. Fact: Some conditions need medical intervention.,500
Chickenpox,Medical,"Intense itching, Fever, Fluid-filled blisters",9,"Balanced diet, Fruits, Plenty of water","Junk food, Sugary drinks",Consult a doctor,Keep the affected area clean and rest well.,Myth: Home remedies alone can cure everything. Fact: Some conditions need medical intervention.,500
Chickenpox,Medical,"Intense itching, Fever, Fluid-filled blisters, Loss of appetite",7,"Balanced diet, Fruits, Plenty of water","Junk food, Sugary drinks",Consult a doctor,Keep the affected area clean and rest well.,Myth: Home remedies alone can cure everything. Fact: Some conditions need medical intervention.,500
Asthma,Medical,"Nighttime cough, Difficulty breathing, Chest tightness, Wheezing sounds",8,"Fruits rich in Vitamin C, Ginger, Garlic","Processed foods, Sulfites (dried fruits), Cold drinks",Inhalers (Salbutamol),Keep your rescue inhaler with you at all times.,Myth: Asthma is purely psychological. Fact: It is a physical inflammation of the airways.,500
Chickenpox,Medical,"Fever, Intense itching, Fluid-filled blisters, Loss of appetite",8,"Balanced diet, Fruits, Plenty of water","Junk food, Sugary drinks",Consult a doctor,Keep the affected area clean and rest well.,Myth: Home remedies alone can cure everything. Fact: Some conditions need medical intervention.,650
Influenza,Medical,"High fever, Dry cough, Chills, Severe body ache",7,"Balanced diet, Fruits, Plenty of water","Junk food, Sugary drinks",Consult a doctor,Keep the affected area clean and rest well.,Myth: Home remedies alone can cure everything. Fact: Some conditions need medical intervention.,250
Allergic Rhinitis,Medical,"Fatigue, Fever, Body ache",7,"Balanced diet, Fruits, Plenty of water","Junk food, Sugary drinks",Consult a doctor,Keep the affected area clean and rest well.,Myth: Home remedies alone can cure everything. Fact: Some conditions need medical intervention.,250
Fungal Infection,Medical,"Fever, Fatigue, Body ache",3,"Balanced diet, Fruits, Plenty of water","Junk food, Sugary drinks",Consult a doctor,Keep the affected area clean and rest well.,Myth: Home remedies alone can cure everything. Fact: Some conditions need medical intervention.,650
Allergic Rhinitis,Medical,"Fatigue, Body ache, Fever",4,"Balanced diet, Fruits, Plenty of water","Junk food, Sugary drinks",Consult a doctor,Keep the affected area clean and rest well.,Myth: Home remedies alone can cure everything. Fact: Some conditions need medical intervention.,650
Malaria,Medical,"Fatigue, Shivering chills, Profuse sweating",3,"Fresh fruit juices, Boiled rice, Lentils","Cold foods, Oily food, Curd/Yogurt during fever",Antimalarials (Prescription required),Always complete the full course of antimalarial medication.,Myth: You can't get malaria twice. Fact: You can be reinfected multiple times.,500
Heat Rash,Medical,"Fever, Fatigue, Body ache",9,"Balanced diet, Fruits, Plenty of water","Junk food, Sugary drinks",Consult a doctor,Keep the affected area clean and rest well.,Myth: Home remedies alone can cure everything. Fact: Some conditions need medical intervention.,500
Acne,Medical,"Oily skin, Pimples, Whiteheads, Blackheads",6,"Balanced diet, Fruits, Plenty of water","Junk food, Sugary drinks",Consult a doctor,Keep the affected area clean and rest well.,Myth: Home remedies alone can cure everything. Fact: Some conditions need medical intervention.,650
Diarrhea,Medical,"Fever, Fatigue, Body ache",7,"Balanced diet, Fruits, Plenty of water","Junk food, Sugary drinks",Consult a doctor,Keep the affected area clean and rest well.,Myth: Home remedies alone can cure everything. Fact: Some conditions need medical intervention.,650
Amoebiasis,Medical,"Body ache, Fever, Fatigue",6,"Balanced diet, Fruits, Plenty of water","Junk food, Sugary drinks",Consult a doctor,Keep the affected area clean and rest well.,Myth: Home remedies alone can cure everything. Fact: Some conditions need medical intervention.,250
Gastritis,Medical,"Fever, Body ache, Fatigue",3,"Balanced diet, Fruits, Plenty of water","Junk food, Sugary drinks",Consult a doctor,Keep the affected area clean and rest well.,Myth: Home remedies alone can cure everything. Fact: Some conditions need medical intervention.,500
Gastroenteritis,Infectious,"Nausea, Vomiting, Watery diarrhea, Abdominal cramps, Low fever",5,"Bananas, Rice, Applesauce, Toast (BRAT diet), Clear broths","Dairy products, Caffeine, Alcohol, Nicotine, Highly seasoned foods",Metronidazole (Prescription required),ip small amounts of water or oral rehydration solutions (ORS) constantly to avoid dehydration.,Myth: Starving yourself cures stomach flu. Fact: You need electrolytes and small amounts of simple starches to heal.,500
Pneumonia,Infectious,"cough with phlegm, chest pain, rapid breathing, shortness of breath",8,vegetables,meat,Azithromycin (Zithromax),Rest well and drink plenty of warm fluids.,You can catch pneumonia from cold weather. Fact: It is caused by bacterial/viral infections,250
